[2026-01-01T01:20:50.919+0000] {processor.py:161} INFO - Started process (PID=1252) to work on /opt/airflow/dags/Copy_smoke_pipeline.py
[2026-01-01T01:20:50.921+0000] {processor.py:830} INFO - Processing file /opt/airflow/dags/Copy_smoke_pipeline.py for tasks to queue
[2026-01-01T01:20:50.923+0000] {logging_mixin.py:188} INFO - [2026-01-01T01:20:50.922+0000] {dagbag.py:545} INFO - Filling up the DagBag from /opt/airflow/dags/Copy_smoke_pipeline.py
[2026-01-01T01:20:51.052+0000] {processor.py:840} INFO - DAG(s) 'scrape_smoke_test' retrieved from /opt/airflow/dags/Copy_smoke_pipeline.py
[2026-01-01T01:21:14.008+0000] {logging_mixin.py:188} INFO - [2026-01-01T01:21:14.007+0000] {dag.py:3089} INFO - Sync 1 DAGs
[2026-01-01T01:21:14.023+0000] {logging_mixin.py:188} INFO - [2026-01-01T01:21:14.023+0000] {dag.py:3947} INFO - Setting next_dagrun for scrape_smoke_test to None, run_after=None
[2026-01-01T01:21:14.525+0000] {processor.py:183} INFO - Processing /opt/airflow/dags/Copy_smoke_pipeline.py took 23.619 seconds
[2026-01-01T01:21:44.872+0000] {processor.py:161} INFO - Started process (PID=1267) to work on /opt/airflow/dags/Copy_smoke_pipeline.py
[2026-01-01T01:21:44.874+0000] {processor.py:830} INFO - Processing file /opt/airflow/dags/Copy_smoke_pipeline.py for tasks to queue
[2026-01-01T01:21:44.876+0000] {logging_mixin.py:188} INFO - [2026-01-01T01:21:44.875+0000] {dagbag.py:545} INFO - Filling up the DagBag from /opt/airflow/dags/Copy_smoke_pipeline.py
[2026-01-01T01:21:44.902+0000] {processor.py:840} INFO - DAG(s) 'scrape_smoke_test' retrieved from /opt/airflow/dags/Copy_smoke_pipeline.py
[2026-01-01T01:21:44.929+0000] {logging_mixin.py:188} INFO - [2026-01-01T01:21:44.928+0000] {dag.py:3089} INFO - Sync 1 DAGs
[2026-01-01T01:21:44.947+0000] {logging_mixin.py:188} INFO - [2026-01-01T01:21:44.946+0000] {dag.py:3947} INFO - Setting next_dagrun for scrape_smoke_test to None, run_after=None
[2026-01-01T01:21:44.974+0000] {processor.py:183} INFO - Processing /opt/airflow/dags/Copy_smoke_pipeline.py took 0.109 seconds
[2026-01-01T01:22:15.343+0000] {processor.py:161} INFO - Started process (PID=1277) to work on /opt/airflow/dags/Copy_smoke_pipeline.py
[2026-01-01T01:22:15.347+0000] {processor.py:830} INFO - Processing file /opt/airflow/dags/Copy_smoke_pipeline.py for tasks to queue
[2026-01-01T01:22:15.349+0000] {logging_mixin.py:188} INFO - [2026-01-01T01:22:15.348+0000] {dagbag.py:545} INFO - Filling up the DagBag from /opt/airflow/dags/Copy_smoke_pipeline.py
[2026-01-01T01:22:15.386+0000] {processor.py:840} INFO - DAG(s) 'scrape_smoke_test' retrieved from /opt/airflow/dags/Copy_smoke_pipeline.py
[2026-01-01T01:22:15.675+0000] {logging_mixin.py:188} INFO - [2026-01-01T01:22:15.674+0000] {dag.py:3089} INFO - Sync 1 DAGs
[2026-01-01T01:22:15.698+0000] {logging_mixin.py:188} INFO - [2026-01-01T01:22:15.697+0000] {dag.py:3947} INFO - Setting next_dagrun for scrape_smoke_test to None, run_after=None
[2026-01-01T01:22:15.822+0000] {processor.py:183} INFO - Processing /opt/airflow/dags/Copy_smoke_pipeline.py took 0.493 seconds
[2026-01-01T01:22:45.957+0000] {processor.py:161} INFO - Started process (PID=1287) to work on /opt/airflow/dags/Copy_smoke_pipeline.py
[2026-01-01T01:22:45.959+0000] {processor.py:830} INFO - Processing file /opt/airflow/dags/Copy_smoke_pipeline.py for tasks to queue
[2026-01-01T01:22:45.962+0000] {logging_mixin.py:188} INFO - [2026-01-01T01:22:45.961+0000] {dagbag.py:545} INFO - Filling up the DagBag from /opt/airflow/dags/Copy_smoke_pipeline.py
[2026-01-01T01:22:45.992+0000] {processor.py:840} INFO - DAG(s) 'scrape_smoke_test' retrieved from /opt/airflow/dags/Copy_smoke_pipeline.py
[2026-01-01T01:22:46.040+0000] {logging_mixin.py:188} INFO - [2026-01-01T01:22:46.039+0000] {dag.py:3089} INFO - Sync 1 DAGs
[2026-01-01T01:22:46.055+0000] {logging_mixin.py:188} INFO - [2026-01-01T01:22:46.054+0000] {dag.py:3947} INFO - Setting next_dagrun for scrape_smoke_test to None, run_after=None
[2026-01-01T01:22:46.079+0000] {processor.py:183} INFO - Processing /opt/airflow/dags/Copy_smoke_pipeline.py took 0.136 seconds
[2026-01-01T01:23:16.352+0000] {processor.py:161} INFO - Started process (PID=1297) to work on /opt/airflow/dags/Copy_smoke_pipeline.py
[2026-01-01T01:23:16.354+0000] {processor.py:830} INFO - Processing file /opt/airflow/dags/Copy_smoke_pipeline.py for tasks to queue
[2026-01-01T01:23:16.355+0000] {logging_mixin.py:188} INFO - [2026-01-01T01:23:16.355+0000] {dagbag.py:545} INFO - Filling up the DagBag from /opt/airflow/dags/Copy_smoke_pipeline.py
[2026-01-01T01:23:16.384+0000] {processor.py:840} INFO - DAG(s) 'scrape_smoke_test' retrieved from /opt/airflow/dags/Copy_smoke_pipeline.py
[2026-01-01T01:23:16.408+0000] {logging_mixin.py:188} INFO - [2026-01-01T01:23:16.407+0000] {dag.py:3089} INFO - Sync 1 DAGs
[2026-01-01T01:23:16.423+0000] {logging_mixin.py:188} INFO - [2026-01-01T01:23:16.423+0000] {dag.py:3947} INFO - Setting next_dagrun for scrape_smoke_test to None, run_after=None
[2026-01-01T01:23:16.679+0000] {processor.py:183} INFO - Processing /opt/airflow/dags/Copy_smoke_pipeline.py took 0.337 seconds
[2026-01-01T01:23:47.107+0000] {processor.py:161} INFO - Started process (PID=1307) to work on /opt/airflow/dags/Copy_smoke_pipeline.py
[2026-01-01T01:23:47.109+0000] {processor.py:830} INFO - Processing file /opt/airflow/dags/Copy_smoke_pipeline.py for tasks to queue
[2026-01-01T01:23:47.111+0000] {logging_mixin.py:188} INFO - [2026-01-01T01:23:47.110+0000] {dagbag.py:545} INFO - Filling up the DagBag from /opt/airflow/dags/Copy_smoke_pipeline.py
[2026-01-01T01:23:47.144+0000] {processor.py:840} INFO - DAG(s) 'scrape_smoke_test' retrieved from /opt/airflow/dags/Copy_smoke_pipeline.py
[2026-01-01T01:23:47.328+0000] {logging_mixin.py:188} INFO - [2026-01-01T01:23:47.328+0000] {dag.py:3089} INFO - Sync 1 DAGs
[2026-01-01T01:23:47.341+0000] {logging_mixin.py:188} INFO - [2026-01-01T01:23:47.341+0000] {dag.py:3947} INFO - Setting next_dagrun for scrape_smoke_test to None, run_after=None
[2026-01-01T01:23:47.367+0000] {processor.py:183} INFO - Processing /opt/airflow/dags/Copy_smoke_pipeline.py took 0.276 seconds
[2026-01-01T01:24:17.706+0000] {processor.py:161} INFO - Started process (PID=1317) to work on /opt/airflow/dags/Copy_smoke_pipeline.py
[2026-01-01T01:24:17.973+0000] {processor.py:830} INFO - Processing file /opt/airflow/dags/Copy_smoke_pipeline.py for tasks to queue
[2026-01-01T01:24:17.974+0000] {logging_mixin.py:188} INFO - [2026-01-01T01:24:17.974+0000] {dagbag.py:545} INFO - Filling up the DagBag from /opt/airflow/dags/Copy_smoke_pipeline.py
[2026-01-01T01:24:18.025+0000] {processor.py:840} INFO - DAG(s) 'scrape_smoke_test' retrieved from /opt/airflow/dags/Copy_smoke_pipeline.py
[2026-01-01T01:24:18.432+0000] {logging_mixin.py:188} INFO - [2026-01-01T01:24:18.431+0000] {dag.py:3089} INFO - Sync 1 DAGs
[2026-01-01T01:24:18.619+0000] {logging_mixin.py:188} INFO - [2026-01-01T01:24:18.619+0000] {dag.py:3947} INFO - Setting next_dagrun for scrape_smoke_test to None, run_after=None
[2026-01-01T01:24:18.672+0000] {processor.py:183} INFO - Processing /opt/airflow/dags/Copy_smoke_pipeline.py took 0.987 seconds
[2026-01-01T01:24:49.715+0000] {processor.py:161} INFO - Started process (PID=1327) to work on /opt/airflow/dags/Copy_smoke_pipeline.py
[2026-01-01T01:24:49.717+0000] {processor.py:830} INFO - Processing file /opt/airflow/dags/Copy_smoke_pipeline.py for tasks to queue
[2026-01-01T01:24:49.718+0000] {logging_mixin.py:188} INFO - [2026-01-01T01:24:49.718+0000] {dagbag.py:545} INFO - Filling up the DagBag from /opt/airflow/dags/Copy_smoke_pipeline.py
[2026-01-01T01:24:49.748+0000] {processor.py:840} INFO - DAG(s) 'scrape_smoke_test' retrieved from /opt/airflow/dags/Copy_smoke_pipeline.py
[2026-01-01T01:24:49.777+0000] {logging_mixin.py:188} INFO - [2026-01-01T01:24:49.776+0000] {dag.py:3089} INFO - Sync 1 DAGs
[2026-01-01T01:24:49.795+0000] {logging_mixin.py:188} INFO - [2026-01-01T01:24:49.794+0000] {dag.py:3947} INFO - Setting next_dagrun for scrape_smoke_test to None, run_after=None
[2026-01-01T01:24:49.839+0000] {processor.py:183} INFO - Processing /opt/airflow/dags/Copy_smoke_pipeline.py took 0.132 seconds
[2026-01-01T01:25:20.208+0000] {processor.py:161} INFO - Started process (PID=1337) to work on /opt/airflow/dags/Copy_smoke_pipeline.py
[2026-01-01T01:25:20.210+0000] {processor.py:830} INFO - Processing file /opt/airflow/dags/Copy_smoke_pipeline.py for tasks to queue
[2026-01-01T01:25:20.213+0000] {logging_mixin.py:188} INFO - [2026-01-01T01:25:20.212+0000] {dagbag.py:545} INFO - Filling up the DagBag from /opt/airflow/dags/Copy_smoke_pipeline.py
[2026-01-01T01:25:20.249+0000] {processor.py:840} INFO - DAG(s) 'scrape_smoke_test' retrieved from /opt/airflow/dags/Copy_smoke_pipeline.py
[2026-01-01T01:25:20.559+0000] {logging_mixin.py:188} INFO - [2026-01-01T01:25:20.558+0000] {dag.py:3089} INFO - Sync 1 DAGs
[2026-01-01T01:25:20.582+0000] {logging_mixin.py:188} INFO - [2026-01-01T01:25:20.582+0000] {dag.py:3947} INFO - Setting next_dagrun for scrape_smoke_test to None, run_after=None
[2026-01-01T01:25:20.683+0000] {processor.py:183} INFO - Processing /opt/airflow/dags/Copy_smoke_pipeline.py took 0.490 seconds
[2026-01-01T01:25:50.761+0000] {processor.py:161} INFO - Started process (PID=1347) to work on /opt/airflow/dags/Copy_smoke_pipeline.py
[2026-01-01T01:25:50.762+0000] {processor.py:830} INFO - Processing file /opt/airflow/dags/Copy_smoke_pipeline.py for tasks to queue
[2026-01-01T01:25:50.765+0000] {logging_mixin.py:188} INFO - [2026-01-01T01:25:50.764+0000] {dagbag.py:545} INFO - Filling up the DagBag from /opt/airflow/dags/Copy_smoke_pipeline.py
[2026-01-01T01:25:50.794+0000] {processor.py:840} INFO - DAG(s) 'scrape_smoke_test' retrieved from /opt/airflow/dags/Copy_smoke_pipeline.py
[2026-01-01T01:25:50.848+0000] {logging_mixin.py:188} INFO - [2026-01-01T01:25:50.847+0000] {dag.py:3089} INFO - Sync 1 DAGs
[2026-01-01T01:25:50.885+0000] {logging_mixin.py:188} INFO - [2026-01-01T01:25:50.884+0000] {dag.py:3947} INFO - Setting next_dagrun for scrape_smoke_test to None, run_after=None
[2026-01-01T01:25:50.940+0000] {processor.py:183} INFO - Processing /opt/airflow/dags/Copy_smoke_pipeline.py took 0.189 seconds
[2026-01-01T01:26:12.844+0000] {processor.py:161} INFO - Started process (PID=1352) to work on /opt/airflow/dags/Copy_smoke_pipeline.py
[2026-01-01T01:26:12.846+0000] {processor.py:830} INFO - Processing file /opt/airflow/dags/Copy_smoke_pipeline.py for tasks to queue
[2026-01-01T01:26:12.849+0000] {logging_mixin.py:188} INFO - [2026-01-01T01:26:12.848+0000] {dagbag.py:545} INFO - Filling up the DagBag from /opt/airflow/dags/Copy_smoke_pipeline.py
[2026-01-01T01:26:12.945+0000] {processor.py:840} INFO - DAG(s) 'scrape_smoke_test' retrieved from /opt/airflow/dags/Copy_smoke_pipeline.py
[2026-01-01T01:26:13.278+0000] {logging_mixin.py:188} INFO - [2026-01-01T01:26:13.277+0000] {dag.py:3089} INFO - Sync 1 DAGs
[2026-01-01T01:26:13.301+0000] {logging_mixin.py:188} INFO - [2026-01-01T01:26:13.301+0000] {dag.py:3947} INFO - Setting next_dagrun for scrape_smoke_test to None, run_after=None
[2026-01-01T01:26:14.138+0000] {processor.py:183} INFO - Processing /opt/airflow/dags/Copy_smoke_pipeline.py took 1.314 seconds
[2026-01-01T01:26:18.433+0000] {processor.py:161} INFO - Started process (PID=1357) to work on /opt/airflow/dags/Copy_smoke_pipeline.py
[2026-01-01T01:26:18.435+0000] {processor.py:830} INFO - Processing file /opt/airflow/dags/Copy_smoke_pipeline.py for tasks to queue
[2026-01-01T01:26:18.436+0000] {logging_mixin.py:188} INFO - [2026-01-01T01:26:18.436+0000] {dagbag.py:545} INFO - Filling up the DagBag from /opt/airflow/dags/Copy_smoke_pipeline.py
[2026-01-01T01:26:18.471+0000] {processor.py:840} INFO - DAG(s) 'copy_smoke_test' retrieved from /opt/airflow/dags/Copy_smoke_pipeline.py
[2026-01-01T01:26:23.747+0000] {logging_mixin.py:188} INFO - [2026-01-01T01:26:23.746+0000] {override.py:1858} INFO - Created Permission View: can read on DAG:copy_smoke_test
[2026-01-01T01:26:23.759+0000] {logging_mixin.py:188} INFO - [2026-01-01T01:26:23.758+0000] {override.py:1858} INFO - Created Permission View: can edit on DAG:copy_smoke_test
[2026-01-01T01:26:23.769+0000] {logging_mixin.py:188} INFO - [2026-01-01T01:26:23.769+0000] {override.py:1858} INFO - Created Permission View: can delete on DAG:copy_smoke_test
[2026-01-01T01:26:23.770+0000] {logging_mixin.py:188} INFO - [2026-01-01T01:26:23.770+0000] {dag.py:3089} INFO - Sync 1 DAGs
[2026-01-01T01:26:23.784+0000] {logging_mixin.py:188} INFO - [2026-01-01T01:26:23.783+0000] {dag.py:3111} INFO - Creating ORM DAG for copy_smoke_test
[2026-01-01T01:26:23.786+0000] {logging_mixin.py:188} INFO - [2026-01-01T01:26:23.785+0000] {dag.py:3947} INFO - Setting next_dagrun for copy_smoke_test to None, run_after=None
[2026-01-01T01:26:24.761+0000] {processor.py:183} INFO - Processing /opt/airflow/dags/Copy_smoke_pipeline.py took 6.339 seconds
[2026-01-01T01:26:54.834+0000] {processor.py:161} INFO - Started process (PID=1372) to work on /opt/airflow/dags/Copy_smoke_pipeline.py
[2026-01-01T01:26:54.836+0000] {processor.py:830} INFO - Processing file /opt/airflow/dags/Copy_smoke_pipeline.py for tasks to queue
[2026-01-01T01:26:54.839+0000] {logging_mixin.py:188} INFO - [2026-01-01T01:26:54.838+0000] {dagbag.py:545} INFO - Filling up the DagBag from /opt/airflow/dags/Copy_smoke_pipeline.py
[2026-01-01T01:26:54.874+0000] {processor.py:840} INFO - DAG(s) 'copy_smoke_test' retrieved from /opt/airflow/dags/Copy_smoke_pipeline.py
[2026-01-01T01:26:54.929+0000] {logging_mixin.py:188} INFO - [2026-01-01T01:26:54.928+0000] {dag.py:3089} INFO - Sync 1 DAGs
[2026-01-01T01:26:54.955+0000] {logging_mixin.py:188} INFO - [2026-01-01T01:26:54.954+0000] {dag.py:3947} INFO - Setting next_dagrun for copy_smoke_test to None, run_after=None
[2026-01-01T01:26:55.134+0000] {processor.py:183} INFO - Processing /opt/airflow/dags/Copy_smoke_pipeline.py took 0.314 seconds
[2026-01-01T01:27:25.396+0000] {processor.py:161} INFO - Started process (PID=1382) to work on /opt/airflow/dags/Copy_smoke_pipeline.py
[2026-01-01T01:27:25.398+0000] {processor.py:830} INFO - Processing file /opt/airflow/dags/Copy_smoke_pipeline.py for tasks to queue
[2026-01-01T01:27:25.400+0000] {logging_mixin.py:188} INFO - [2026-01-01T01:27:25.399+0000] {dagbag.py:545} INFO - Filling up the DagBag from /opt/airflow/dags/Copy_smoke_pipeline.py
[2026-01-01T01:27:25.444+0000] {processor.py:840} INFO - DAG(s) 'copy_smoke_test' retrieved from /opt/airflow/dags/Copy_smoke_pipeline.py
[2026-01-01T01:27:25.507+0000] {logging_mixin.py:188} INFO - [2026-01-01T01:27:25.507+0000] {dag.py:3089} INFO - Sync 1 DAGs
[2026-01-01T01:27:25.530+0000] {logging_mixin.py:188} INFO - [2026-01-01T01:27:25.530+0000] {dag.py:3947} INFO - Setting next_dagrun for copy_smoke_test to None, run_after=None
[2026-01-01T01:27:25.563+0000] {processor.py:183} INFO - Processing /opt/airflow/dags/Copy_smoke_pipeline.py took 0.178 seconds
[2026-01-01T01:27:56.043+0000] {processor.py:161} INFO - Started process (PID=1392) to work on /opt/airflow/dags/Copy_smoke_pipeline.py
[2026-01-01T01:27:56.045+0000] {processor.py:830} INFO - Processing file /opt/airflow/dags/Copy_smoke_pipeline.py for tasks to queue
[2026-01-01T01:27:56.046+0000] {logging_mixin.py:188} INFO - [2026-01-01T01:27:56.046+0000] {dagbag.py:545} INFO - Filling up the DagBag from /opt/airflow/dags/Copy_smoke_pipeline.py
[2026-01-01T01:27:56.076+0000] {processor.py:840} INFO - DAG(s) 'copy_smoke_test' retrieved from /opt/airflow/dags/Copy_smoke_pipeline.py
[2026-01-01T01:27:56.141+0000] {logging_mixin.py:188} INFO - [2026-01-01T01:27:56.141+0000] {dag.py:3089} INFO - Sync 1 DAGs
[2026-01-01T01:27:56.166+0000] {logging_mixin.py:188} INFO - [2026-01-01T01:27:56.165+0000] {dag.py:3947} INFO - Setting next_dagrun for copy_smoke_test to None, run_after=None
[2026-01-01T01:27:56.216+0000] {processor.py:183} INFO - Processing /opt/airflow/dags/Copy_smoke_pipeline.py took 0.185 seconds
[2026-01-01T01:28:26.415+0000] {processor.py:161} INFO - Started process (PID=1402) to work on /opt/airflow/dags/Copy_smoke_pipeline.py
[2026-01-01T01:28:26.417+0000] {processor.py:830} INFO - Processing file /opt/airflow/dags/Copy_smoke_pipeline.py for tasks to queue
[2026-01-01T01:28:26.419+0000] {logging_mixin.py:188} INFO - [2026-01-01T01:28:26.418+0000] {dagbag.py:545} INFO - Filling up the DagBag from /opt/airflow/dags/Copy_smoke_pipeline.py
[2026-01-01T01:28:26.451+0000] {processor.py:840} INFO - DAG(s) 'copy_smoke_test' retrieved from /opt/airflow/dags/Copy_smoke_pipeline.py
[2026-01-01T01:28:26.525+0000] {logging_mixin.py:188} INFO - [2026-01-01T01:28:26.525+0000] {dag.py:3089} INFO - Sync 1 DAGs
[2026-01-01T01:28:26.564+0000] {logging_mixin.py:188} INFO - [2026-01-01T01:28:26.563+0000] {dag.py:3947} INFO - Setting next_dagrun for copy_smoke_test to None, run_after=None
[2026-01-01T01:28:26.610+0000] {processor.py:183} INFO - Processing /opt/airflow/dags/Copy_smoke_pipeline.py took 0.210 seconds
[2026-01-01T01:28:57.015+0000] {processor.py:161} INFO - Started process (PID=1412) to work on /opt/airflow/dags/Copy_smoke_pipeline.py
[2026-01-01T01:28:57.017+0000] {processor.py:830} INFO - Processing file /opt/airflow/dags/Copy_smoke_pipeline.py for tasks to queue
[2026-01-01T01:28:57.018+0000] {logging_mixin.py:188} INFO - [2026-01-01T01:28:57.018+0000] {dagbag.py:545} INFO - Filling up the DagBag from /opt/airflow/dags/Copy_smoke_pipeline.py
[2026-01-01T01:28:57.056+0000] {processor.py:840} INFO - DAG(s) 'copy_smoke_test' retrieved from /opt/airflow/dags/Copy_smoke_pipeline.py
[2026-01-01T01:28:57.180+0000] {logging_mixin.py:188} INFO - [2026-01-01T01:28:57.180+0000] {dag.py:3089} INFO - Sync 1 DAGs
[2026-01-01T01:28:57.246+0000] {logging_mixin.py:188} INFO - [2026-01-01T01:28:57.245+0000] {dag.py:3947} INFO - Setting next_dagrun for copy_smoke_test to None, run_after=None
[2026-01-01T01:28:57.330+0000] {processor.py:183} INFO - Processing /opt/airflow/dags/Copy_smoke_pipeline.py took 0.330 seconds
[2026-01-01T01:29:27.796+0000] {processor.py:161} INFO - Started process (PID=1422) to work on /opt/airflow/dags/Copy_smoke_pipeline.py
[2026-01-01T01:29:27.797+0000] {processor.py:830} INFO - Processing file /opt/airflow/dags/Copy_smoke_pipeline.py for tasks to queue
[2026-01-01T01:29:27.799+0000] {logging_mixin.py:188} INFO - [2026-01-01T01:29:27.798+0000] {dagbag.py:545} INFO - Filling up the DagBag from /opt/airflow/dags/Copy_smoke_pipeline.py
[2026-01-01T01:29:27.827+0000] {processor.py:840} INFO - DAG(s) 'copy_smoke_test' retrieved from /opt/airflow/dags/Copy_smoke_pipeline.py
[2026-01-01T01:29:27.874+0000] {logging_mixin.py:188} INFO - [2026-01-01T01:29:27.874+0000] {dag.py:3089} INFO - Sync 1 DAGs
[2026-01-01T01:29:27.895+0000] {logging_mixin.py:188} INFO - [2026-01-01T01:29:27.894+0000] {dag.py:3947} INFO - Setting next_dagrun for copy_smoke_test to None, run_after=None
[2026-01-01T01:29:27.924+0000] {processor.py:183} INFO - Processing /opt/airflow/dags/Copy_smoke_pipeline.py took 0.136 seconds
[2026-01-01T01:29:58.311+0000] {processor.py:161} INFO - Started process (PID=1432) to work on /opt/airflow/dags/Copy_smoke_pipeline.py
[2026-01-01T01:29:58.313+0000] {processor.py:830} INFO - Processing file /opt/airflow/dags/Copy_smoke_pipeline.py for tasks to queue
[2026-01-01T01:29:58.315+0000] {logging_mixin.py:188} INFO - [2026-01-01T01:29:58.314+0000] {dagbag.py:545} INFO - Filling up the DagBag from /opt/airflow/dags/Copy_smoke_pipeline.py
[2026-01-01T01:29:58.350+0000] {processor.py:840} INFO - DAG(s) 'copy_smoke_test' retrieved from /opt/airflow/dags/Copy_smoke_pipeline.py
[2026-01-01T01:29:58.414+0000] {logging_mixin.py:188} INFO - [2026-01-01T01:29:58.414+0000] {dag.py:3089} INFO - Sync 1 DAGs
[2026-01-01T01:29:58.440+0000] {logging_mixin.py:188} INFO - [2026-01-01T01:29:58.439+0000] {dag.py:3947} INFO - Setting next_dagrun for copy_smoke_test to None, run_after=None
[2026-01-01T01:29:58.476+0000] {processor.py:183} INFO - Processing /opt/airflow/dags/Copy_smoke_pipeline.py took 0.183 seconds
[2026-01-01T01:30:28.573+0000] {processor.py:161} INFO - Started process (PID=1442) to work on /opt/airflow/dags/Copy_smoke_pipeline.py
[2026-01-01T01:30:28.574+0000] {processor.py:830} INFO - Processing file /opt/airflow/dags/Copy_smoke_pipeline.py for tasks to queue
[2026-01-01T01:30:28.576+0000] {logging_mixin.py:188} INFO - [2026-01-01T01:30:28.575+0000] {dagbag.py:545} INFO - Filling up the DagBag from /opt/airflow/dags/Copy_smoke_pipeline.py
[2026-01-01T01:30:28.602+0000] {processor.py:840} INFO - DAG(s) 'copy_smoke_test' retrieved from /opt/airflow/dags/Copy_smoke_pipeline.py
[2026-01-01T01:30:28.659+0000] {logging_mixin.py:188} INFO - [2026-01-01T01:30:28.659+0000] {dag.py:3089} INFO - Sync 1 DAGs
[2026-01-01T01:30:28.675+0000] {logging_mixin.py:188} INFO - [2026-01-01T01:30:28.675+0000] {dag.py:3947} INFO - Setting next_dagrun for copy_smoke_test to None, run_after=None
[2026-01-01T01:30:28.702+0000] {processor.py:183} INFO - Processing /opt/airflow/dags/Copy_smoke_pipeline.py took 0.139 seconds
[2026-01-01T01:30:58.989+0000] {processor.py:161} INFO - Started process (PID=1452) to work on /opt/airflow/dags/Copy_smoke_pipeline.py
[2026-01-01T01:30:58.992+0000] {processor.py:830} INFO - Processing file /opt/airflow/dags/Copy_smoke_pipeline.py for tasks to queue
[2026-01-01T01:30:58.994+0000] {logging_mixin.py:188} INFO - [2026-01-01T01:30:58.993+0000] {dagbag.py:545} INFO - Filling up the DagBag from /opt/airflow/dags/Copy_smoke_pipeline.py
[2026-01-01T01:30:59.058+0000] {processor.py:840} INFO - DAG(s) 'copy_smoke_test' retrieved from /opt/airflow/dags/Copy_smoke_pipeline.py
[2026-01-01T01:30:59.151+0000] {logging_mixin.py:188} INFO - [2026-01-01T01:30:59.151+0000] {dag.py:3089} INFO - Sync 1 DAGs
[2026-01-01T01:30:59.181+0000] {logging_mixin.py:188} INFO - [2026-01-01T01:30:59.181+0000] {dag.py:3947} INFO - Setting next_dagrun for copy_smoke_test to None, run_after=None
[2026-01-01T01:30:59.227+0000] {processor.py:183} INFO - Processing /opt/airflow/dags/Copy_smoke_pipeline.py took 0.266 seconds
[2026-01-01T01:31:29.827+0000] {processor.py:161} INFO - Started process (PID=1462) to work on /opt/airflow/dags/Copy_smoke_pipeline.py
[2026-01-01T01:31:29.829+0000] {processor.py:830} INFO - Processing file /opt/airflow/dags/Copy_smoke_pipeline.py for tasks to queue
[2026-01-01T01:31:29.838+0000] {logging_mixin.py:188} INFO - [2026-01-01T01:31:29.836+0000] {dagbag.py:545} INFO - Filling up the DagBag from /opt/airflow/dags/Copy_smoke_pipeline.py
[2026-01-01T01:31:29.924+0000] {processor.py:840} INFO - DAG(s) 'copy_smoke_test' retrieved from /opt/airflow/dags/Copy_smoke_pipeline.py
[2026-01-01T01:31:30.034+0000] {logging_mixin.py:188} INFO - [2026-01-01T01:31:30.033+0000] {dag.py:3089} INFO - Sync 1 DAGs
[2026-01-01T01:31:30.067+0000] {logging_mixin.py:188} INFO - [2026-01-01T01:31:30.066+0000] {dag.py:3947} INFO - Setting next_dagrun for copy_smoke_test to None, run_after=None
[2026-01-01T01:31:30.109+0000] {processor.py:183} INFO - Processing /opt/airflow/dags/Copy_smoke_pipeline.py took 0.298 seconds
[2026-01-01T01:32:00.348+0000] {processor.py:161} INFO - Started process (PID=1472) to work on /opt/airflow/dags/Copy_smoke_pipeline.py
[2026-01-01T01:32:00.350+0000] {processor.py:830} INFO - Processing file /opt/airflow/dags/Copy_smoke_pipeline.py for tasks to queue
[2026-01-01T01:32:00.352+0000] {logging_mixin.py:188} INFO - [2026-01-01T01:32:00.352+0000] {dagbag.py:545} INFO - Filling up the DagBag from /opt/airflow/dags/Copy_smoke_pipeline.py
[2026-01-01T01:32:00.385+0000] {processor.py:840} INFO - DAG(s) 'copy_smoke_test' retrieved from /opt/airflow/dags/Copy_smoke_pipeline.py
[2026-01-01T01:32:00.455+0000] {logging_mixin.py:188} INFO - [2026-01-01T01:32:00.454+0000] {dag.py:3089} INFO - Sync 1 DAGs
[2026-01-01T01:32:00.472+0000] {logging_mixin.py:188} INFO - [2026-01-01T01:32:00.471+0000] {dag.py:3947} INFO - Setting next_dagrun for copy_smoke_test to None, run_after=None
[2026-01-01T01:32:00.504+0000] {processor.py:183} INFO - Processing /opt/airflow/dags/Copy_smoke_pipeline.py took 0.170 seconds
[2026-01-01T01:32:30.792+0000] {processor.py:161} INFO - Started process (PID=1482) to work on /opt/airflow/dags/Copy_smoke_pipeline.py
[2026-01-01T01:32:30.793+0000] {processor.py:830} INFO - Processing file /opt/airflow/dags/Copy_smoke_pipeline.py for tasks to queue
[2026-01-01T01:32:30.795+0000] {logging_mixin.py:188} INFO - [2026-01-01T01:32:30.794+0000] {dagbag.py:545} INFO - Filling up the DagBag from /opt/airflow/dags/Copy_smoke_pipeline.py
[2026-01-01T01:32:30.827+0000] {processor.py:840} INFO - DAG(s) 'copy_smoke_test' retrieved from /opt/airflow/dags/Copy_smoke_pipeline.py
[2026-01-01T01:32:30.881+0000] {logging_mixin.py:188} INFO - [2026-01-01T01:32:30.880+0000] {dag.py:3089} INFO - Sync 1 DAGs
[2026-01-01T01:32:30.898+0000] {logging_mixin.py:188} INFO - [2026-01-01T01:32:30.898+0000] {dag.py:3947} INFO - Setting next_dagrun for copy_smoke_test to None, run_after=None
[2026-01-01T01:32:30.921+0000] {processor.py:183} INFO - Processing /opt/airflow/dags/Copy_smoke_pipeline.py took 0.142 seconds
[2026-01-01T01:33:01.189+0000] {processor.py:161} INFO - Started process (PID=1492) to work on /opt/airflow/dags/Copy_smoke_pipeline.py
[2026-01-01T01:33:01.191+0000] {processor.py:830} INFO - Processing file /opt/airflow/dags/Copy_smoke_pipeline.py for tasks to queue
[2026-01-01T01:33:01.192+0000] {logging_mixin.py:188} INFO - [2026-01-01T01:33:01.192+0000] {dagbag.py:545} INFO - Filling up the DagBag from /opt/airflow/dags/Copy_smoke_pipeline.py
[2026-01-01T01:33:01.218+0000] {processor.py:840} INFO - DAG(s) 'copy_smoke_test' retrieved from /opt/airflow/dags/Copy_smoke_pipeline.py
[2026-01-01T01:33:01.266+0000] {logging_mixin.py:188} INFO - [2026-01-01T01:33:01.265+0000] {dag.py:3089} INFO - Sync 1 DAGs
[2026-01-01T01:33:01.285+0000] {logging_mixin.py:188} INFO - [2026-01-01T01:33:01.284+0000] {dag.py:3947} INFO - Setting next_dagrun for copy_smoke_test to None, run_after=None
[2026-01-01T01:33:01.317+0000] {processor.py:183} INFO - Processing /opt/airflow/dags/Copy_smoke_pipeline.py took 0.137 seconds
[2026-01-01T01:33:31.595+0000] {processor.py:161} INFO - Started process (PID=1502) to work on /opt/airflow/dags/Copy_smoke_pipeline.py
[2026-01-01T01:33:31.597+0000] {processor.py:830} INFO - Processing file /opt/airflow/dags/Copy_smoke_pipeline.py for tasks to queue
[2026-01-01T01:33:31.598+0000] {logging_mixin.py:188} INFO - [2026-01-01T01:33:31.598+0000] {dagbag.py:545} INFO - Filling up the DagBag from /opt/airflow/dags/Copy_smoke_pipeline.py
[2026-01-01T01:33:31.628+0000] {processor.py:840} INFO - DAG(s) 'copy_smoke_test' retrieved from /opt/airflow/dags/Copy_smoke_pipeline.py
[2026-01-01T01:33:31.701+0000] {logging_mixin.py:188} INFO - [2026-01-01T01:33:31.701+0000] {dag.py:3089} INFO - Sync 1 DAGs
[2026-01-01T01:33:31.717+0000] {logging_mixin.py:188} INFO - [2026-01-01T01:33:31.717+0000] {dag.py:3947} INFO - Setting next_dagrun for copy_smoke_test to None, run_after=None
[2026-01-01T01:33:31.744+0000] {processor.py:183} INFO - Processing /opt/airflow/dags/Copy_smoke_pipeline.py took 0.157 seconds
[2026-01-01T01:34:02.011+0000] {processor.py:161} INFO - Started process (PID=1512) to work on /opt/airflow/dags/Copy_smoke_pipeline.py
[2026-01-01T01:34:02.013+0000] {processor.py:830} INFO - Processing file /opt/airflow/dags/Copy_smoke_pipeline.py for tasks to queue
[2026-01-01T01:34:02.015+0000] {logging_mixin.py:188} INFO - [2026-01-01T01:34:02.014+0000] {dagbag.py:545} INFO - Filling up the DagBag from /opt/airflow/dags/Copy_smoke_pipeline.py
[2026-01-01T01:34:02.041+0000] {processor.py:840} INFO - DAG(s) 'copy_smoke_test' retrieved from /opt/airflow/dags/Copy_smoke_pipeline.py
[2026-01-01T01:34:02.107+0000] {logging_mixin.py:188} INFO - [2026-01-01T01:34:02.107+0000] {dag.py:3089} INFO - Sync 1 DAGs
[2026-01-01T01:34:02.133+0000] {logging_mixin.py:188} INFO - [2026-01-01T01:34:02.132+0000] {dag.py:3947} INFO - Setting next_dagrun for copy_smoke_test to None, run_after=None
[2026-01-01T01:34:02.159+0000] {processor.py:183} INFO - Processing /opt/airflow/dags/Copy_smoke_pipeline.py took 0.162 seconds
[2026-01-01T01:34:32.588+0000] {processor.py:161} INFO - Started process (PID=1522) to work on /opt/airflow/dags/Copy_smoke_pipeline.py
[2026-01-01T01:34:32.593+0000] {processor.py:830} INFO - Processing file /opt/airflow/dags/Copy_smoke_pipeline.py for tasks to queue
[2026-01-01T01:34:32.595+0000] {logging_mixin.py:188} INFO - [2026-01-01T01:34:32.594+0000] {dagbag.py:545} INFO - Filling up the DagBag from /opt/airflow/dags/Copy_smoke_pipeline.py
[2026-01-01T01:34:32.634+0000] {processor.py:840} INFO - DAG(s) 'copy_smoke_test' retrieved from /opt/airflow/dags/Copy_smoke_pipeline.py
[2026-01-01T01:34:32.786+0000] {logging_mixin.py:188} INFO - [2026-01-01T01:34:32.786+0000] {dag.py:3089} INFO - Sync 1 DAGs
[2026-01-01T01:34:32.837+0000] {logging_mixin.py:188} INFO - [2026-01-01T01:34:32.837+0000] {dag.py:3947} INFO - Setting next_dagrun for copy_smoke_test to None, run_after=None
[2026-01-01T01:34:32.883+0000] {processor.py:183} INFO - Processing /opt/airflow/dags/Copy_smoke_pipeline.py took 0.313 seconds
[2026-01-01T01:35:03.234+0000] {processor.py:161} INFO - Started process (PID=1532) to work on /opt/airflow/dags/Copy_smoke_pipeline.py
[2026-01-01T01:35:03.236+0000] {processor.py:830} INFO - Processing file /opt/airflow/dags/Copy_smoke_pipeline.py for tasks to queue
[2026-01-01T01:35:03.237+0000] {logging_mixin.py:188} INFO - [2026-01-01T01:35:03.237+0000] {dagbag.py:545} INFO - Filling up the DagBag from /opt/airflow/dags/Copy_smoke_pipeline.py
[2026-01-01T01:35:03.265+0000] {processor.py:840} INFO - DAG(s) 'copy_smoke_test' retrieved from /opt/airflow/dags/Copy_smoke_pipeline.py
[2026-01-01T01:35:03.315+0000] {logging_mixin.py:188} INFO - [2026-01-01T01:35:03.315+0000] {dag.py:3089} INFO - Sync 1 DAGs
[2026-01-01T01:35:03.331+0000] {logging_mixin.py:188} INFO - [2026-01-01T01:35:03.331+0000] {dag.py:3947} INFO - Setting next_dagrun for copy_smoke_test to None, run_after=None
[2026-01-01T01:35:03.359+0000] {processor.py:183} INFO - Processing /opt/airflow/dags/Copy_smoke_pipeline.py took 0.134 seconds
[2026-01-01T01:35:33.456+0000] {processor.py:161} INFO - Started process (PID=1542) to work on /opt/airflow/dags/Copy_smoke_pipeline.py
[2026-01-01T01:35:33.458+0000] {processor.py:830} INFO - Processing file /opt/airflow/dags/Copy_smoke_pipeline.py for tasks to queue
[2026-01-01T01:35:33.459+0000] {logging_mixin.py:188} INFO - [2026-01-01T01:35:33.458+0000] {dagbag.py:545} INFO - Filling up the DagBag from /opt/airflow/dags/Copy_smoke_pipeline.py
[2026-01-01T01:35:33.493+0000] {processor.py:840} INFO - DAG(s) 'copy_smoke_test' retrieved from /opt/airflow/dags/Copy_smoke_pipeline.py
[2026-01-01T01:35:33.563+0000] {logging_mixin.py:188} INFO - [2026-01-01T01:35:33.563+0000] {dag.py:3089} INFO - Sync 1 DAGs
[2026-01-01T01:35:33.589+0000] {logging_mixin.py:188} INFO - [2026-01-01T01:35:33.588+0000] {dag.py:3947} INFO - Setting next_dagrun for copy_smoke_test to None, run_after=None
[2026-01-01T01:35:33.622+0000] {processor.py:183} INFO - Processing /opt/airflow/dags/Copy_smoke_pipeline.py took 0.177 seconds
[2026-01-01T01:36:04.005+0000] {processor.py:161} INFO - Started process (PID=1552) to work on /opt/airflow/dags/Copy_smoke_pipeline.py
[2026-01-01T01:36:04.007+0000] {processor.py:830} INFO - Processing file /opt/airflow/dags/Copy_smoke_pipeline.py for tasks to queue
[2026-01-01T01:36:04.009+0000] {logging_mixin.py:188} INFO - [2026-01-01T01:36:04.009+0000] {dagbag.py:545} INFO - Filling up the DagBag from /opt/airflow/dags/Copy_smoke_pipeline.py
[2026-01-01T01:36:04.034+0000] {processor.py:840} INFO - DAG(s) 'copy_smoke_test' retrieved from /opt/airflow/dags/Copy_smoke_pipeline.py
[2026-01-01T01:36:04.083+0000] {logging_mixin.py:188} INFO - [2026-01-01T01:36:04.082+0000] {dag.py:3089} INFO - Sync 1 DAGs
[2026-01-01T01:36:04.097+0000] {logging_mixin.py:188} INFO - [2026-01-01T01:36:04.097+0000] {dag.py:3947} INFO - Setting next_dagrun for copy_smoke_test to None, run_after=None
[2026-01-01T01:36:04.122+0000] {processor.py:183} INFO - Processing /opt/airflow/dags/Copy_smoke_pipeline.py took 0.129 seconds
[2026-01-01T01:36:34.381+0000] {processor.py:161} INFO - Started process (PID=1562) to work on /opt/airflow/dags/Copy_smoke_pipeline.py
[2026-01-01T01:36:34.383+0000] {processor.py:830} INFO - Processing file /opt/airflow/dags/Copy_smoke_pipeline.py for tasks to queue
[2026-01-01T01:36:34.384+0000] {logging_mixin.py:188} INFO - [2026-01-01T01:36:34.384+0000] {dagbag.py:545} INFO - Filling up the DagBag from /opt/airflow/dags/Copy_smoke_pipeline.py
[2026-01-01T01:36:34.415+0000] {processor.py:840} INFO - DAG(s) 'copy_smoke_test' retrieved from /opt/airflow/dags/Copy_smoke_pipeline.py
[2026-01-01T01:36:34.480+0000] {logging_mixin.py:188} INFO - [2026-01-01T01:36:34.480+0000] {dag.py:3089} INFO - Sync 1 DAGs
[2026-01-01T01:36:34.508+0000] {logging_mixin.py:188} INFO - [2026-01-01T01:36:34.507+0000] {dag.py:3947} INFO - Setting next_dagrun for copy_smoke_test to None, run_after=None
[2026-01-01T01:36:34.546+0000] {processor.py:183} INFO - Processing /opt/airflow/dags/Copy_smoke_pipeline.py took 0.172 seconds
[2026-01-01T01:37:04.931+0000] {processor.py:161} INFO - Started process (PID=1572) to work on /opt/airflow/dags/Copy_smoke_pipeline.py
[2026-01-01T01:37:04.933+0000] {processor.py:830} INFO - Processing file /opt/airflow/dags/Copy_smoke_pipeline.py for tasks to queue
[2026-01-01T01:37:04.936+0000] {logging_mixin.py:188} INFO - [2026-01-01T01:37:04.935+0000] {dagbag.py:545} INFO - Filling up the DagBag from /opt/airflow/dags/Copy_smoke_pipeline.py
[2026-01-01T01:37:04.972+0000] {processor.py:840} INFO - DAG(s) 'copy_smoke_test' retrieved from /opt/airflow/dags/Copy_smoke_pipeline.py
[2026-01-01T01:37:05.056+0000] {logging_mixin.py:188} INFO - [2026-01-01T01:37:05.055+0000] {dag.py:3089} INFO - Sync 1 DAGs
[2026-01-01T01:37:05.080+0000] {logging_mixin.py:188} INFO - [2026-01-01T01:37:05.080+0000] {dag.py:3947} INFO - Setting next_dagrun for copy_smoke_test to None, run_after=None
[2026-01-01T01:37:05.118+0000] {processor.py:183} INFO - Processing /opt/airflow/dags/Copy_smoke_pipeline.py took 0.200 seconds
[2026-01-01T01:37:35.396+0000] {processor.py:161} INFO - Started process (PID=1582) to work on /opt/airflow/dags/Copy_smoke_pipeline.py
[2026-01-01T01:37:35.398+0000] {processor.py:830} INFO - Processing file /opt/airflow/dags/Copy_smoke_pipeline.py for tasks to queue
[2026-01-01T01:37:35.400+0000] {logging_mixin.py:188} INFO - [2026-01-01T01:37:35.400+0000] {dagbag.py:545} INFO - Filling up the DagBag from /opt/airflow/dags/Copy_smoke_pipeline.py
[2026-01-01T01:37:35.424+0000] {processor.py:840} INFO - DAG(s) 'copy_smoke_test' retrieved from /opt/airflow/dags/Copy_smoke_pipeline.py
[2026-01-01T01:37:35.496+0000] {logging_mixin.py:188} INFO - [2026-01-01T01:37:35.496+0000] {dag.py:3089} INFO - Sync 1 DAGs
[2026-01-01T01:37:35.577+0000] {logging_mixin.py:188} INFO - [2026-01-01T01:37:35.577+0000] {dag.py:3947} INFO - Setting next_dagrun for copy_smoke_test to None, run_after=None
[2026-01-01T01:37:35.666+0000] {processor.py:183} INFO - Processing /opt/airflow/dags/Copy_smoke_pipeline.py took 0.278 seconds
[2026-01-01T01:38:06.126+0000] {processor.py:161} INFO - Started process (PID=1592) to work on /opt/airflow/dags/Copy_smoke_pipeline.py
[2026-01-01T01:38:06.128+0000] {processor.py:830} INFO - Processing file /opt/airflow/dags/Copy_smoke_pipeline.py for tasks to queue
[2026-01-01T01:38:06.130+0000] {logging_mixin.py:188} INFO - [2026-01-01T01:38:06.129+0000] {dagbag.py:545} INFO - Filling up the DagBag from /opt/airflow/dags/Copy_smoke_pipeline.py
[2026-01-01T01:38:06.156+0000] {processor.py:840} INFO - DAG(s) 'copy_smoke_test' retrieved from /opt/airflow/dags/Copy_smoke_pipeline.py
[2026-01-01T01:38:06.222+0000] {logging_mixin.py:188} INFO - [2026-01-01T01:38:06.221+0000] {dag.py:3089} INFO - Sync 1 DAGs
[2026-01-01T01:38:06.246+0000] {logging_mixin.py:188} INFO - [2026-01-01T01:38:06.245+0000] {dag.py:3947} INFO - Setting next_dagrun for copy_smoke_test to None, run_after=None
[2026-01-01T01:38:06.285+0000] {processor.py:183} INFO - Processing /opt/airflow/dags/Copy_smoke_pipeline.py took 0.168 seconds
[2026-01-01T01:38:36.761+0000] {processor.py:161} INFO - Started process (PID=1602) to work on /opt/airflow/dags/Copy_smoke_pipeline.py
[2026-01-01T01:38:36.763+0000] {processor.py:830} INFO - Processing file /opt/airflow/dags/Copy_smoke_pipeline.py for tasks to queue
[2026-01-01T01:38:36.764+0000] {logging_mixin.py:188} INFO - [2026-01-01T01:38:36.763+0000] {dagbag.py:545} INFO - Filling up the DagBag from /opt/airflow/dags/Copy_smoke_pipeline.py
[2026-01-01T01:38:36.797+0000] {processor.py:840} INFO - DAG(s) 'copy_smoke_test' retrieved from /opt/airflow/dags/Copy_smoke_pipeline.py
[2026-01-01T01:38:36.844+0000] {logging_mixin.py:188} INFO - [2026-01-01T01:38:36.844+0000] {dag.py:3089} INFO - Sync 1 DAGs
[2026-01-01T01:38:36.859+0000] {logging_mixin.py:188} INFO - [2026-01-01T01:38:36.859+0000] {dag.py:3947} INFO - Setting next_dagrun for copy_smoke_test to None, run_after=None
[2026-01-01T01:38:36.884+0000] {processor.py:183} INFO - Processing /opt/airflow/dags/Copy_smoke_pipeline.py took 0.134 seconds
[2026-01-01T01:39:07.243+0000] {processor.py:161} INFO - Started process (PID=1612) to work on /opt/airflow/dags/Copy_smoke_pipeline.py
[2026-01-01T01:39:07.245+0000] {processor.py:830} INFO - Processing file /opt/airflow/dags/Copy_smoke_pipeline.py for tasks to queue
[2026-01-01T01:39:07.246+0000] {logging_mixin.py:188} INFO - [2026-01-01T01:39:07.245+0000] {dagbag.py:545} INFO - Filling up the DagBag from /opt/airflow/dags/Copy_smoke_pipeline.py
[2026-01-01T01:39:07.281+0000] {processor.py:840} INFO - DAG(s) 'copy_smoke_test' retrieved from /opt/airflow/dags/Copy_smoke_pipeline.py
[2026-01-01T01:39:07.326+0000] {logging_mixin.py:188} INFO - [2026-01-01T01:39:07.325+0000] {dag.py:3089} INFO - Sync 1 DAGs
[2026-01-01T01:39:07.342+0000] {logging_mixin.py:188} INFO - [2026-01-01T01:39:07.342+0000] {dag.py:3947} INFO - Setting next_dagrun for copy_smoke_test to None, run_after=None
[2026-01-01T01:39:07.367+0000] {processor.py:183} INFO - Processing /opt/airflow/dags/Copy_smoke_pipeline.py took 0.133 seconds
[2026-01-01T01:39:37.626+0000] {processor.py:161} INFO - Started process (PID=1622) to work on /opt/airflow/dags/Copy_smoke_pipeline.py
[2026-01-01T01:39:37.628+0000] {processor.py:830} INFO - Processing file /opt/airflow/dags/Copy_smoke_pipeline.py for tasks to queue
[2026-01-01T01:39:37.629+0000] {logging_mixin.py:188} INFO - [2026-01-01T01:39:37.629+0000] {dagbag.py:545} INFO - Filling up the DagBag from /opt/airflow/dags/Copy_smoke_pipeline.py
[2026-01-01T01:39:37.661+0000] {processor.py:840} INFO - DAG(s) 'copy_smoke_test' retrieved from /opt/airflow/dags/Copy_smoke_pipeline.py
[2026-01-01T01:39:37.704+0000] {logging_mixin.py:188} INFO - [2026-01-01T01:39:37.704+0000] {dag.py:3089} INFO - Sync 1 DAGs
[2026-01-01T01:39:37.719+0000] {logging_mixin.py:188} INFO - [2026-01-01T01:39:37.719+0000] {dag.py:3947} INFO - Setting next_dagrun for copy_smoke_test to None, run_after=None
[2026-01-01T01:39:37.744+0000] {processor.py:183} INFO - Processing /opt/airflow/dags/Copy_smoke_pipeline.py took 0.125 seconds
[2026-01-01T01:40:08.122+0000] {processor.py:161} INFO - Started process (PID=1632) to work on /opt/airflow/dags/Copy_smoke_pipeline.py
[2026-01-01T01:40:08.124+0000] {processor.py:830} INFO - Processing file /opt/airflow/dags/Copy_smoke_pipeline.py for tasks to queue
[2026-01-01T01:40:08.126+0000] {logging_mixin.py:188} INFO - [2026-01-01T01:40:08.125+0000] {dagbag.py:545} INFO - Filling up the DagBag from /opt/airflow/dags/Copy_smoke_pipeline.py
[2026-01-01T01:40:08.153+0000] {processor.py:840} INFO - DAG(s) 'copy_smoke_test' retrieved from /opt/airflow/dags/Copy_smoke_pipeline.py
[2026-01-01T01:40:08.221+0000] {logging_mixin.py:188} INFO - [2026-01-01T01:40:08.220+0000] {dag.py:3089} INFO - Sync 1 DAGs
[2026-01-01T01:40:08.244+0000] {logging_mixin.py:188} INFO - [2026-01-01T01:40:08.243+0000] {dag.py:3947} INFO - Setting next_dagrun for copy_smoke_test to None, run_after=None
[2026-01-01T01:40:08.281+0000] {processor.py:183} INFO - Processing /opt/airflow/dags/Copy_smoke_pipeline.py took 0.175 seconds
[2026-01-01T01:40:38.571+0000] {processor.py:161} INFO - Started process (PID=1642) to work on /opt/airflow/dags/Copy_smoke_pipeline.py
[2026-01-01T01:40:38.573+0000] {processor.py:830} INFO - Processing file /opt/airflow/dags/Copy_smoke_pipeline.py for tasks to queue
[2026-01-01T01:40:38.574+0000] {logging_mixin.py:188} INFO - [2026-01-01T01:40:38.574+0000] {dagbag.py:545} INFO - Filling up the DagBag from /opt/airflow/dags/Copy_smoke_pipeline.py
[2026-01-01T01:40:38.609+0000] {processor.py:840} INFO - DAG(s) 'copy_smoke_test' retrieved from /opt/airflow/dags/Copy_smoke_pipeline.py
[2026-01-01T01:40:38.657+0000] {logging_mixin.py:188} INFO - [2026-01-01T01:40:38.657+0000] {dag.py:3089} INFO - Sync 1 DAGs
[2026-01-01T01:40:38.681+0000] {logging_mixin.py:188} INFO - [2026-01-01T01:40:38.681+0000] {dag.py:3947} INFO - Setting next_dagrun for copy_smoke_test to None, run_after=None
[2026-01-01T01:40:38.709+0000] {processor.py:183} INFO - Processing /opt/airflow/dags/Copy_smoke_pipeline.py took 0.148 seconds
[2026-01-01T01:42:31.184+0000] {processor.py:161} INFO - Started process (PID=1650) to work on /opt/airflow/dags/Copy_smoke_pipeline.py
[2026-01-01T01:42:31.802+0000] {processor.py:830} INFO - Processing file /opt/airflow/dags/Copy_smoke_pipeline.py for tasks to queue
[2026-01-01T01:42:32.256+0000] {logging_mixin.py:188} INFO - [2026-01-01T01:42:32.255+0000] {dagbag.py:545} INFO - Filling up the DagBag from /opt/airflow/dags/Copy_smoke_pipeline.py
[2026-01-01T01:43:23.641+0000] {processor.py:161} INFO - Started process (PID=1658) to work on /opt/airflow/dags/Copy_smoke_pipeline.py
[2026-01-01T01:43:23.699+0000] {processor.py:830} INFO - Processing file /opt/airflow/dags/Copy_smoke_pipeline.py for tasks to queue
[2026-01-01T01:43:23.701+0000] {logging_mixin.py:188} INFO - [2026-01-01T01:43:23.700+0000] {dagbag.py:545} INFO - Filling up the DagBag from /opt/airflow/dags/Copy_smoke_pipeline.py
[2026-01-01T01:43:24.990+0000] {processor.py:840} INFO - DAG(s) 'copy_smoke_test' retrieved from /opt/airflow/dags/Copy_smoke_pipeline.py
[2026-01-01T01:44:52.046+0000] {processor.py:161} INFO - Started process (PID=1664) to work on /opt/airflow/dags/Copy_smoke_pipeline.py
[2026-01-01T01:44:52.048+0000] {processor.py:830} INFO - Processing file /opt/airflow/dags/Copy_smoke_pipeline.py for tasks to queue
[2026-01-01T01:44:52.049+0000] {logging_mixin.py:188} INFO - [2026-01-01T01:44:52.049+0000] {dagbag.py:545} INFO - Filling up the DagBag from /opt/airflow/dags/Copy_smoke_pipeline.py
[2026-01-01T01:44:53.710+0000] {processor.py:840} INFO - DAG(s) 'copy_smoke_test' retrieved from /opt/airflow/dags/Copy_smoke_pipeline.py
[2026-01-01T01:45:15.215+0000] {logging_mixin.py:188} INFO - [2026-01-01T01:45:15.214+0000] {dag.py:3089} INFO - Sync 1 DAGs
[2026-01-01T01:45:15.729+0000] {logging_mixin.py:188} INFO - [2026-01-01T01:45:15.729+0000] {dag.py:3947} INFO - Setting next_dagrun for copy_smoke_test to None, run_after=None
[2026-01-01T01:45:15.887+0000] {processor.py:183} INFO - Processing /opt/airflow/dags/Copy_smoke_pipeline.py took 24.166 seconds
[2026-01-01T01:45:46.160+0000] {processor.py:161} INFO - Started process (PID=1674) to work on /opt/airflow/dags/Copy_smoke_pipeline.py
[2026-01-01T01:45:46.162+0000] {processor.py:830} INFO - Processing file /opt/airflow/dags/Copy_smoke_pipeline.py for tasks to queue
[2026-01-01T01:45:46.164+0000] {logging_mixin.py:188} INFO - [2026-01-01T01:45:46.163+0000] {dagbag.py:545} INFO - Filling up the DagBag from /opt/airflow/dags/Copy_smoke_pipeline.py
[2026-01-01T01:45:46.192+0000] {processor.py:840} INFO - DAG(s) 'copy_smoke_test' retrieved from /opt/airflow/dags/Copy_smoke_pipeline.py
[2026-01-01T01:45:46.242+0000] {logging_mixin.py:188} INFO - [2026-01-01T01:45:46.241+0000] {dag.py:3089} INFO - Sync 1 DAGs
[2026-01-01T01:45:46.258+0000] {logging_mixin.py:188} INFO - [2026-01-01T01:45:46.258+0000] {dag.py:3947} INFO - Setting next_dagrun for copy_smoke_test to None, run_after=None
[2026-01-01T01:45:46.283+0000] {processor.py:183} INFO - Processing /opt/airflow/dags/Copy_smoke_pipeline.py took 0.135 seconds
[2026-01-01T01:46:16.809+0000] {processor.py:161} INFO - Started process (PID=1689) to work on /opt/airflow/dags/Copy_smoke_pipeline.py
[2026-01-01T01:46:16.812+0000] {processor.py:830} INFO - Processing file /opt/airflow/dags/Copy_smoke_pipeline.py for tasks to queue
[2026-01-01T01:46:16.813+0000] {logging_mixin.py:188} INFO - [2026-01-01T01:46:16.813+0000] {dagbag.py:545} INFO - Filling up the DagBag from /opt/airflow/dags/Copy_smoke_pipeline.py
[2026-01-01T01:46:16.855+0000] {processor.py:840} INFO - DAG(s) 'copy_smoke_test' retrieved from /opt/airflow/dags/Copy_smoke_pipeline.py
[2026-01-01T01:46:16.917+0000] {logging_mixin.py:188} INFO - [2026-01-01T01:46:16.917+0000] {dag.py:3089} INFO - Sync 1 DAGs
[2026-01-01T01:46:16.941+0000] {logging_mixin.py:188} INFO - [2026-01-01T01:46:16.941+0000] {dag.py:3947} INFO - Setting next_dagrun for copy_smoke_test to None, run_after=None
[2026-01-01T01:46:16.984+0000] {processor.py:183} INFO - Processing /opt/airflow/dags/Copy_smoke_pipeline.py took 0.193 seconds
[2026-01-01T01:46:47.869+0000] {processor.py:161} INFO - Started process (PID=1704) to work on /opt/airflow/dags/Copy_smoke_pipeline.py
[2026-01-01T01:46:47.871+0000] {processor.py:830} INFO - Processing file /opt/airflow/dags/Copy_smoke_pipeline.py for tasks to queue
[2026-01-01T01:46:47.872+0000] {logging_mixin.py:188} INFO - [2026-01-01T01:46:47.872+0000] {dagbag.py:545} INFO - Filling up the DagBag from /opt/airflow/dags/Copy_smoke_pipeline.py
[2026-01-01T01:46:47.898+0000] {processor.py:840} INFO - DAG(s) 'copy_smoke_test' retrieved from /opt/airflow/dags/Copy_smoke_pipeline.py
[2026-01-01T01:46:47.942+0000] {logging_mixin.py:188} INFO - [2026-01-01T01:46:47.942+0000] {dag.py:3089} INFO - Sync 1 DAGs
[2026-01-01T01:46:47.957+0000] {logging_mixin.py:188} INFO - [2026-01-01T01:46:47.956+0000] {dag.py:3947} INFO - Setting next_dagrun for copy_smoke_test to None, run_after=None
[2026-01-01T01:46:47.982+0000] {processor.py:183} INFO - Processing /opt/airflow/dags/Copy_smoke_pipeline.py took 0.121 seconds
[2026-01-01T01:47:18.581+0000] {processor.py:161} INFO - Started process (PID=1719) to work on /opt/airflow/dags/Copy_smoke_pipeline.py
[2026-01-01T01:47:18.582+0000] {processor.py:830} INFO - Processing file /opt/airflow/dags/Copy_smoke_pipeline.py for tasks to queue
[2026-01-01T01:47:18.584+0000] {logging_mixin.py:188} INFO - [2026-01-01T01:47:18.583+0000] {dagbag.py:545} INFO - Filling up the DagBag from /opt/airflow/dags/Copy_smoke_pipeline.py
[2026-01-01T01:47:18.614+0000] {processor.py:840} INFO - DAG(s) 'copy_smoke_test' retrieved from /opt/airflow/dags/Copy_smoke_pipeline.py
[2026-01-01T01:47:18.678+0000] {logging_mixin.py:188} INFO - [2026-01-01T01:47:18.678+0000] {dag.py:3089} INFO - Sync 1 DAGs
[2026-01-01T01:47:18.697+0000] {logging_mixin.py:188} INFO - [2026-01-01T01:47:18.697+0000] {dag.py:3947} INFO - Setting next_dagrun for copy_smoke_test to None, run_after=None
[2026-01-01T01:47:18.724+0000] {processor.py:183} INFO - Processing /opt/airflow/dags/Copy_smoke_pipeline.py took 0.154 seconds
[2026-01-01T01:47:49.130+0000] {processor.py:161} INFO - Started process (PID=1734) to work on /opt/airflow/dags/Copy_smoke_pipeline.py
[2026-01-01T01:47:49.132+0000] {processor.py:830} INFO - Processing file /opt/airflow/dags/Copy_smoke_pipeline.py for tasks to queue
[2026-01-01T01:47:49.133+0000] {logging_mixin.py:188} INFO - [2026-01-01T01:47:49.133+0000] {dagbag.py:545} INFO - Filling up the DagBag from /opt/airflow/dags/Copy_smoke_pipeline.py
[2026-01-01T01:47:49.165+0000] {processor.py:840} INFO - DAG(s) 'copy_smoke_test' retrieved from /opt/airflow/dags/Copy_smoke_pipeline.py
[2026-01-01T01:47:49.250+0000] {logging_mixin.py:188} INFO - [2026-01-01T01:47:49.249+0000] {dag.py:3089} INFO - Sync 1 DAGs
[2026-01-01T01:47:49.283+0000] {logging_mixin.py:188} INFO - [2026-01-01T01:47:49.282+0000] {dag.py:3947} INFO - Setting next_dagrun for copy_smoke_test to None, run_after=None
[2026-01-01T01:47:49.347+0000] {processor.py:183} INFO - Processing /opt/airflow/dags/Copy_smoke_pipeline.py took 0.232 seconds
[2026-01-01T01:48:19.916+0000] {processor.py:161} INFO - Started process (PID=1749) to work on /opt/airflow/dags/Copy_smoke_pipeline.py
[2026-01-01T01:48:19.919+0000] {processor.py:830} INFO - Processing file /opt/airflow/dags/Copy_smoke_pipeline.py for tasks to queue
[2026-01-01T01:48:19.921+0000] {logging_mixin.py:188} INFO - [2026-01-01T01:48:19.921+0000] {dagbag.py:545} INFO - Filling up the DagBag from /opt/airflow/dags/Copy_smoke_pipeline.py
[2026-01-01T01:48:19.953+0000] {processor.py:840} INFO - DAG(s) 'copy_smoke_test' retrieved from /opt/airflow/dags/Copy_smoke_pipeline.py
[2026-01-01T01:48:20.013+0000] {logging_mixin.py:188} INFO - [2026-01-01T01:48:20.012+0000] {dag.py:3089} INFO - Sync 1 DAGs
[2026-01-01T01:48:20.036+0000] {logging_mixin.py:188} INFO - [2026-01-01T01:48:20.036+0000] {dag.py:3947} INFO - Setting next_dagrun for copy_smoke_test to None, run_after=None
[2026-01-01T01:48:20.069+0000] {processor.py:183} INFO - Processing /opt/airflow/dags/Copy_smoke_pipeline.py took 0.164 seconds
[2026-01-01T01:48:50.502+0000] {processor.py:161} INFO - Started process (PID=1764) to work on /opt/airflow/dags/Copy_smoke_pipeline.py
[2026-01-01T01:48:50.504+0000] {processor.py:830} INFO - Processing file /opt/airflow/dags/Copy_smoke_pipeline.py for tasks to queue
[2026-01-01T01:48:50.506+0000] {logging_mixin.py:188} INFO - [2026-01-01T01:48:50.505+0000] {dagbag.py:545} INFO - Filling up the DagBag from /opt/airflow/dags/Copy_smoke_pipeline.py
[2026-01-01T01:48:50.533+0000] {processor.py:840} INFO - DAG(s) 'copy_smoke_test' retrieved from /opt/airflow/dags/Copy_smoke_pipeline.py
[2026-01-01T01:48:50.591+0000] {logging_mixin.py:188} INFO - [2026-01-01T01:48:50.590+0000] {dag.py:3089} INFO - Sync 1 DAGs
[2026-01-01T01:48:50.614+0000] {logging_mixin.py:188} INFO - [2026-01-01T01:48:50.614+0000] {dag.py:3947} INFO - Setting next_dagrun for copy_smoke_test to None, run_after=None
[2026-01-01T01:48:50.641+0000] {processor.py:183} INFO - Processing /opt/airflow/dags/Copy_smoke_pipeline.py took 0.150 seconds
[2026-01-01T01:49:21.249+0000] {processor.py:161} INFO - Started process (PID=1779) to work on /opt/airflow/dags/Copy_smoke_pipeline.py
[2026-01-01T01:49:21.250+0000] {processor.py:830} INFO - Processing file /opt/airflow/dags/Copy_smoke_pipeline.py for tasks to queue
[2026-01-01T01:49:21.252+0000] {logging_mixin.py:188} INFO - [2026-01-01T01:49:21.251+0000] {dagbag.py:545} INFO - Filling up the DagBag from /opt/airflow/dags/Copy_smoke_pipeline.py
[2026-01-01T01:49:21.276+0000] {processor.py:840} INFO - DAG(s) 'copy_smoke_test' retrieved from /opt/airflow/dags/Copy_smoke_pipeline.py
[2026-01-01T01:49:21.335+0000] {logging_mixin.py:188} INFO - [2026-01-01T01:49:21.335+0000] {dag.py:3089} INFO - Sync 1 DAGs
[2026-01-01T01:49:21.356+0000] {logging_mixin.py:188} INFO - [2026-01-01T01:49:21.355+0000] {dag.py:3947} INFO - Setting next_dagrun for copy_smoke_test to None, run_after=None
[2026-01-01T01:49:21.389+0000] {processor.py:183} INFO - Processing /opt/airflow/dags/Copy_smoke_pipeline.py took 0.148 seconds
[2026-01-01T01:49:52.038+0000] {processor.py:161} INFO - Started process (PID=1794) to work on /opt/airflow/dags/Copy_smoke_pipeline.py
[2026-01-01T01:49:52.041+0000] {processor.py:830} INFO - Processing file /opt/airflow/dags/Copy_smoke_pipeline.py for tasks to queue
[2026-01-01T01:49:52.045+0000] {logging_mixin.py:188} INFO - [2026-01-01T01:49:52.044+0000] {dagbag.py:545} INFO - Filling up the DagBag from /opt/airflow/dags/Copy_smoke_pipeline.py
[2026-01-01T01:49:52.087+0000] {processor.py:840} INFO - DAG(s) 'copy_smoke_test' retrieved from /opt/airflow/dags/Copy_smoke_pipeline.py
[2026-01-01T01:49:52.167+0000] {logging_mixin.py:188} INFO - [2026-01-01T01:49:52.166+0000] {dag.py:3089} INFO - Sync 1 DAGs
[2026-01-01T01:49:52.211+0000] {logging_mixin.py:188} INFO - [2026-01-01T01:49:52.209+0000] {dag.py:3947} INFO - Setting next_dagrun for copy_smoke_test to None, run_after=None
[2026-01-01T01:49:52.252+0000] {processor.py:183} INFO - Processing /opt/airflow/dags/Copy_smoke_pipeline.py took 0.229 seconds
[2026-01-01T01:50:22.617+0000] {processor.py:161} INFO - Started process (PID=1809) to work on /opt/airflow/dags/Copy_smoke_pipeline.py
[2026-01-01T01:50:22.619+0000] {processor.py:830} INFO - Processing file /opt/airflow/dags/Copy_smoke_pipeline.py for tasks to queue
[2026-01-01T01:50:22.621+0000] {logging_mixin.py:188} INFO - [2026-01-01T01:50:22.620+0000] {dagbag.py:545} INFO - Filling up the DagBag from /opt/airflow/dags/Copy_smoke_pipeline.py
[2026-01-01T01:50:22.650+0000] {processor.py:840} INFO - DAG(s) 'copy_smoke_test' retrieved from /opt/airflow/dags/Copy_smoke_pipeline.py
[2026-01-01T01:50:22.695+0000] {logging_mixin.py:188} INFO - [2026-01-01T01:50:22.695+0000] {dag.py:3089} INFO - Sync 1 DAGs
[2026-01-01T01:50:22.710+0000] {logging_mixin.py:188} INFO - [2026-01-01T01:50:22.710+0000] {dag.py:3947} INFO - Setting next_dagrun for copy_smoke_test to None, run_after=None
[2026-01-01T01:50:22.736+0000] {processor.py:183} INFO - Processing /opt/airflow/dags/Copy_smoke_pipeline.py took 0.130 seconds
[2026-01-01T01:50:53.259+0000] {processor.py:161} INFO - Started process (PID=1827) to work on /opt/airflow/dags/Copy_smoke_pipeline.py
[2026-01-01T01:50:53.262+0000] {processor.py:830} INFO - Processing file /opt/airflow/dags/Copy_smoke_pipeline.py for tasks to queue
[2026-01-01T01:50:53.264+0000] {logging_mixin.py:188} INFO - [2026-01-01T01:50:53.263+0000] {dagbag.py:545} INFO - Filling up the DagBag from /opt/airflow/dags/Copy_smoke_pipeline.py
[2026-01-01T01:50:53.303+0000] {processor.py:840} INFO - DAG(s) 'copy_smoke_test' retrieved from /opt/airflow/dags/Copy_smoke_pipeline.py
[2026-01-01T01:50:53.389+0000] {logging_mixin.py:188} INFO - [2026-01-01T01:50:53.388+0000] {dag.py:3089} INFO - Sync 1 DAGs
[2026-01-01T01:50:53.425+0000] {logging_mixin.py:188} INFO - [2026-01-01T01:50:53.424+0000] {dag.py:3947} INFO - Setting next_dagrun for copy_smoke_test to None, run_after=None
[2026-01-01T01:50:53.477+0000] {processor.py:183} INFO - Processing /opt/airflow/dags/Copy_smoke_pipeline.py took 0.232 seconds
[2026-01-01T01:51:24.189+0000] {processor.py:161} INFO - Started process (PID=1847) to work on /opt/airflow/dags/Copy_smoke_pipeline.py
[2026-01-01T01:51:24.193+0000] {processor.py:830} INFO - Processing file /opt/airflow/dags/Copy_smoke_pipeline.py for tasks to queue
[2026-01-01T01:51:24.197+0000] {logging_mixin.py:188} INFO - [2026-01-01T01:51:24.196+0000] {dagbag.py:545} INFO - Filling up the DagBag from /opt/airflow/dags/Copy_smoke_pipeline.py
[2026-01-01T01:51:24.244+0000] {processor.py:840} INFO - DAG(s) 'copy_smoke_test' retrieved from /opt/airflow/dags/Copy_smoke_pipeline.py
[2026-01-01T01:51:24.344+0000] {logging_mixin.py:188} INFO - [2026-01-01T01:51:24.344+0000] {dag.py:3089} INFO - Sync 1 DAGs
[2026-01-01T01:51:24.389+0000] {logging_mixin.py:188} INFO - [2026-01-01T01:51:24.388+0000] {dag.py:3947} INFO - Setting next_dagrun for copy_smoke_test to None, run_after=None
[2026-01-01T01:51:24.465+0000] {processor.py:183} INFO - Processing /opt/airflow/dags/Copy_smoke_pipeline.py took 0.291 seconds
[2026-01-01T01:51:55.194+0000] {processor.py:161} INFO - Started process (PID=1867) to work on /opt/airflow/dags/Copy_smoke_pipeline.py
[2026-01-01T01:51:55.196+0000] {processor.py:830} INFO - Processing file /opt/airflow/dags/Copy_smoke_pipeline.py for tasks to queue
[2026-01-01T01:51:55.198+0000] {logging_mixin.py:188} INFO - [2026-01-01T01:51:55.197+0000] {dagbag.py:545} INFO - Filling up the DagBag from /opt/airflow/dags/Copy_smoke_pipeline.py
[2026-01-01T01:51:55.226+0000] {processor.py:840} INFO - DAG(s) 'copy_smoke_test' retrieved from /opt/airflow/dags/Copy_smoke_pipeline.py
[2026-01-01T01:51:55.311+0000] {logging_mixin.py:188} INFO - [2026-01-01T01:51:55.311+0000] {dag.py:3089} INFO - Sync 1 DAGs
[2026-01-01T01:51:55.358+0000] {logging_mixin.py:188} INFO - [2026-01-01T01:51:55.357+0000] {dag.py:3947} INFO - Setting next_dagrun for copy_smoke_test to None, run_after=None
[2026-01-01T01:51:55.415+0000] {processor.py:183} INFO - Processing /opt/airflow/dags/Copy_smoke_pipeline.py took 0.233 seconds
[2026-01-01T01:52:26.090+0000] {processor.py:161} INFO - Started process (PID=1887) to work on /opt/airflow/dags/Copy_smoke_pipeline.py
[2026-01-01T01:52:26.093+0000] {processor.py:830} INFO - Processing file /opt/airflow/dags/Copy_smoke_pipeline.py for tasks to queue
[2026-01-01T01:52:26.095+0000] {logging_mixin.py:188} INFO - [2026-01-01T01:52:26.094+0000] {dagbag.py:545} INFO - Filling up the DagBag from /opt/airflow/dags/Copy_smoke_pipeline.py
[2026-01-01T01:52:26.127+0000] {processor.py:840} INFO - DAG(s) 'copy_smoke_test' retrieved from /opt/airflow/dags/Copy_smoke_pipeline.py
[2026-01-01T01:52:26.185+0000] {logging_mixin.py:188} INFO - [2026-01-01T01:52:26.185+0000] {dag.py:3089} INFO - Sync 1 DAGs
[2026-01-01T01:52:26.208+0000] {logging_mixin.py:188} INFO - [2026-01-01T01:52:26.208+0000] {dag.py:3947} INFO - Setting next_dagrun for copy_smoke_test to None, run_after=None
[2026-01-01T01:52:26.241+0000] {processor.py:183} INFO - Processing /opt/airflow/dags/Copy_smoke_pipeline.py took 0.161 seconds
[2026-01-01T01:52:56.815+0000] {processor.py:161} INFO - Started process (PID=1907) to work on /opt/airflow/dags/Copy_smoke_pipeline.py
[2026-01-01T01:52:56.817+0000] {processor.py:830} INFO - Processing file /opt/airflow/dags/Copy_smoke_pipeline.py for tasks to queue
[2026-01-01T01:52:56.819+0000] {logging_mixin.py:188} INFO - [2026-01-01T01:52:56.818+0000] {dagbag.py:545} INFO - Filling up the DagBag from /opt/airflow/dags/Copy_smoke_pipeline.py
[2026-01-01T01:52:56.875+0000] {processor.py:840} INFO - DAG(s) 'copy_smoke_test' retrieved from /opt/airflow/dags/Copy_smoke_pipeline.py
[2026-01-01T01:52:56.954+0000] {logging_mixin.py:188} INFO - [2026-01-01T01:52:56.953+0000] {dag.py:3089} INFO - Sync 1 DAGs
[2026-01-01T01:52:56.979+0000] {logging_mixin.py:188} INFO - [2026-01-01T01:52:56.979+0000] {dag.py:3947} INFO - Setting next_dagrun for copy_smoke_test to None, run_after=None
[2026-01-01T01:52:57.017+0000] {processor.py:183} INFO - Processing /opt/airflow/dags/Copy_smoke_pipeline.py took 0.220 seconds
[2026-01-01T01:53:27.679+0000] {processor.py:161} INFO - Started process (PID=1927) to work on /opt/airflow/dags/Copy_smoke_pipeline.py
[2026-01-01T01:53:27.682+0000] {processor.py:830} INFO - Processing file /opt/airflow/dags/Copy_smoke_pipeline.py for tasks to queue
[2026-01-01T01:53:27.685+0000] {logging_mixin.py:188} INFO - [2026-01-01T01:53:27.684+0000] {dagbag.py:545} INFO - Filling up the DagBag from /opt/airflow/dags/Copy_smoke_pipeline.py
[2026-01-01T01:53:27.723+0000] {processor.py:840} INFO - DAG(s) 'copy_smoke_test' retrieved from /opt/airflow/dags/Copy_smoke_pipeline.py
[2026-01-01T01:53:27.792+0000] {logging_mixin.py:188} INFO - [2026-01-01T01:53:27.792+0000] {dag.py:3089} INFO - Sync 1 DAGs
[2026-01-01T01:53:27.940+0000] {logging_mixin.py:188} INFO - [2026-01-01T01:53:27.940+0000] {dag.py:3947} INFO - Setting next_dagrun for copy_smoke_test to None, run_after=None
[2026-01-01T01:53:28.051+0000] {processor.py:183} INFO - Processing /opt/airflow/dags/Copy_smoke_pipeline.py took 0.391 seconds
[2026-01-01T01:53:59.094+0000] {processor.py:161} INFO - Started process (PID=1947) to work on /opt/airflow/dags/Copy_smoke_pipeline.py
[2026-01-01T01:53:59.105+0000] {processor.py:830} INFO - Processing file /opt/airflow/dags/Copy_smoke_pipeline.py for tasks to queue
[2026-01-01T01:53:59.107+0000] {logging_mixin.py:188} INFO - [2026-01-01T01:53:59.107+0000] {dagbag.py:545} INFO - Filling up the DagBag from /opt/airflow/dags/Copy_smoke_pipeline.py
[2026-01-01T01:53:59.818+0000] {processor.py:840} INFO - DAG(s) 'copy_smoke_test' retrieved from /opt/airflow/dags/Copy_smoke_pipeline.py
[2026-01-01T01:53:59.935+0000] {logging_mixin.py:188} INFO - [2026-01-01T01:53:59.935+0000] {dag.py:3089} INFO - Sync 1 DAGs
[2026-01-01T01:54:00.046+0000] {logging_mixin.py:188} INFO - [2026-01-01T01:54:00.046+0000] {dag.py:3947} INFO - Setting next_dagrun for copy_smoke_test to None, run_after=None
[2026-01-01T01:54:00.089+0000] {processor.py:183} INFO - Processing /opt/airflow/dags/Copy_smoke_pipeline.py took 1.014 seconds
[2026-01-01T01:54:30.612+0000] {processor.py:161} INFO - Started process (PID=1967) to work on /opt/airflow/dags/Copy_smoke_pipeline.py
[2026-01-01T01:54:30.614+0000] {processor.py:830} INFO - Processing file /opt/airflow/dags/Copy_smoke_pipeline.py for tasks to queue
[2026-01-01T01:54:30.617+0000] {logging_mixin.py:188} INFO - [2026-01-01T01:54:30.616+0000] {dagbag.py:545} INFO - Filling up the DagBag from /opt/airflow/dags/Copy_smoke_pipeline.py
[2026-01-01T01:54:30.655+0000] {processor.py:840} INFO - DAG(s) 'copy_smoke_test' retrieved from /opt/airflow/dags/Copy_smoke_pipeline.py
[2026-01-01T01:54:30.725+0000] {logging_mixin.py:188} INFO - [2026-01-01T01:54:30.724+0000] {dag.py:3089} INFO - Sync 1 DAGs
[2026-01-01T01:54:30.761+0000] {logging_mixin.py:188} INFO - [2026-01-01T01:54:30.760+0000] {dag.py:3947} INFO - Setting next_dagrun for copy_smoke_test to None, run_after=None
[2026-01-01T01:54:30.815+0000] {processor.py:183} INFO - Processing /opt/airflow/dags/Copy_smoke_pipeline.py took 0.219 seconds
[2026-01-01T01:55:01.465+0000] {processor.py:161} INFO - Started process (PID=1987) to work on /opt/airflow/dags/Copy_smoke_pipeline.py
[2026-01-01T01:55:01.467+0000] {processor.py:830} INFO - Processing file /opt/airflow/dags/Copy_smoke_pipeline.py for tasks to queue
[2026-01-01T01:55:01.468+0000] {logging_mixin.py:188} INFO - [2026-01-01T01:55:01.468+0000] {dagbag.py:545} INFO - Filling up the DagBag from /opt/airflow/dags/Copy_smoke_pipeline.py
[2026-01-01T01:55:01.514+0000] {processor.py:840} INFO - DAG(s) 'copy_smoke_test' retrieved from /opt/airflow/dags/Copy_smoke_pipeline.py
[2026-01-01T01:55:01.580+0000] {logging_mixin.py:188} INFO - [2026-01-01T01:55:01.580+0000] {dag.py:3089} INFO - Sync 1 DAGs
[2026-01-01T01:55:01.612+0000] {logging_mixin.py:188} INFO - [2026-01-01T01:55:01.612+0000] {dag.py:3947} INFO - Setting next_dagrun for copy_smoke_test to None, run_after=None
[2026-01-01T01:55:01.659+0000] {processor.py:183} INFO - Processing /opt/airflow/dags/Copy_smoke_pipeline.py took 0.207 seconds
[2026-01-01T01:55:32.373+0000] {processor.py:161} INFO - Started process (PID=2007) to work on /opt/airflow/dags/Copy_smoke_pipeline.py
[2026-01-01T01:55:32.374+0000] {processor.py:830} INFO - Processing file /opt/airflow/dags/Copy_smoke_pipeline.py for tasks to queue
[2026-01-01T01:55:32.376+0000] {logging_mixin.py:188} INFO - [2026-01-01T01:55:32.375+0000] {dagbag.py:545} INFO - Filling up the DagBag from /opt/airflow/dags/Copy_smoke_pipeline.py
[2026-01-01T01:55:32.400+0000] {processor.py:840} INFO - DAG(s) 'copy_smoke_test' retrieved from /opt/airflow/dags/Copy_smoke_pipeline.py
[2026-01-01T01:55:32.449+0000] {logging_mixin.py:188} INFO - [2026-01-01T01:55:32.449+0000] {dag.py:3089} INFO - Sync 1 DAGs
[2026-01-01T01:55:32.464+0000] {logging_mixin.py:188} INFO - [2026-01-01T01:55:32.464+0000] {dag.py:3947} INFO - Setting next_dagrun for copy_smoke_test to None, run_after=None
[2026-01-01T01:55:32.493+0000] {processor.py:183} INFO - Processing /opt/airflow/dags/Copy_smoke_pipeline.py took 0.129 seconds
[2026-01-01T01:56:02.984+0000] {processor.py:161} INFO - Started process (PID=2032) to work on /opt/airflow/dags/Copy_smoke_pipeline.py
[2026-01-01T01:56:02.989+0000] {processor.py:830} INFO - Processing file /opt/airflow/dags/Copy_smoke_pipeline.py for tasks to queue
[2026-01-01T01:56:02.993+0000] {logging_mixin.py:188} INFO - [2026-01-01T01:56:02.992+0000] {dagbag.py:545} INFO - Filling up the DagBag from /opt/airflow/dags/Copy_smoke_pipeline.py
[2026-01-01T01:56:03.067+0000] {processor.py:840} INFO - DAG(s) 'copy_smoke_test' retrieved from /opt/airflow/dags/Copy_smoke_pipeline.py
[2026-01-01T01:56:03.209+0000] {logging_mixin.py:188} INFO - [2026-01-01T01:56:03.209+0000] {dag.py:3089} INFO - Sync 1 DAGs
[2026-01-01T01:56:03.259+0000] {logging_mixin.py:188} INFO - [2026-01-01T01:56:03.259+0000] {dag.py:3947} INFO - Setting next_dagrun for copy_smoke_test to None, run_after=None
[2026-01-01T01:56:03.338+0000] {processor.py:183} INFO - Processing /opt/airflow/dags/Copy_smoke_pipeline.py took 0.412 seconds
[2026-01-01T01:56:33.830+0000] {processor.py:161} INFO - Started process (PID=2057) to work on /opt/airflow/dags/Copy_smoke_pipeline.py
[2026-01-01T01:56:33.832+0000] {processor.py:830} INFO - Processing file /opt/airflow/dags/Copy_smoke_pipeline.py for tasks to queue
[2026-01-01T01:56:33.834+0000] {logging_mixin.py:188} INFO - [2026-01-01T01:56:33.833+0000] {dagbag.py:545} INFO - Filling up the DagBag from /opt/airflow/dags/Copy_smoke_pipeline.py
[2026-01-01T01:56:33.869+0000] {processor.py:840} INFO - DAG(s) 'copy_smoke_test' retrieved from /opt/airflow/dags/Copy_smoke_pipeline.py
[2026-01-01T01:56:33.938+0000] {logging_mixin.py:188} INFO - [2026-01-01T01:56:33.937+0000] {dag.py:3089} INFO - Sync 1 DAGs
[2026-01-01T01:56:33.959+0000] {logging_mixin.py:188} INFO - [2026-01-01T01:56:33.959+0000] {dag.py:3947} INFO - Setting next_dagrun for copy_smoke_test to None, run_after=None
[2026-01-01T01:56:33.991+0000] {processor.py:183} INFO - Processing /opt/airflow/dags/Copy_smoke_pipeline.py took 0.172 seconds
[2026-01-01T01:57:04.731+0000] {processor.py:161} INFO - Started process (PID=2082) to work on /opt/airflow/dags/Copy_smoke_pipeline.py
[2026-01-01T01:57:04.733+0000] {processor.py:830} INFO - Processing file /opt/airflow/dags/Copy_smoke_pipeline.py for tasks to queue
[2026-01-01T01:57:04.735+0000] {logging_mixin.py:188} INFO - [2026-01-01T01:57:04.734+0000] {dagbag.py:545} INFO - Filling up the DagBag from /opt/airflow/dags/Copy_smoke_pipeline.py
[2026-01-01T01:57:04.768+0000] {processor.py:840} INFO - DAG(s) 'copy_smoke_test' retrieved from /opt/airflow/dags/Copy_smoke_pipeline.py
[2026-01-01T01:57:04.825+0000] {logging_mixin.py:188} INFO - [2026-01-01T01:57:04.825+0000] {dag.py:3089} INFO - Sync 1 DAGs
[2026-01-01T01:57:04.846+0000] {logging_mixin.py:188} INFO - [2026-01-01T01:57:04.846+0000] {dag.py:3947} INFO - Setting next_dagrun for copy_smoke_test to None, run_after=None
[2026-01-01T01:57:04.877+0000] {processor.py:183} INFO - Processing /opt/airflow/dags/Copy_smoke_pipeline.py took 0.156 seconds
[2026-01-01T01:57:35.464+0000] {processor.py:161} INFO - Started process (PID=2107) to work on /opt/airflow/dags/Copy_smoke_pipeline.py
[2026-01-01T01:57:35.465+0000] {processor.py:830} INFO - Processing file /opt/airflow/dags/Copy_smoke_pipeline.py for tasks to queue
[2026-01-01T01:57:35.467+0000] {logging_mixin.py:188} INFO - [2026-01-01T01:57:35.467+0000] {dagbag.py:545} INFO - Filling up the DagBag from /opt/airflow/dags/Copy_smoke_pipeline.py
[2026-01-01T01:57:35.499+0000] {processor.py:840} INFO - DAG(s) 'copy_smoke_test' retrieved from /opt/airflow/dags/Copy_smoke_pipeline.py
[2026-01-01T01:57:35.561+0000] {logging_mixin.py:188} INFO - [2026-01-01T01:57:35.561+0000] {dag.py:3089} INFO - Sync 1 DAGs
[2026-01-01T01:57:35.583+0000] {logging_mixin.py:188} INFO - [2026-01-01T01:57:35.582+0000] {dag.py:3947} INFO - Setting next_dagrun for copy_smoke_test to None, run_after=None
[2026-01-01T01:57:35.620+0000] {processor.py:183} INFO - Processing /opt/airflow/dags/Copy_smoke_pipeline.py took 0.168 seconds
[2026-01-01T01:58:05.907+0000] {processor.py:161} INFO - Started process (PID=2132) to work on /opt/airflow/dags/Copy_smoke_pipeline.py
[2026-01-01T01:58:05.909+0000] {processor.py:830} INFO - Processing file /opt/airflow/dags/Copy_smoke_pipeline.py for tasks to queue
[2026-01-01T01:58:05.911+0000] {logging_mixin.py:188} INFO - [2026-01-01T01:58:05.910+0000] {dagbag.py:545} INFO - Filling up the DagBag from /opt/airflow/dags/Copy_smoke_pipeline.py
[2026-01-01T01:58:05.957+0000] {processor.py:840} INFO - DAG(s) 'copy_smoke_test' retrieved from /opt/airflow/dags/Copy_smoke_pipeline.py
[2026-01-01T01:58:06.054+0000] {logging_mixin.py:188} INFO - [2026-01-01T01:58:06.054+0000] {dag.py:3089} INFO - Sync 1 DAGs
[2026-01-01T01:58:06.087+0000] {logging_mixin.py:188} INFO - [2026-01-01T01:58:06.086+0000] {dag.py:3947} INFO - Setting next_dagrun for copy_smoke_test to None, run_after=None
[2026-01-01T01:58:06.149+0000] {processor.py:183} INFO - Processing /opt/airflow/dags/Copy_smoke_pipeline.py took 0.262 seconds
[2026-01-01T01:58:36.515+0000] {processor.py:161} INFO - Started process (PID=2157) to work on /opt/airflow/dags/Copy_smoke_pipeline.py
[2026-01-01T01:58:36.517+0000] {processor.py:830} INFO - Processing file /opt/airflow/dags/Copy_smoke_pipeline.py for tasks to queue
[2026-01-01T01:58:36.519+0000] {logging_mixin.py:188} INFO - [2026-01-01T01:58:36.519+0000] {dagbag.py:545} INFO - Filling up the DagBag from /opt/airflow/dags/Copy_smoke_pipeline.py
[2026-01-01T01:58:36.554+0000] {processor.py:840} INFO - DAG(s) 'copy_smoke_test' retrieved from /opt/airflow/dags/Copy_smoke_pipeline.py
[2026-01-01T01:58:36.611+0000] {logging_mixin.py:188} INFO - [2026-01-01T01:58:36.611+0000] {dag.py:3089} INFO - Sync 1 DAGs
[2026-01-01T01:58:36.628+0000] {logging_mixin.py:188} INFO - [2026-01-01T01:58:36.628+0000] {dag.py:3947} INFO - Setting next_dagrun for copy_smoke_test to None, run_after=None
[2026-01-01T01:58:36.653+0000] {processor.py:183} INFO - Processing /opt/airflow/dags/Copy_smoke_pipeline.py took 0.150 seconds
[2026-01-01T01:59:07.425+0000] {processor.py:161} INFO - Started process (PID=2182) to work on /opt/airflow/dags/Copy_smoke_pipeline.py
[2026-01-01T01:59:07.428+0000] {processor.py:830} INFO - Processing file /opt/airflow/dags/Copy_smoke_pipeline.py for tasks to queue
[2026-01-01T01:59:07.433+0000] {logging_mixin.py:188} INFO - [2026-01-01T01:59:07.432+0000] {dagbag.py:545} INFO - Filling up the DagBag from /opt/airflow/dags/Copy_smoke_pipeline.py
[2026-01-01T01:59:07.486+0000] {processor.py:840} INFO - DAG(s) 'copy_smoke_test' retrieved from /opt/airflow/dags/Copy_smoke_pipeline.py
[2026-01-01T01:59:07.592+0000] {logging_mixin.py:188} INFO - [2026-01-01T01:59:07.591+0000] {dag.py:3089} INFO - Sync 1 DAGs
[2026-01-01T01:59:07.632+0000] {logging_mixin.py:188} INFO - [2026-01-01T01:59:07.631+0000] {dag.py:3947} INFO - Setting next_dagrun for copy_smoke_test to None, run_after=None
[2026-01-01T01:59:07.678+0000] {processor.py:183} INFO - Processing /opt/airflow/dags/Copy_smoke_pipeline.py took 0.273 seconds
[2026-01-01T01:59:38.093+0000] {processor.py:161} INFO - Started process (PID=2207) to work on /opt/airflow/dags/Copy_smoke_pipeline.py
[2026-01-01T01:59:38.094+0000] {processor.py:830} INFO - Processing file /opt/airflow/dags/Copy_smoke_pipeline.py for tasks to queue
[2026-01-01T01:59:38.104+0000] {logging_mixin.py:188} INFO - [2026-01-01T01:59:38.103+0000] {dagbag.py:545} INFO - Filling up the DagBag from /opt/airflow/dags/Copy_smoke_pipeline.py
[2026-01-01T01:59:38.143+0000] {processor.py:840} INFO - DAG(s) 'copy_smoke_test' retrieved from /opt/airflow/dags/Copy_smoke_pipeline.py
[2026-01-01T01:59:38.197+0000] {logging_mixin.py:188} INFO - [2026-01-01T01:59:38.196+0000] {dag.py:3089} INFO - Sync 1 DAGs
[2026-01-01T01:59:38.215+0000] {logging_mixin.py:188} INFO - [2026-01-01T01:59:38.215+0000] {dag.py:3947} INFO - Setting next_dagrun for copy_smoke_test to None, run_after=None
[2026-01-01T01:59:38.244+0000] {processor.py:183} INFO - Processing /opt/airflow/dags/Copy_smoke_pipeline.py took 0.164 seconds
[2026-01-01T02:00:08.811+0000] {processor.py:161} INFO - Started process (PID=2232) to work on /opt/airflow/dags/Copy_smoke_pipeline.py
[2026-01-01T02:00:08.864+0000] {processor.py:830} INFO - Processing file /opt/airflow/dags/Copy_smoke_pipeline.py for tasks to queue
[2026-01-01T02:00:08.882+0000] {logging_mixin.py:188} INFO - [2026-01-01T02:00:08.881+0000] {dagbag.py:545} INFO - Filling up the DagBag from /opt/airflow/dags/Copy_smoke_pipeline.py
[2026-01-01T02:00:09.379+0000] {processor.py:840} INFO - DAG(s) 'copy_smoke_test' retrieved from /opt/airflow/dags/Copy_smoke_pipeline.py
[2026-01-01T02:00:09.677+0000] {logging_mixin.py:188} INFO - [2026-01-01T02:00:09.667+0000] {dag.py:3089} INFO - Sync 1 DAGs
[2026-01-01T02:00:09.769+0000] {logging_mixin.py:188} INFO - [2026-01-01T02:00:09.769+0000] {dag.py:3947} INFO - Setting next_dagrun for copy_smoke_test to None, run_after=None
[2026-01-01T02:00:09.859+0000] {processor.py:183} INFO - Processing /opt/airflow/dags/Copy_smoke_pipeline.py took 1.089 seconds
[2026-01-01T02:00:40.277+0000] {processor.py:161} INFO - Started process (PID=2259) to work on /opt/airflow/dags/Copy_smoke_pipeline.py
[2026-01-01T02:00:40.279+0000] {processor.py:830} INFO - Processing file /opt/airflow/dags/Copy_smoke_pipeline.py for tasks to queue
[2026-01-01T02:00:40.281+0000] {logging_mixin.py:188} INFO - [2026-01-01T02:00:40.280+0000] {dagbag.py:545} INFO - Filling up the DagBag from /opt/airflow/dags/Copy_smoke_pipeline.py
[2026-01-01T02:00:40.317+0000] {processor.py:840} INFO - DAG(s) 'copy_smoke_test' retrieved from /opt/airflow/dags/Copy_smoke_pipeline.py
[2026-01-01T02:00:40.387+0000] {logging_mixin.py:188} INFO - [2026-01-01T02:00:40.387+0000] {dag.py:3089} INFO - Sync 1 DAGs
[2026-01-01T02:00:40.408+0000] {logging_mixin.py:188} INFO - [2026-01-01T02:00:40.407+0000] {dag.py:3947} INFO - Setting next_dagrun for copy_smoke_test to None, run_after=None
[2026-01-01T02:00:40.439+0000] {processor.py:183} INFO - Processing /opt/airflow/dags/Copy_smoke_pipeline.py took 0.178 seconds
[2026-01-01T02:01:10.626+0000] {processor.py:161} INFO - Started process (PID=2282) to work on /opt/airflow/dags/Copy_smoke_pipeline.py
[2026-01-01T02:01:10.628+0000] {processor.py:830} INFO - Processing file /opt/airflow/dags/Copy_smoke_pipeline.py for tasks to queue
[2026-01-01T02:01:10.630+0000] {logging_mixin.py:188} INFO - [2026-01-01T02:01:10.629+0000] {dagbag.py:545} INFO - Filling up the DagBag from /opt/airflow/dags/Copy_smoke_pipeline.py
[2026-01-01T02:01:10.665+0000] {processor.py:840} INFO - DAG(s) 'copy_smoke_test' retrieved from /opt/airflow/dags/Copy_smoke_pipeline.py
[2026-01-01T02:01:10.750+0000] {logging_mixin.py:188} INFO - [2026-01-01T02:01:10.750+0000] {dag.py:3089} INFO - Sync 1 DAGs
[2026-01-01T02:01:10.779+0000] {logging_mixin.py:188} INFO - [2026-01-01T02:01:10.779+0000] {dag.py:3947} INFO - Setting next_dagrun for copy_smoke_test to None, run_after=None
[2026-01-01T02:01:10.833+0000] {processor.py:183} INFO - Processing /opt/airflow/dags/Copy_smoke_pipeline.py took 0.223 seconds
[2026-01-01T02:01:41.633+0000] {processor.py:161} INFO - Started process (PID=2307) to work on /opt/airflow/dags/Copy_smoke_pipeline.py
[2026-01-01T02:01:41.635+0000] {processor.py:830} INFO - Processing file /opt/airflow/dags/Copy_smoke_pipeline.py for tasks to queue
[2026-01-01T02:01:41.637+0000] {logging_mixin.py:188} INFO - [2026-01-01T02:01:41.636+0000] {dagbag.py:545} INFO - Filling up the DagBag from /opt/airflow/dags/Copy_smoke_pipeline.py
[2026-01-01T02:01:41.677+0000] {processor.py:840} INFO - DAG(s) 'copy_smoke_test' retrieved from /opt/airflow/dags/Copy_smoke_pipeline.py
[2026-01-01T02:01:41.765+0000] {logging_mixin.py:188} INFO - [2026-01-01T02:01:41.764+0000] {dag.py:3089} INFO - Sync 1 DAGs
[2026-01-01T02:01:41.796+0000] {logging_mixin.py:188} INFO - [2026-01-01T02:01:41.795+0000] {dag.py:3947} INFO - Setting next_dagrun for copy_smoke_test to None, run_after=None
[2026-01-01T02:01:41.874+0000] {processor.py:183} INFO - Processing /opt/airflow/dags/Copy_smoke_pipeline.py took 0.261 seconds
[2026-01-01T02:02:12.092+0000] {processor.py:161} INFO - Started process (PID=2332) to work on /opt/airflow/dags/Copy_smoke_pipeline.py
[2026-01-01T02:02:12.095+0000] {processor.py:830} INFO - Processing file /opt/airflow/dags/Copy_smoke_pipeline.py for tasks to queue
[2026-01-01T02:02:12.098+0000] {logging_mixin.py:188} INFO - [2026-01-01T02:02:12.097+0000] {dagbag.py:545} INFO - Filling up the DagBag from /opt/airflow/dags/Copy_smoke_pipeline.py
[2026-01-01T02:02:12.150+0000] {processor.py:840} INFO - DAG(s) 'copy_smoke_test' retrieved from /opt/airflow/dags/Copy_smoke_pipeline.py
[2026-01-01T02:02:12.227+0000] {logging_mixin.py:188} INFO - [2026-01-01T02:02:12.227+0000] {dag.py:3089} INFO - Sync 1 DAGs
[2026-01-01T02:02:12.271+0000] {logging_mixin.py:188} INFO - [2026-01-01T02:02:12.270+0000] {dag.py:3947} INFO - Setting next_dagrun for copy_smoke_test to None, run_after=None
[2026-01-01T02:02:12.349+0000] {processor.py:183} INFO - Processing /opt/airflow/dags/Copy_smoke_pipeline.py took 0.275 seconds
[2026-01-01T02:02:42.569+0000] {processor.py:161} INFO - Started process (PID=2357) to work on /opt/airflow/dags/Copy_smoke_pipeline.py
[2026-01-01T02:02:42.581+0000] {processor.py:830} INFO - Processing file /opt/airflow/dags/Copy_smoke_pipeline.py for tasks to queue
[2026-01-01T02:02:42.591+0000] {logging_mixin.py:188} INFO - [2026-01-01T02:02:42.588+0000] {dagbag.py:545} INFO - Filling up the DagBag from /opt/airflow/dags/Copy_smoke_pipeline.py
[2026-01-01T02:02:42.699+0000] {processor.py:840} INFO - DAG(s) 'copy_smoke_test' retrieved from /opt/airflow/dags/Copy_smoke_pipeline.py
[2026-01-01T02:02:42.827+0000] {logging_mixin.py:188} INFO - [2026-01-01T02:02:42.827+0000] {dag.py:3089} INFO - Sync 1 DAGs
[2026-01-01T02:02:42.883+0000] {logging_mixin.py:188} INFO - [2026-01-01T02:02:42.882+0000] {dag.py:3947} INFO - Setting next_dagrun for copy_smoke_test to None, run_after=None
[2026-01-01T02:02:42.942+0000] {processor.py:183} INFO - Processing /opt/airflow/dags/Copy_smoke_pipeline.py took 0.420 seconds
[2026-01-01T02:03:13.200+0000] {processor.py:161} INFO - Started process (PID=2382) to work on /opt/airflow/dags/Copy_smoke_pipeline.py
[2026-01-01T02:03:13.202+0000] {processor.py:830} INFO - Processing file /opt/airflow/dags/Copy_smoke_pipeline.py for tasks to queue
[2026-01-01T02:03:13.205+0000] {logging_mixin.py:188} INFO - [2026-01-01T02:03:13.204+0000] {dagbag.py:545} INFO - Filling up the DagBag from /opt/airflow/dags/Copy_smoke_pipeline.py
[2026-01-01T02:03:13.276+0000] {processor.py:840} INFO - DAG(s) 'copy_smoke_test' retrieved from /opt/airflow/dags/Copy_smoke_pipeline.py
[2026-01-01T02:03:13.374+0000] {logging_mixin.py:188} INFO - [2026-01-01T02:03:13.373+0000] {dag.py:3089} INFO - Sync 1 DAGs
[2026-01-01T02:03:13.430+0000] {logging_mixin.py:188} INFO - [2026-01-01T02:03:13.430+0000] {dag.py:3947} INFO - Setting next_dagrun for copy_smoke_test to None, run_after=None
[2026-01-01T02:03:13.538+0000] {processor.py:183} INFO - Processing /opt/airflow/dags/Copy_smoke_pipeline.py took 0.363 seconds
[2026-01-01T02:03:43.886+0000] {processor.py:161} INFO - Started process (PID=2407) to work on /opt/airflow/dags/Copy_smoke_pipeline.py
[2026-01-01T02:03:43.889+0000] {processor.py:830} INFO - Processing file /opt/airflow/dags/Copy_smoke_pipeline.py for tasks to queue
[2026-01-01T02:03:43.895+0000] {logging_mixin.py:188} INFO - [2026-01-01T02:03:43.894+0000] {dagbag.py:545} INFO - Filling up the DagBag from /opt/airflow/dags/Copy_smoke_pipeline.py
[2026-01-01T02:03:43.985+0000] {processor.py:840} INFO - DAG(s) 'copy_smoke_test' retrieved from /opt/airflow/dags/Copy_smoke_pipeline.py
[2026-01-01T02:03:44.119+0000] {logging_mixin.py:188} INFO - [2026-01-01T02:03:44.119+0000] {dag.py:3089} INFO - Sync 1 DAGs
[2026-01-01T02:03:44.188+0000] {logging_mixin.py:188} INFO - [2026-01-01T02:03:44.187+0000] {dag.py:3947} INFO - Setting next_dagrun for copy_smoke_test to None, run_after=None
[2026-01-01T02:03:44.282+0000] {processor.py:183} INFO - Processing /opt/airflow/dags/Copy_smoke_pipeline.py took 0.416 seconds
[2026-01-01T02:04:14.453+0000] {processor.py:161} INFO - Started process (PID=2432) to work on /opt/airflow/dags/Copy_smoke_pipeline.py
[2026-01-01T02:04:14.465+0000] {processor.py:830} INFO - Processing file /opt/airflow/dags/Copy_smoke_pipeline.py for tasks to queue
[2026-01-01T02:04:14.468+0000] {logging_mixin.py:188} INFO - [2026-01-01T02:04:14.467+0000] {dagbag.py:545} INFO - Filling up the DagBag from /opt/airflow/dags/Copy_smoke_pipeline.py
[2026-01-01T02:04:14.522+0000] {processor.py:840} INFO - DAG(s) 'copy_smoke_test' retrieved from /opt/airflow/dags/Copy_smoke_pipeline.py
[2026-01-01T02:04:14.613+0000] {logging_mixin.py:188} INFO - [2026-01-01T02:04:14.613+0000] {dag.py:3089} INFO - Sync 1 DAGs
[2026-01-01T02:04:14.647+0000] {logging_mixin.py:188} INFO - [2026-01-01T02:04:14.646+0000] {dag.py:3947} INFO - Setting next_dagrun for copy_smoke_test to None, run_after=None
[2026-01-01T02:04:14.715+0000] {processor.py:183} INFO - Processing /opt/airflow/dags/Copy_smoke_pipeline.py took 0.277 seconds
[2026-01-01T02:04:44.911+0000] {processor.py:161} INFO - Started process (PID=2457) to work on /opt/airflow/dags/Copy_smoke_pipeline.py
[2026-01-01T02:04:44.916+0000] {processor.py:830} INFO - Processing file /opt/airflow/dags/Copy_smoke_pipeline.py for tasks to queue
[2026-01-01T02:04:44.918+0000] {logging_mixin.py:188} INFO - [2026-01-01T02:04:44.917+0000] {dagbag.py:545} INFO - Filling up the DagBag from /opt/airflow/dags/Copy_smoke_pipeline.py
[2026-01-01T02:04:44.999+0000] {processor.py:840} INFO - DAG(s) 'copy_smoke_test' retrieved from /opt/airflow/dags/Copy_smoke_pipeline.py
[2026-01-01T02:04:45.174+0000] {logging_mixin.py:188} INFO - [2026-01-01T02:04:45.173+0000] {dag.py:3089} INFO - Sync 1 DAGs
[2026-01-01T02:04:45.214+0000] {logging_mixin.py:188} INFO - [2026-01-01T02:04:45.214+0000] {dag.py:3947} INFO - Setting next_dagrun for copy_smoke_test to None, run_after=None
[2026-01-01T02:04:45.269+0000] {processor.py:183} INFO - Processing /opt/airflow/dags/Copy_smoke_pipeline.py took 0.384 seconds
[2026-01-01T02:05:15.474+0000] {processor.py:161} INFO - Started process (PID=2482) to work on /opt/airflow/dags/Copy_smoke_pipeline.py
[2026-01-01T02:05:15.478+0000] {processor.py:830} INFO - Processing file /opt/airflow/dags/Copy_smoke_pipeline.py for tasks to queue
[2026-01-01T02:05:15.481+0000] {logging_mixin.py:188} INFO - [2026-01-01T02:05:15.479+0000] {dagbag.py:545} INFO - Filling up the DagBag from /opt/airflow/dags/Copy_smoke_pipeline.py
[2026-01-01T02:05:15.541+0000] {processor.py:840} INFO - DAG(s) 'copy_smoke_test' retrieved from /opt/airflow/dags/Copy_smoke_pipeline.py
[2026-01-01T02:05:15.668+0000] {logging_mixin.py:188} INFO - [2026-01-01T02:05:15.667+0000] {dag.py:3089} INFO - Sync 1 DAGs
[2026-01-01T02:05:15.710+0000] {logging_mixin.py:188} INFO - [2026-01-01T02:05:15.709+0000] {dag.py:3947} INFO - Setting next_dagrun for copy_smoke_test to None, run_after=None
[2026-01-01T02:05:15.766+0000] {processor.py:183} INFO - Processing /opt/airflow/dags/Copy_smoke_pipeline.py took 0.315 seconds
[2026-01-01T02:05:46.354+0000] {processor.py:161} INFO - Started process (PID=2507) to work on /opt/airflow/dags/Copy_smoke_pipeline.py
[2026-01-01T02:05:46.382+0000] {processor.py:830} INFO - Processing file /opt/airflow/dags/Copy_smoke_pipeline.py for tasks to queue
[2026-01-01T02:05:46.391+0000] {logging_mixin.py:188} INFO - [2026-01-01T02:05:46.389+0000] {dagbag.py:545} INFO - Filling up the DagBag from /opt/airflow/dags/Copy_smoke_pipeline.py
[2026-01-01T02:05:46.765+0000] {processor.py:840} INFO - DAG(s) 'copy_smoke_test' retrieved from /opt/airflow/dags/Copy_smoke_pipeline.py
[2026-01-01T02:05:46.930+0000] {logging_mixin.py:188} INFO - [2026-01-01T02:05:46.930+0000] {dag.py:3089} INFO - Sync 1 DAGs
[2026-01-01T02:05:46.998+0000] {logging_mixin.py:188} INFO - [2026-01-01T02:05:46.998+0000] {dag.py:3947} INFO - Setting next_dagrun for copy_smoke_test to None, run_after=None
[2026-01-01T02:05:47.074+0000] {processor.py:183} INFO - Processing /opt/airflow/dags/Copy_smoke_pipeline.py took 0.777 seconds
[2026-01-01T02:06:17.478+0000] {processor.py:161} INFO - Started process (PID=2534) to work on /opt/airflow/dags/Copy_smoke_pipeline.py
[2026-01-01T02:06:17.480+0000] {processor.py:830} INFO - Processing file /opt/airflow/dags/Copy_smoke_pipeline.py for tasks to queue
[2026-01-01T02:06:17.482+0000] {logging_mixin.py:188} INFO - [2026-01-01T02:06:17.481+0000] {dagbag.py:545} INFO - Filling up the DagBag from /opt/airflow/dags/Copy_smoke_pipeline.py
[2026-01-01T02:06:17.519+0000] {processor.py:840} INFO - DAG(s) 'copy_smoke_test' retrieved from /opt/airflow/dags/Copy_smoke_pipeline.py
[2026-01-01T02:06:17.578+0000] {logging_mixin.py:188} INFO - [2026-01-01T02:06:17.577+0000] {dag.py:3089} INFO - Sync 1 DAGs
[2026-01-01T02:06:17.604+0000] {logging_mixin.py:188} INFO - [2026-01-01T02:06:17.604+0000] {dag.py:3947} INFO - Setting next_dagrun for copy_smoke_test to None, run_after=None
[2026-01-01T02:06:17.654+0000] {processor.py:183} INFO - Processing /opt/airflow/dags/Copy_smoke_pipeline.py took 0.192 seconds
[2026-01-01T02:06:47.839+0000] {processor.py:161} INFO - Started process (PID=2557) to work on /opt/airflow/dags/Copy_smoke_pipeline.py
[2026-01-01T02:06:47.841+0000] {processor.py:830} INFO - Processing file /opt/airflow/dags/Copy_smoke_pipeline.py for tasks to queue
[2026-01-01T02:06:47.844+0000] {logging_mixin.py:188} INFO - [2026-01-01T02:06:47.844+0000] {dagbag.py:545} INFO - Filling up the DagBag from /opt/airflow/dags/Copy_smoke_pipeline.py
[2026-01-01T02:06:47.882+0000] {processor.py:840} INFO - DAG(s) 'copy_smoke_test' retrieved from /opt/airflow/dags/Copy_smoke_pipeline.py
[2026-01-01T02:06:47.975+0000] {logging_mixin.py:188} INFO - [2026-01-01T02:06:47.974+0000] {dag.py:3089} INFO - Sync 1 DAGs
[2026-01-01T02:06:48.007+0000] {logging_mixin.py:188} INFO - [2026-01-01T02:06:48.006+0000] {dag.py:3947} INFO - Setting next_dagrun for copy_smoke_test to None, run_after=None
[2026-01-01T02:06:48.057+0000] {processor.py:183} INFO - Processing /opt/airflow/dags/Copy_smoke_pipeline.py took 0.232 seconds
[2026-01-01T02:07:18.174+0000] {processor.py:161} INFO - Started process (PID=2582) to work on /opt/airflow/dags/Copy_smoke_pipeline.py
[2026-01-01T02:07:18.177+0000] {processor.py:830} INFO - Processing file /opt/airflow/dags/Copy_smoke_pipeline.py for tasks to queue
[2026-01-01T02:07:18.179+0000] {logging_mixin.py:188} INFO - [2026-01-01T02:07:18.178+0000] {dagbag.py:545} INFO - Filling up the DagBag from /opt/airflow/dags/Copy_smoke_pipeline.py
[2026-01-01T02:07:18.206+0000] {processor.py:840} INFO - DAG(s) 'copy_smoke_test' retrieved from /opt/airflow/dags/Copy_smoke_pipeline.py
[2026-01-01T02:07:18.281+0000] {logging_mixin.py:188} INFO - [2026-01-01T02:07:18.280+0000] {dag.py:3089} INFO - Sync 1 DAGs
[2026-01-01T02:07:18.310+0000] {logging_mixin.py:188} INFO - [2026-01-01T02:07:18.310+0000] {dag.py:3947} INFO - Setting next_dagrun for copy_smoke_test to None, run_after=None
[2026-01-01T02:07:18.348+0000] {processor.py:183} INFO - Processing /opt/airflow/dags/Copy_smoke_pipeline.py took 0.188 seconds
[2026-01-01T02:07:49.223+0000] {processor.py:161} INFO - Started process (PID=2607) to work on /opt/airflow/dags/Copy_smoke_pipeline.py
[2026-01-01T02:07:49.224+0000] {processor.py:830} INFO - Processing file /opt/airflow/dags/Copy_smoke_pipeline.py for tasks to queue
[2026-01-01T02:07:49.226+0000] {logging_mixin.py:188} INFO - [2026-01-01T02:07:49.225+0000] {dagbag.py:545} INFO - Filling up the DagBag from /opt/airflow/dags/Copy_smoke_pipeline.py
[2026-01-01T02:07:49.257+0000] {processor.py:840} INFO - DAG(s) 'copy_smoke_test' retrieved from /opt/airflow/dags/Copy_smoke_pipeline.py
[2026-01-01T02:07:49.307+0000] {logging_mixin.py:188} INFO - [2026-01-01T02:07:49.306+0000] {dag.py:3089} INFO - Sync 1 DAGs
[2026-01-01T02:07:49.326+0000] {logging_mixin.py:188} INFO - [2026-01-01T02:07:49.325+0000] {dag.py:3947} INFO - Setting next_dagrun for copy_smoke_test to None, run_after=None
[2026-01-01T02:07:49.355+0000] {processor.py:183} INFO - Processing /opt/airflow/dags/Copy_smoke_pipeline.py took 0.142 seconds
[2026-01-01T02:08:20.132+0000] {processor.py:161} INFO - Started process (PID=2632) to work on /opt/airflow/dags/Copy_smoke_pipeline.py
[2026-01-01T02:08:20.137+0000] {processor.py:830} INFO - Processing file /opt/airflow/dags/Copy_smoke_pipeline.py for tasks to queue
[2026-01-01T02:08:20.139+0000] {logging_mixin.py:188} INFO - [2026-01-01T02:08:20.138+0000] {dagbag.py:545} INFO - Filling up the DagBag from /opt/airflow/dags/Copy_smoke_pipeline.py
[2026-01-01T02:08:20.225+0000] {processor.py:840} INFO - DAG(s) 'copy_smoke_test' retrieved from /opt/airflow/dags/Copy_smoke_pipeline.py
[2026-01-01T02:08:20.328+0000] {logging_mixin.py:188} INFO - [2026-01-01T02:08:20.327+0000] {dag.py:3089} INFO - Sync 1 DAGs
[2026-01-01T02:08:20.369+0000] {logging_mixin.py:188} INFO - [2026-01-01T02:08:20.368+0000] {dag.py:3947} INFO - Setting next_dagrun for copy_smoke_test to None, run_after=None
[2026-01-01T02:08:20.415+0000] {processor.py:183} INFO - Processing /opt/airflow/dags/Copy_smoke_pipeline.py took 0.313 seconds
[2026-01-01T02:08:50.680+0000] {processor.py:161} INFO - Started process (PID=2657) to work on /opt/airflow/dags/Copy_smoke_pipeline.py
[2026-01-01T02:08:50.683+0000] {processor.py:830} INFO - Processing file /opt/airflow/dags/Copy_smoke_pipeline.py for tasks to queue
[2026-01-01T02:08:50.686+0000] {logging_mixin.py:188} INFO - [2026-01-01T02:08:50.685+0000] {dagbag.py:545} INFO - Filling up the DagBag from /opt/airflow/dags/Copy_smoke_pipeline.py
[2026-01-01T02:08:50.726+0000] {processor.py:840} INFO - DAG(s) 'copy_smoke_test' retrieved from /opt/airflow/dags/Copy_smoke_pipeline.py
[2026-01-01T02:08:50.832+0000] {logging_mixin.py:188} INFO - [2026-01-01T02:08:50.832+0000] {dag.py:3089} INFO - Sync 1 DAGs
[2026-01-01T02:08:50.873+0000] {logging_mixin.py:188} INFO - [2026-01-01T02:08:50.872+0000] {dag.py:3947} INFO - Setting next_dagrun for copy_smoke_test to None, run_after=None
[2026-01-01T02:08:50.945+0000] {processor.py:183} INFO - Processing /opt/airflow/dags/Copy_smoke_pipeline.py took 0.282 seconds
[2026-01-01T02:09:21.086+0000] {processor.py:161} INFO - Started process (PID=2682) to work on /opt/airflow/dags/Copy_smoke_pipeline.py
[2026-01-01T02:09:21.088+0000] {processor.py:830} INFO - Processing file /opt/airflow/dags/Copy_smoke_pipeline.py for tasks to queue
[2026-01-01T02:09:21.089+0000] {logging_mixin.py:188} INFO - [2026-01-01T02:09:21.089+0000] {dagbag.py:545} INFO - Filling up the DagBag from /opt/airflow/dags/Copy_smoke_pipeline.py
[2026-01-01T02:09:21.118+0000] {processor.py:840} INFO - DAG(s) 'copy_smoke_test' retrieved from /opt/airflow/dags/Copy_smoke_pipeline.py
[2026-01-01T02:09:21.169+0000] {logging_mixin.py:188} INFO - [2026-01-01T02:09:21.168+0000] {dag.py:3089} INFO - Sync 1 DAGs
[2026-01-01T02:09:21.185+0000] {logging_mixin.py:188} INFO - [2026-01-01T02:09:21.184+0000] {dag.py:3947} INFO - Setting next_dagrun for copy_smoke_test to None, run_after=None
[2026-01-01T02:09:21.213+0000] {processor.py:183} INFO - Processing /opt/airflow/dags/Copy_smoke_pipeline.py took 0.137 seconds
[2026-01-01T02:09:52.043+0000] {processor.py:161} INFO - Started process (PID=2707) to work on /opt/airflow/dags/Copy_smoke_pipeline.py
[2026-01-01T02:09:52.045+0000] {processor.py:830} INFO - Processing file /opt/airflow/dags/Copy_smoke_pipeline.py for tasks to queue
[2026-01-01T02:09:52.047+0000] {logging_mixin.py:188} INFO - [2026-01-01T02:09:52.047+0000] {dagbag.py:545} INFO - Filling up the DagBag from /opt/airflow/dags/Copy_smoke_pipeline.py
[2026-01-01T02:09:52.080+0000] {processor.py:840} INFO - DAG(s) 'copy_smoke_test' retrieved from /opt/airflow/dags/Copy_smoke_pipeline.py
[2026-01-01T02:09:52.141+0000] {logging_mixin.py:188} INFO - [2026-01-01T02:09:52.141+0000] {dag.py:3089} INFO - Sync 1 DAGs
[2026-01-01T02:09:52.157+0000] {logging_mixin.py:188} INFO - [2026-01-01T02:09:52.157+0000] {dag.py:3947} INFO - Setting next_dagrun for copy_smoke_test to None, run_after=None
[2026-01-01T02:09:52.190+0000] {processor.py:183} INFO - Processing /opt/airflow/dags/Copy_smoke_pipeline.py took 0.157 seconds
[2026-01-01T02:10:22.857+0000] {processor.py:161} INFO - Started process (PID=2732) to work on /opt/airflow/dags/Copy_smoke_pipeline.py
[2026-01-01T02:10:22.859+0000] {processor.py:830} INFO - Processing file /opt/airflow/dags/Copy_smoke_pipeline.py for tasks to queue
[2026-01-01T02:10:22.861+0000] {logging_mixin.py:188} INFO - [2026-01-01T02:10:22.860+0000] {dagbag.py:545} INFO - Filling up the DagBag from /opt/airflow/dags/Copy_smoke_pipeline.py
[2026-01-01T02:10:22.929+0000] {processor.py:840} INFO - DAG(s) 'copy_smoke_test' retrieved from /opt/airflow/dags/Copy_smoke_pipeline.py
[2026-01-01T02:10:23.011+0000] {logging_mixin.py:188} INFO - [2026-01-01T02:10:23.010+0000] {dag.py:3089} INFO - Sync 1 DAGs
[2026-01-01T02:10:23.036+0000] {logging_mixin.py:188} INFO - [2026-01-01T02:10:23.035+0000] {dag.py:3947} INFO - Setting next_dagrun for copy_smoke_test to None, run_after=None
[2026-01-01T02:10:23.069+0000] {processor.py:183} INFO - Processing /opt/airflow/dags/Copy_smoke_pipeline.py took 0.227 seconds
[2026-01-01T02:10:54.171+0000] {processor.py:161} INFO - Started process (PID=2757) to work on /opt/airflow/dags/Copy_smoke_pipeline.py
[2026-01-01T02:10:54.173+0000] {processor.py:830} INFO - Processing file /opt/airflow/dags/Copy_smoke_pipeline.py for tasks to queue
[2026-01-01T02:10:54.175+0000] {logging_mixin.py:188} INFO - [2026-01-01T02:10:54.174+0000] {dagbag.py:545} INFO - Filling up the DagBag from /opt/airflow/dags/Copy_smoke_pipeline.py
[2026-01-01T02:10:54.206+0000] {processor.py:840} INFO - DAG(s) 'copy_smoke_test' retrieved from /opt/airflow/dags/Copy_smoke_pipeline.py
[2026-01-01T02:10:54.259+0000] {logging_mixin.py:188} INFO - [2026-01-01T02:10:54.258+0000] {dag.py:3089} INFO - Sync 1 DAGs
[2026-01-01T02:10:54.280+0000] {logging_mixin.py:188} INFO - [2026-01-01T02:10:54.280+0000] {dag.py:3947} INFO - Setting next_dagrun for copy_smoke_test to None, run_after=None
[2026-01-01T02:10:54.317+0000] {processor.py:183} INFO - Processing /opt/airflow/dags/Copy_smoke_pipeline.py took 0.163 seconds
[2026-01-01T02:11:24.837+0000] {processor.py:161} INFO - Started process (PID=2782) to work on /opt/airflow/dags/Copy_smoke_pipeline.py
[2026-01-01T02:11:24.840+0000] {processor.py:830} INFO - Processing file /opt/airflow/dags/Copy_smoke_pipeline.py for tasks to queue
[2026-01-01T02:11:24.847+0000] {logging_mixin.py:188} INFO - [2026-01-01T02:11:24.846+0000] {dagbag.py:545} INFO - Filling up the DagBag from /opt/airflow/dags/Copy_smoke_pipeline.py
[2026-01-01T02:11:24.929+0000] {processor.py:840} INFO - DAG(s) 'copy_smoke_test' retrieved from /opt/airflow/dags/Copy_smoke_pipeline.py
[2026-01-01T02:11:25.074+0000] {logging_mixin.py:188} INFO - [2026-01-01T02:11:25.073+0000] {dag.py:3089} INFO - Sync 1 DAGs
[2026-01-01T02:11:25.121+0000] {logging_mixin.py:188} INFO - [2026-01-01T02:11:25.121+0000] {dag.py:3947} INFO - Setting next_dagrun for copy_smoke_test to None, run_after=None
[2026-01-01T02:11:25.200+0000] {processor.py:183} INFO - Processing /opt/airflow/dags/Copy_smoke_pipeline.py took 0.384 seconds
[2026-01-01T02:11:55.535+0000] {processor.py:161} INFO - Started process (PID=2807) to work on /opt/airflow/dags/Copy_smoke_pipeline.py
[2026-01-01T02:11:55.538+0000] {processor.py:830} INFO - Processing file /opt/airflow/dags/Copy_smoke_pipeline.py for tasks to queue
[2026-01-01T02:11:55.544+0000] {logging_mixin.py:188} INFO - [2026-01-01T02:11:55.544+0000] {dagbag.py:545} INFO - Filling up the DagBag from /opt/airflow/dags/Copy_smoke_pipeline.py
[2026-01-01T02:11:55.585+0000] {processor.py:840} INFO - DAG(s) 'copy_smoke_test' retrieved from /opt/airflow/dags/Copy_smoke_pipeline.py
[2026-01-01T02:11:55.704+0000] {logging_mixin.py:188} INFO - [2026-01-01T02:11:55.704+0000] {dag.py:3089} INFO - Sync 1 DAGs
[2026-01-01T02:11:55.774+0000] {logging_mixin.py:188} INFO - [2026-01-01T02:11:55.773+0000] {dag.py:3947} INFO - Setting next_dagrun for copy_smoke_test to None, run_after=None
[2026-01-01T02:11:55.856+0000] {processor.py:183} INFO - Processing /opt/airflow/dags/Copy_smoke_pipeline.py took 0.338 seconds
[2026-01-01T02:12:26.215+0000] {processor.py:161} INFO - Started process (PID=2832) to work on /opt/airflow/dags/Copy_smoke_pipeline.py
[2026-01-01T02:12:26.216+0000] {processor.py:830} INFO - Processing file /opt/airflow/dags/Copy_smoke_pipeline.py for tasks to queue
[2026-01-01T02:12:26.218+0000] {logging_mixin.py:188} INFO - [2026-01-01T02:12:26.217+0000] {dagbag.py:545} INFO - Filling up the DagBag from /opt/airflow/dags/Copy_smoke_pipeline.py
[2026-01-01T02:12:26.248+0000] {processor.py:840} INFO - DAG(s) 'copy_smoke_test' retrieved from /opt/airflow/dags/Copy_smoke_pipeline.py
[2026-01-01T02:12:26.306+0000] {logging_mixin.py:188} INFO - [2026-01-01T02:12:26.306+0000] {dag.py:3089} INFO - Sync 1 DAGs
[2026-01-01T02:12:26.331+0000] {logging_mixin.py:188} INFO - [2026-01-01T02:12:26.330+0000] {dag.py:3947} INFO - Setting next_dagrun for copy_smoke_test to None, run_after=None
[2026-01-01T02:12:26.388+0000] {processor.py:183} INFO - Processing /opt/airflow/dags/Copy_smoke_pipeline.py took 0.184 seconds
[2026-01-01T02:12:56.593+0000] {processor.py:161} INFO - Started process (PID=2857) to work on /opt/airflow/dags/Copy_smoke_pipeline.py
[2026-01-01T02:12:56.595+0000] {processor.py:830} INFO - Processing file /opt/airflow/dags/Copy_smoke_pipeline.py for tasks to queue
[2026-01-01T02:12:56.599+0000] {logging_mixin.py:188} INFO - [2026-01-01T02:12:56.597+0000] {dagbag.py:545} INFO - Filling up the DagBag from /opt/airflow/dags/Copy_smoke_pipeline.py
[2026-01-01T02:12:56.650+0000] {processor.py:840} INFO - DAG(s) 'copy_smoke_test' retrieved from /opt/airflow/dags/Copy_smoke_pipeline.py
[2026-01-01T02:12:56.745+0000] {logging_mixin.py:188} INFO - [2026-01-01T02:12:56.745+0000] {dag.py:3089} INFO - Sync 1 DAGs
[2026-01-01T02:12:56.787+0000] {logging_mixin.py:188} INFO - [2026-01-01T02:12:56.786+0000] {dag.py:3947} INFO - Setting next_dagrun for copy_smoke_test to None, run_after=None
[2026-01-01T02:12:56.844+0000] {processor.py:183} INFO - Processing /opt/airflow/dags/Copy_smoke_pipeline.py took 0.269 seconds
[2026-01-01T02:13:27.590+0000] {processor.py:161} INFO - Started process (PID=2882) to work on /opt/airflow/dags/Copy_smoke_pipeline.py
[2026-01-01T02:13:27.593+0000] {processor.py:830} INFO - Processing file /opt/airflow/dags/Copy_smoke_pipeline.py for tasks to queue
[2026-01-01T02:13:27.596+0000] {logging_mixin.py:188} INFO - [2026-01-01T02:13:27.594+0000] {dagbag.py:545} INFO - Filling up the DagBag from /opt/airflow/dags/Copy_smoke_pipeline.py
[2026-01-01T02:13:27.634+0000] {processor.py:840} INFO - DAG(s) 'copy_smoke_test' retrieved from /opt/airflow/dags/Copy_smoke_pipeline.py
[2026-01-01T02:13:27.720+0000] {logging_mixin.py:188} INFO - [2026-01-01T02:13:27.720+0000] {dag.py:3089} INFO - Sync 1 DAGs
[2026-01-01T02:13:27.754+0000] {logging_mixin.py:188} INFO - [2026-01-01T02:13:27.754+0000] {dag.py:3947} INFO - Setting next_dagrun for copy_smoke_test to None, run_after=None
[2026-01-01T02:13:27.799+0000] {processor.py:183} INFO - Processing /opt/airflow/dags/Copy_smoke_pipeline.py took 0.223 seconds
[2026-01-01T02:13:58.495+0000] {processor.py:161} INFO - Started process (PID=2907) to work on /opt/airflow/dags/Copy_smoke_pipeline.py
[2026-01-01T02:13:58.497+0000] {processor.py:830} INFO - Processing file /opt/airflow/dags/Copy_smoke_pipeline.py for tasks to queue
[2026-01-01T02:13:58.498+0000] {logging_mixin.py:188} INFO - [2026-01-01T02:13:58.498+0000] {dagbag.py:545} INFO - Filling up the DagBag from /opt/airflow/dags/Copy_smoke_pipeline.py
[2026-01-01T02:13:58.525+0000] {processor.py:840} INFO - DAG(s) 'copy_smoke_test' retrieved from /opt/airflow/dags/Copy_smoke_pipeline.py
[2026-01-01T02:13:58.587+0000] {logging_mixin.py:188} INFO - [2026-01-01T02:13:58.586+0000] {dag.py:3089} INFO - Sync 1 DAGs
[2026-01-01T02:13:58.622+0000] {logging_mixin.py:188} INFO - [2026-01-01T02:13:58.621+0000] {dag.py:3947} INFO - Setting next_dagrun for copy_smoke_test to None, run_after=None
[2026-01-01T02:13:58.659+0000] {processor.py:183} INFO - Processing /opt/airflow/dags/Copy_smoke_pipeline.py took 0.174 seconds
[2026-01-01T02:14:29.421+0000] {processor.py:161} INFO - Started process (PID=2932) to work on /opt/airflow/dags/Copy_smoke_pipeline.py
[2026-01-01T02:14:29.422+0000] {processor.py:830} INFO - Processing file /opt/airflow/dags/Copy_smoke_pipeline.py for tasks to queue
[2026-01-01T02:14:29.424+0000] {logging_mixin.py:188} INFO - [2026-01-01T02:14:29.424+0000] {dagbag.py:545} INFO - Filling up the DagBag from /opt/airflow/dags/Copy_smoke_pipeline.py
[2026-01-01T02:14:29.451+0000] {processor.py:840} INFO - DAG(s) 'copy_smoke_test' retrieved from /opt/airflow/dags/Copy_smoke_pipeline.py
[2026-01-01T02:14:29.496+0000] {logging_mixin.py:188} INFO - [2026-01-01T02:14:29.496+0000] {dag.py:3089} INFO - Sync 1 DAGs
[2026-01-01T02:14:29.513+0000] {logging_mixin.py:188} INFO - [2026-01-01T02:14:29.513+0000] {dag.py:3947} INFO - Setting next_dagrun for copy_smoke_test to None, run_after=None
[2026-01-01T02:14:29.547+0000] {processor.py:183} INFO - Processing /opt/airflow/dags/Copy_smoke_pipeline.py took 0.135 seconds
[2026-01-01T02:15:00.236+0000] {processor.py:161} INFO - Started process (PID=2957) to work on /opt/airflow/dags/Copy_smoke_pipeline.py
[2026-01-01T02:15:00.238+0000] {processor.py:830} INFO - Processing file /opt/airflow/dags/Copy_smoke_pipeline.py for tasks to queue
[2026-01-01T02:15:00.240+0000] {logging_mixin.py:188} INFO - [2026-01-01T02:15:00.239+0000] {dagbag.py:545} INFO - Filling up the DagBag from /opt/airflow/dags/Copy_smoke_pipeline.py
[2026-01-01T02:15:00.278+0000] {processor.py:840} INFO - DAG(s) 'copy_smoke_test' retrieved from /opt/airflow/dags/Copy_smoke_pipeline.py
[2026-01-01T02:15:00.365+0000] {logging_mixin.py:188} INFO - [2026-01-01T02:15:00.364+0000] {dag.py:3089} INFO - Sync 1 DAGs
[2026-01-01T02:15:00.402+0000] {logging_mixin.py:188} INFO - [2026-01-01T02:15:00.401+0000] {dag.py:3947} INFO - Setting next_dagrun for copy_smoke_test to None, run_after=None
[2026-01-01T02:15:00.486+0000] {processor.py:183} INFO - Processing /opt/airflow/dags/Copy_smoke_pipeline.py took 0.267 seconds
[2026-01-01T02:15:31.201+0000] {processor.py:161} INFO - Started process (PID=2982) to work on /opt/airflow/dags/Copy_smoke_pipeline.py
[2026-01-01T02:15:31.204+0000] {processor.py:830} INFO - Processing file /opt/airflow/dags/Copy_smoke_pipeline.py for tasks to queue
[2026-01-01T02:15:31.206+0000] {logging_mixin.py:188} INFO - [2026-01-01T02:15:31.206+0000] {dagbag.py:545} INFO - Filling up the DagBag from /opt/airflow/dags/Copy_smoke_pipeline.py
[2026-01-01T02:15:31.239+0000] {processor.py:840} INFO - DAG(s) 'copy_smoke_test' retrieved from /opt/airflow/dags/Copy_smoke_pipeline.py
[2026-01-01T02:15:31.320+0000] {logging_mixin.py:188} INFO - [2026-01-01T02:15:31.319+0000] {dag.py:3089} INFO - Sync 1 DAGs
[2026-01-01T02:15:31.349+0000] {logging_mixin.py:188} INFO - [2026-01-01T02:15:31.348+0000] {dag.py:3947} INFO - Setting next_dagrun for copy_smoke_test to None, run_after=None
[2026-01-01T02:15:31.455+0000] {processor.py:183} INFO - Processing /opt/airflow/dags/Copy_smoke_pipeline.py took 0.273 seconds
[2026-01-01T02:16:02.031+0000] {processor.py:161} INFO - Started process (PID=3007) to work on /opt/airflow/dags/Copy_smoke_pipeline.py
[2026-01-01T02:16:02.033+0000] {processor.py:830} INFO - Processing file /opt/airflow/dags/Copy_smoke_pipeline.py for tasks to queue
[2026-01-01T02:16:02.036+0000] {logging_mixin.py:188} INFO - [2026-01-01T02:16:02.035+0000] {dagbag.py:545} INFO - Filling up the DagBag from /opt/airflow/dags/Copy_smoke_pipeline.py
[2026-01-01T02:16:02.070+0000] {processor.py:840} INFO - DAG(s) 'copy_smoke_test' retrieved from /opt/airflow/dags/Copy_smoke_pipeline.py
[2026-01-01T02:16:02.138+0000] {logging_mixin.py:188} INFO - [2026-01-01T02:16:02.138+0000] {dag.py:3089} INFO - Sync 1 DAGs
[2026-01-01T02:16:02.161+0000] {logging_mixin.py:188} INFO - [2026-01-01T02:16:02.160+0000] {dag.py:3947} INFO - Setting next_dagrun for copy_smoke_test to None, run_after=None
[2026-01-01T02:16:02.191+0000] {processor.py:183} INFO - Processing /opt/airflow/dags/Copy_smoke_pipeline.py took 0.174 seconds
[2026-01-01T02:16:32.877+0000] {processor.py:161} INFO - Started process (PID=3032) to work on /opt/airflow/dags/Copy_smoke_pipeline.py
[2026-01-01T02:16:32.879+0000] {processor.py:830} INFO - Processing file /opt/airflow/dags/Copy_smoke_pipeline.py for tasks to queue
[2026-01-01T02:16:32.881+0000] {logging_mixin.py:188} INFO - [2026-01-01T02:16:32.880+0000] {dagbag.py:545} INFO - Filling up the DagBag from /opt/airflow/dags/Copy_smoke_pipeline.py
[2026-01-01T02:16:32.919+0000] {processor.py:840} INFO - DAG(s) 'copy_smoke_test' retrieved from /opt/airflow/dags/Copy_smoke_pipeline.py
[2026-01-01T02:16:32.976+0000] {logging_mixin.py:188} INFO - [2026-01-01T02:16:32.976+0000] {dag.py:3089} INFO - Sync 1 DAGs
[2026-01-01T02:16:32.998+0000] {logging_mixin.py:188} INFO - [2026-01-01T02:16:32.998+0000] {dag.py:3947} INFO - Setting next_dagrun for copy_smoke_test to None, run_after=None
[2026-01-01T02:16:33.030+0000] {processor.py:183} INFO - Processing /opt/airflow/dags/Copy_smoke_pipeline.py took 0.162 seconds
[2026-01-01T02:17:03.705+0000] {processor.py:161} INFO - Started process (PID=3057) to work on /opt/airflow/dags/Copy_smoke_pipeline.py
[2026-01-01T02:17:03.707+0000] {processor.py:830} INFO - Processing file /opt/airflow/dags/Copy_smoke_pipeline.py for tasks to queue
[2026-01-01T02:17:03.709+0000] {logging_mixin.py:188} INFO - [2026-01-01T02:17:03.708+0000] {dagbag.py:545} INFO - Filling up the DagBag from /opt/airflow/dags/Copy_smoke_pipeline.py
[2026-01-01T02:17:03.747+0000] {processor.py:840} INFO - DAG(s) 'copy_smoke_test' retrieved from /opt/airflow/dags/Copy_smoke_pipeline.py
[2026-01-01T02:17:03.826+0000] {logging_mixin.py:188} INFO - [2026-01-01T02:17:03.826+0000] {dag.py:3089} INFO - Sync 1 DAGs
[2026-01-01T02:17:03.871+0000] {logging_mixin.py:188} INFO - [2026-01-01T02:17:03.871+0000] {dag.py:3947} INFO - Setting next_dagrun for copy_smoke_test to None, run_after=None
[2026-01-01T02:17:03.931+0000] {processor.py:183} INFO - Processing /opt/airflow/dags/Copy_smoke_pipeline.py took 0.245 seconds
[2026-01-01T02:17:34.617+0000] {processor.py:161} INFO - Started process (PID=3082) to work on /opt/airflow/dags/Copy_smoke_pipeline.py
[2026-01-01T02:17:34.619+0000] {processor.py:830} INFO - Processing file /opt/airflow/dags/Copy_smoke_pipeline.py for tasks to queue
[2026-01-01T02:17:34.621+0000] {logging_mixin.py:188} INFO - [2026-01-01T02:17:34.620+0000] {dagbag.py:545} INFO - Filling up the DagBag from /opt/airflow/dags/Copy_smoke_pipeline.py
[2026-01-01T02:17:34.658+0000] {processor.py:840} INFO - DAG(s) 'copy_smoke_test' retrieved from /opt/airflow/dags/Copy_smoke_pipeline.py
[2026-01-01T02:17:34.736+0000] {logging_mixin.py:188} INFO - [2026-01-01T02:17:34.735+0000] {dag.py:3089} INFO - Sync 1 DAGs
[2026-01-01T02:17:34.770+0000] {logging_mixin.py:188} INFO - [2026-01-01T02:17:34.769+0000] {dag.py:3947} INFO - Setting next_dagrun for copy_smoke_test to None, run_after=None
[2026-01-01T02:17:34.816+0000] {processor.py:183} INFO - Processing /opt/airflow/dags/Copy_smoke_pipeline.py took 0.217 seconds
[2026-01-01T02:18:05.073+0000] {processor.py:161} INFO - Started process (PID=3107) to work on /opt/airflow/dags/Copy_smoke_pipeline.py
[2026-01-01T02:18:05.074+0000] {processor.py:830} INFO - Processing file /opt/airflow/dags/Copy_smoke_pipeline.py for tasks to queue
[2026-01-01T02:18:05.075+0000] {logging_mixin.py:188} INFO - [2026-01-01T02:18:05.075+0000] {dagbag.py:545} INFO - Filling up the DagBag from /opt/airflow/dags/Copy_smoke_pipeline.py
[2026-01-01T02:18:05.103+0000] {processor.py:840} INFO - DAG(s) 'copy_smoke_test' retrieved from /opt/airflow/dags/Copy_smoke_pipeline.py
[2026-01-01T02:18:05.157+0000] {logging_mixin.py:188} INFO - [2026-01-01T02:18:05.156+0000] {dag.py:3089} INFO - Sync 1 DAGs
[2026-01-01T02:18:05.183+0000] {logging_mixin.py:188} INFO - [2026-01-01T02:18:05.182+0000] {dag.py:3947} INFO - Setting next_dagrun for copy_smoke_test to None, run_after=None
[2026-01-01T02:18:05.217+0000] {processor.py:183} INFO - Processing /opt/airflow/dags/Copy_smoke_pipeline.py took 0.152 seconds
[2026-01-01T02:18:35.980+0000] {processor.py:161} INFO - Started process (PID=3132) to work on /opt/airflow/dags/Copy_smoke_pipeline.py
[2026-01-01T02:18:35.982+0000] {processor.py:830} INFO - Processing file /opt/airflow/dags/Copy_smoke_pipeline.py for tasks to queue
[2026-01-01T02:18:35.985+0000] {logging_mixin.py:188} INFO - [2026-01-01T02:18:35.984+0000] {dagbag.py:545} INFO - Filling up the DagBag from /opt/airflow/dags/Copy_smoke_pipeline.py
[2026-01-01T02:18:36.016+0000] {processor.py:840} INFO - DAG(s) 'copy_smoke_test' retrieved from /opt/airflow/dags/Copy_smoke_pipeline.py
[2026-01-01T02:18:36.064+0000] {logging_mixin.py:188} INFO - [2026-01-01T02:18:36.063+0000] {dag.py:3089} INFO - Sync 1 DAGs
[2026-01-01T02:18:36.081+0000] {logging_mixin.py:188} INFO - [2026-01-01T02:18:36.080+0000] {dag.py:3947} INFO - Setting next_dagrun for copy_smoke_test to None, run_after=None
[2026-01-01T02:18:36.110+0000] {processor.py:183} INFO - Processing /opt/airflow/dags/Copy_smoke_pipeline.py took 0.146 seconds
[2026-01-01T02:19:06.786+0000] {processor.py:161} INFO - Started process (PID=3157) to work on /opt/airflow/dags/Copy_smoke_pipeline.py
[2026-01-01T02:19:06.795+0000] {processor.py:830} INFO - Processing file /opt/airflow/dags/Copy_smoke_pipeline.py for tasks to queue
[2026-01-01T02:19:06.797+0000] {logging_mixin.py:188} INFO - [2026-01-01T02:19:06.796+0000] {dagbag.py:545} INFO - Filling up the DagBag from /opt/airflow/dags/Copy_smoke_pipeline.py
[2026-01-01T02:19:06.858+0000] {processor.py:840} INFO - DAG(s) 'copy_smoke_test' retrieved from /opt/airflow/dags/Copy_smoke_pipeline.py
[2026-01-01T02:19:06.941+0000] {logging_mixin.py:188} INFO - [2026-01-01T02:19:06.941+0000] {dag.py:3089} INFO - Sync 1 DAGs
[2026-01-01T02:19:06.969+0000] {logging_mixin.py:188} INFO - [2026-01-01T02:19:06.969+0000] {dag.py:3947} INFO - Setting next_dagrun for copy_smoke_test to None, run_after=None
[2026-01-01T02:19:07.019+0000] {processor.py:183} INFO - Processing /opt/airflow/dags/Copy_smoke_pipeline.py took 0.248 seconds
[2026-01-01T02:19:37.892+0000] {processor.py:161} INFO - Started process (PID=3182) to work on /opt/airflow/dags/Copy_smoke_pipeline.py
[2026-01-01T02:19:37.894+0000] {processor.py:830} INFO - Processing file /opt/airflow/dags/Copy_smoke_pipeline.py for tasks to queue
[2026-01-01T02:19:37.896+0000] {logging_mixin.py:188} INFO - [2026-01-01T02:19:37.896+0000] {dagbag.py:545} INFO - Filling up the DagBag from /opt/airflow/dags/Copy_smoke_pipeline.py
[2026-01-01T02:19:37.939+0000] {processor.py:840} INFO - DAG(s) 'copy_smoke_test' retrieved from /opt/airflow/dags/Copy_smoke_pipeline.py
[2026-01-01T02:19:38.020+0000] {logging_mixin.py:188} INFO - [2026-01-01T02:19:38.019+0000] {dag.py:3089} INFO - Sync 1 DAGs
[2026-01-01T02:19:38.047+0000] {logging_mixin.py:188} INFO - [2026-01-01T02:19:38.046+0000] {dag.py:3947} INFO - Setting next_dagrun for copy_smoke_test to None, run_after=None
[2026-01-01T02:19:38.080+0000] {processor.py:183} INFO - Processing /opt/airflow/dags/Copy_smoke_pipeline.py took 0.205 seconds
[2026-01-01T02:20:08.922+0000] {processor.py:161} INFO - Started process (PID=3207) to work on /opt/airflow/dags/Copy_smoke_pipeline.py
[2026-01-01T02:20:08.925+0000] {processor.py:830} INFO - Processing file /opt/airflow/dags/Copy_smoke_pipeline.py for tasks to queue
[2026-01-01T02:20:08.927+0000] {logging_mixin.py:188} INFO - [2026-01-01T02:20:08.926+0000] {dagbag.py:545} INFO - Filling up the DagBag from /opt/airflow/dags/Copy_smoke_pipeline.py
[2026-01-01T02:20:08.962+0000] {processor.py:840} INFO - DAG(s) 'copy_smoke_test' retrieved from /opt/airflow/dags/Copy_smoke_pipeline.py
[2026-01-01T02:20:09.043+0000] {logging_mixin.py:188} INFO - [2026-01-01T02:20:09.043+0000] {dag.py:3089} INFO - Sync 1 DAGs
[2026-01-01T02:20:09.083+0000] {logging_mixin.py:188} INFO - [2026-01-01T02:20:09.082+0000] {dag.py:3947} INFO - Setting next_dagrun for copy_smoke_test to None, run_after=None
[2026-01-01T02:20:09.170+0000] {processor.py:183} INFO - Processing /opt/airflow/dags/Copy_smoke_pipeline.py took 0.263 seconds
[2026-01-01T02:20:39.928+0000] {processor.py:161} INFO - Started process (PID=3232) to work on /opt/airflow/dags/Copy_smoke_pipeline.py
[2026-01-01T02:20:39.931+0000] {processor.py:830} INFO - Processing file /opt/airflow/dags/Copy_smoke_pipeline.py for tasks to queue
[2026-01-01T02:20:39.933+0000] {logging_mixin.py:188} INFO - [2026-01-01T02:20:39.933+0000] {dagbag.py:545} INFO - Filling up the DagBag from /opt/airflow/dags/Copy_smoke_pipeline.py
[2026-01-01T02:20:39.960+0000] {processor.py:840} INFO - DAG(s) 'copy_smoke_test' retrieved from /opt/airflow/dags/Copy_smoke_pipeline.py
[2026-01-01T02:20:40.049+0000] {logging_mixin.py:188} INFO - [2026-01-01T02:20:40.048+0000] {dag.py:3089} INFO - Sync 1 DAGs
[2026-01-01T02:20:40.096+0000] {logging_mixin.py:188} INFO - [2026-01-01T02:20:40.095+0000] {dag.py:3947} INFO - Setting next_dagrun for copy_smoke_test to None, run_after=None
[2026-01-01T02:20:40.137+0000] {processor.py:183} INFO - Processing /opt/airflow/dags/Copy_smoke_pipeline.py took 0.220 seconds
[2026-01-01T02:21:10.332+0000] {processor.py:161} INFO - Started process (PID=3257) to work on /opt/airflow/dags/Copy_smoke_pipeline.py
[2026-01-01T02:21:10.361+0000] {processor.py:830} INFO - Processing file /opt/airflow/dags/Copy_smoke_pipeline.py for tasks to queue
[2026-01-01T02:21:10.363+0000] {logging_mixin.py:188} INFO - [2026-01-01T02:21:10.362+0000] {dagbag.py:545} INFO - Filling up the DagBag from /opt/airflow/dags/Copy_smoke_pipeline.py
[2026-01-01T02:21:10.408+0000] {processor.py:840} INFO - DAG(s) 'copy_smoke_test' retrieved from /opt/airflow/dags/Copy_smoke_pipeline.py
[2026-01-01T02:21:10.518+0000] {logging_mixin.py:188} INFO - [2026-01-01T02:21:10.518+0000] {dag.py:3089} INFO - Sync 1 DAGs
[2026-01-01T02:21:10.532+0000] {logging_mixin.py:188} INFO - [2026-01-01T02:21:10.532+0000] {dag.py:3947} INFO - Setting next_dagrun for copy_smoke_test to None, run_after=None
[2026-01-01T02:21:10.558+0000] {processor.py:183} INFO - Processing /opt/airflow/dags/Copy_smoke_pipeline.py took 0.237 seconds
[2026-01-01T02:21:41.275+0000] {processor.py:161} INFO - Started process (PID=3282) to work on /opt/airflow/dags/Copy_smoke_pipeline.py
[2026-01-01T02:21:41.281+0000] {processor.py:830} INFO - Processing file /opt/airflow/dags/Copy_smoke_pipeline.py for tasks to queue
[2026-01-01T02:21:41.283+0000] {logging_mixin.py:188} INFO - [2026-01-01T02:21:41.283+0000] {dagbag.py:545} INFO - Filling up the DagBag from /opt/airflow/dags/Copy_smoke_pipeline.py
[2026-01-01T02:21:41.322+0000] {processor.py:840} INFO - DAG(s) 'copy_smoke_test' retrieved from /opt/airflow/dags/Copy_smoke_pipeline.py
[2026-01-01T02:21:41.402+0000] {logging_mixin.py:188} INFO - [2026-01-01T02:21:41.401+0000] {dag.py:3089} INFO - Sync 1 DAGs
[2026-01-01T02:21:41.422+0000] {logging_mixin.py:188} INFO - [2026-01-01T02:21:41.422+0000] {dag.py:3947} INFO - Setting next_dagrun for copy_smoke_test to None, run_after=None
[2026-01-01T02:21:41.451+0000] {processor.py:183} INFO - Processing /opt/airflow/dags/Copy_smoke_pipeline.py took 0.190 seconds
[2026-01-01T02:22:12.296+0000] {processor.py:161} INFO - Started process (PID=3307) to work on /opt/airflow/dags/Copy_smoke_pipeline.py
[2026-01-01T02:22:12.299+0000] {processor.py:830} INFO - Processing file /opt/airflow/dags/Copy_smoke_pipeline.py for tasks to queue
[2026-01-01T02:22:12.301+0000] {logging_mixin.py:188} INFO - [2026-01-01T02:22:12.300+0000] {dagbag.py:545} INFO - Filling up the DagBag from /opt/airflow/dags/Copy_smoke_pipeline.py
[2026-01-01T02:22:12.334+0000] {processor.py:840} INFO - DAG(s) 'copy_smoke_test' retrieved from /opt/airflow/dags/Copy_smoke_pipeline.py
[2026-01-01T02:22:12.399+0000] {logging_mixin.py:188} INFO - [2026-01-01T02:22:12.399+0000] {dag.py:3089} INFO - Sync 1 DAGs
[2026-01-01T02:22:12.426+0000] {logging_mixin.py:188} INFO - [2026-01-01T02:22:12.426+0000] {dag.py:3947} INFO - Setting next_dagrun for copy_smoke_test to None, run_after=None
[2026-01-01T02:22:12.467+0000] {processor.py:183} INFO - Processing /opt/airflow/dags/Copy_smoke_pipeline.py took 0.184 seconds
[2026-01-01T02:22:43.383+0000] {processor.py:161} INFO - Started process (PID=3332) to work on /opt/airflow/dags/Copy_smoke_pipeline.py
[2026-01-01T02:22:43.385+0000] {processor.py:830} INFO - Processing file /opt/airflow/dags/Copy_smoke_pipeline.py for tasks to queue
[2026-01-01T02:22:43.387+0000] {logging_mixin.py:188} INFO - [2026-01-01T02:22:43.387+0000] {dagbag.py:545} INFO - Filling up the DagBag from /opt/airflow/dags/Copy_smoke_pipeline.py
[2026-01-01T02:22:43.418+0000] {processor.py:840} INFO - DAG(s) 'copy_smoke_test' retrieved from /opt/airflow/dags/Copy_smoke_pipeline.py
[2026-01-01T02:22:43.482+0000] {logging_mixin.py:188} INFO - [2026-01-01T02:22:43.482+0000] {dag.py:3089} INFO - Sync 1 DAGs
[2026-01-01T02:22:43.507+0000] {logging_mixin.py:188} INFO - [2026-01-01T02:22:43.507+0000] {dag.py:3947} INFO - Setting next_dagrun for copy_smoke_test to None, run_after=None
[2026-01-01T02:22:43.539+0000] {processor.py:183} INFO - Processing /opt/airflow/dags/Copy_smoke_pipeline.py took 0.170 seconds
[2026-01-01T02:23:13.776+0000] {processor.py:161} INFO - Started process (PID=3359) to work on /opt/airflow/dags/Copy_smoke_pipeline.py
[2026-01-01T02:23:13.777+0000] {processor.py:830} INFO - Processing file /opt/airflow/dags/Copy_smoke_pipeline.py for tasks to queue
[2026-01-01T02:23:13.779+0000] {logging_mixin.py:188} INFO - [2026-01-01T02:23:13.778+0000] {dagbag.py:545} INFO - Filling up the DagBag from /opt/airflow/dags/Copy_smoke_pipeline.py
[2026-01-01T02:23:13.804+0000] {processor.py:840} INFO - DAG(s) 'copy_smoke_test' retrieved from /opt/airflow/dags/Copy_smoke_pipeline.py
[2026-01-01T02:23:13.847+0000] {logging_mixin.py:188} INFO - [2026-01-01T02:23:13.847+0000] {dag.py:3089} INFO - Sync 1 DAGs
[2026-01-01T02:23:13.866+0000] {logging_mixin.py:188} INFO - [2026-01-01T02:23:13.865+0000] {dag.py:3947} INFO - Setting next_dagrun for copy_smoke_test to None, run_after=None
[2026-01-01T02:23:13.989+0000] {processor.py:183} INFO - Processing /opt/airflow/dags/Copy_smoke_pipeline.py took 0.221 seconds
[2026-01-01T02:23:44.801+0000] {processor.py:161} INFO - Started process (PID=3384) to work on /opt/airflow/dags/Copy_smoke_pipeline.py
[2026-01-01T02:23:44.803+0000] {processor.py:830} INFO - Processing file /opt/airflow/dags/Copy_smoke_pipeline.py for tasks to queue
[2026-01-01T02:23:44.804+0000] {logging_mixin.py:188} INFO - [2026-01-01T02:23:44.804+0000] {dagbag.py:545} INFO - Filling up the DagBag from /opt/airflow/dags/Copy_smoke_pipeline.py
[2026-01-01T02:23:44.832+0000] {processor.py:840} INFO - DAG(s) 'copy_smoke_test' retrieved from /opt/airflow/dags/Copy_smoke_pipeline.py
[2026-01-01T02:23:44.875+0000] {logging_mixin.py:188} INFO - [2026-01-01T02:23:44.875+0000] {dag.py:3089} INFO - Sync 1 DAGs
[2026-01-01T02:23:44.894+0000] {logging_mixin.py:188} INFO - [2026-01-01T02:23:44.894+0000] {dag.py:3947} INFO - Setting next_dagrun for copy_smoke_test to None, run_after=None
[2026-01-01T02:23:44.920+0000] {processor.py:183} INFO - Processing /opt/airflow/dags/Copy_smoke_pipeline.py took 0.127 seconds
[2026-01-01T02:24:15.386+0000] {processor.py:161} INFO - Started process (PID=3409) to work on /opt/airflow/dags/Copy_smoke_pipeline.py
[2026-01-01T02:24:15.388+0000] {processor.py:830} INFO - Processing file /opt/airflow/dags/Copy_smoke_pipeline.py for tasks to queue
[2026-01-01T02:24:15.389+0000] {logging_mixin.py:188} INFO - [2026-01-01T02:24:15.388+0000] {dagbag.py:545} INFO - Filling up the DagBag from /opt/airflow/dags/Copy_smoke_pipeline.py
[2026-01-01T02:24:15.417+0000] {processor.py:840} INFO - DAG(s) 'copy_smoke_test' retrieved from /opt/airflow/dags/Copy_smoke_pipeline.py
[2026-01-01T02:24:15.461+0000] {logging_mixin.py:188} INFO - [2026-01-01T02:24:15.461+0000] {dag.py:3089} INFO - Sync 1 DAGs
[2026-01-01T02:24:15.476+0000] {logging_mixin.py:188} INFO - [2026-01-01T02:24:15.476+0000] {dag.py:3947} INFO - Setting next_dagrun for copy_smoke_test to None, run_after=None
[2026-01-01T02:24:15.504+0000] {processor.py:183} INFO - Processing /opt/airflow/dags/Copy_smoke_pipeline.py took 0.126 seconds
[2026-01-01T02:24:46.169+0000] {processor.py:161} INFO - Started process (PID=3434) to work on /opt/airflow/dags/Copy_smoke_pipeline.py
[2026-01-01T02:24:46.172+0000] {processor.py:830} INFO - Processing file /opt/airflow/dags/Copy_smoke_pipeline.py for tasks to queue
[2026-01-01T02:24:46.174+0000] {logging_mixin.py:188} INFO - [2026-01-01T02:24:46.173+0000] {dagbag.py:545} INFO - Filling up the DagBag from /opt/airflow/dags/Copy_smoke_pipeline.py
[2026-01-01T02:24:46.211+0000] {processor.py:840} INFO - DAG(s) 'copy_smoke_test' retrieved from /opt/airflow/dags/Copy_smoke_pipeline.py
[2026-01-01T02:24:46.268+0000] {logging_mixin.py:188} INFO - [2026-01-01T02:24:46.268+0000] {dag.py:3089} INFO - Sync 1 DAGs
[2026-01-01T02:24:46.287+0000] {logging_mixin.py:188} INFO - [2026-01-01T02:24:46.287+0000] {dag.py:3947} INFO - Setting next_dagrun for copy_smoke_test to None, run_after=None
[2026-01-01T02:24:46.314+0000] {processor.py:183} INFO - Processing /opt/airflow/dags/Copy_smoke_pipeline.py took 0.157 seconds
[2026-01-01T02:25:16.965+0000] {processor.py:161} INFO - Started process (PID=3459) to work on /opt/airflow/dags/Copy_smoke_pipeline.py
[2026-01-01T02:25:16.966+0000] {processor.py:830} INFO - Processing file /opt/airflow/dags/Copy_smoke_pipeline.py for tasks to queue
[2026-01-01T02:25:16.970+0000] {logging_mixin.py:188} INFO - [2026-01-01T02:25:16.969+0000] {dagbag.py:545} INFO - Filling up the DagBag from /opt/airflow/dags/Copy_smoke_pipeline.py
[2026-01-01T02:25:16.995+0000] {processor.py:840} INFO - DAG(s) 'copy_smoke_test' retrieved from /opt/airflow/dags/Copy_smoke_pipeline.py
[2026-01-01T02:25:17.042+0000] {logging_mixin.py:188} INFO - [2026-01-01T02:25:17.041+0000] {dag.py:3089} INFO - Sync 1 DAGs
[2026-01-01T02:25:17.062+0000] {logging_mixin.py:188} INFO - [2026-01-01T02:25:17.061+0000] {dag.py:3947} INFO - Setting next_dagrun for copy_smoke_test to None, run_after=None
[2026-01-01T02:25:17.102+0000] {processor.py:183} INFO - Processing /opt/airflow/dags/Copy_smoke_pipeline.py took 0.146 seconds
[2026-01-01T02:25:47.851+0000] {processor.py:161} INFO - Started process (PID=3484) to work on /opt/airflow/dags/Copy_smoke_pipeline.py
[2026-01-01T02:25:47.853+0000] {processor.py:830} INFO - Processing file /opt/airflow/dags/Copy_smoke_pipeline.py for tasks to queue
[2026-01-01T02:25:47.855+0000] {logging_mixin.py:188} INFO - [2026-01-01T02:25:47.854+0000] {dagbag.py:545} INFO - Filling up the DagBag from /opt/airflow/dags/Copy_smoke_pipeline.py
[2026-01-01T02:25:47.885+0000] {processor.py:840} INFO - DAG(s) 'copy_smoke_test' retrieved from /opt/airflow/dags/Copy_smoke_pipeline.py
[2026-01-01T02:25:47.927+0000] {logging_mixin.py:188} INFO - [2026-01-01T02:25:47.927+0000] {dag.py:3089} INFO - Sync 1 DAGs
[2026-01-01T02:25:47.941+0000] {logging_mixin.py:188} INFO - [2026-01-01T02:25:47.941+0000] {dag.py:3947} INFO - Setting next_dagrun for copy_smoke_test to None, run_after=None
[2026-01-01T02:25:47.962+0000] {processor.py:183} INFO - Processing /opt/airflow/dags/Copy_smoke_pipeline.py took 0.125 seconds
[2026-01-01T02:26:18.734+0000] {processor.py:161} INFO - Started process (PID=3509) to work on /opt/airflow/dags/Copy_smoke_pipeline.py
[2026-01-01T02:26:18.737+0000] {processor.py:830} INFO - Processing file /opt/airflow/dags/Copy_smoke_pipeline.py for tasks to queue
[2026-01-01T02:26:18.739+0000] {logging_mixin.py:188} INFO - [2026-01-01T02:26:18.738+0000] {dagbag.py:545} INFO - Filling up the DagBag from /opt/airflow/dags/Copy_smoke_pipeline.py
[2026-01-01T02:26:18.775+0000] {processor.py:840} INFO - DAG(s) 'copy_smoke_test' retrieved from /opt/airflow/dags/Copy_smoke_pipeline.py
[2026-01-01T02:26:18.830+0000] {logging_mixin.py:188} INFO - [2026-01-01T02:26:18.830+0000] {dag.py:3089} INFO - Sync 1 DAGs
[2026-01-01T02:26:18.853+0000] {logging_mixin.py:188} INFO - [2026-01-01T02:26:18.853+0000] {dag.py:3947} INFO - Setting next_dagrun for copy_smoke_test to None, run_after=None
[2026-01-01T02:26:18.890+0000] {processor.py:183} INFO - Processing /opt/airflow/dags/Copy_smoke_pipeline.py took 0.170 seconds
[2026-01-01T02:26:49.401+0000] {processor.py:161} INFO - Started process (PID=3534) to work on /opt/airflow/dags/Copy_smoke_pipeline.py
[2026-01-01T02:26:49.403+0000] {processor.py:830} INFO - Processing file /opt/airflow/dags/Copy_smoke_pipeline.py for tasks to queue
[2026-01-01T02:26:49.404+0000] {logging_mixin.py:188} INFO - [2026-01-01T02:26:49.404+0000] {dagbag.py:545} INFO - Filling up the DagBag from /opt/airflow/dags/Copy_smoke_pipeline.py
[2026-01-01T02:26:49.468+0000] {processor.py:840} INFO - DAG(s) 'copy_smoke_test' retrieved from /opt/airflow/dags/Copy_smoke_pipeline.py
[2026-01-01T02:26:49.529+0000] {logging_mixin.py:188} INFO - [2026-01-01T02:26:49.528+0000] {dag.py:3089} INFO - Sync 1 DAGs
[2026-01-01T02:26:49.554+0000] {logging_mixin.py:188} INFO - [2026-01-01T02:26:49.553+0000] {dag.py:3947} INFO - Setting next_dagrun for copy_smoke_test to None, run_after=None
[2026-01-01T02:26:49.592+0000] {processor.py:183} INFO - Processing /opt/airflow/dags/Copy_smoke_pipeline.py took 0.200 seconds
[2026-01-01T02:27:20.345+0000] {processor.py:161} INFO - Started process (PID=3559) to work on /opt/airflow/dags/Copy_smoke_pipeline.py
[2026-01-01T02:27:20.347+0000] {processor.py:830} INFO - Processing file /opt/airflow/dags/Copy_smoke_pipeline.py for tasks to queue
[2026-01-01T02:27:20.349+0000] {logging_mixin.py:188} INFO - [2026-01-01T02:27:20.348+0000] {dagbag.py:545} INFO - Filling up the DagBag from /opt/airflow/dags/Copy_smoke_pipeline.py
[2026-01-01T02:27:20.382+0000] {processor.py:840} INFO - DAG(s) 'copy_smoke_test' retrieved from /opt/airflow/dags/Copy_smoke_pipeline.py
[2026-01-01T02:27:20.438+0000] {logging_mixin.py:188} INFO - [2026-01-01T02:27:20.438+0000] {dag.py:3089} INFO - Sync 1 DAGs
[2026-01-01T02:27:20.458+0000] {logging_mixin.py:188} INFO - [2026-01-01T02:27:20.458+0000] {dag.py:3947} INFO - Setting next_dagrun for copy_smoke_test to None, run_after=None
[2026-01-01T02:27:20.490+0000] {processor.py:183} INFO - Processing /opt/airflow/dags/Copy_smoke_pipeline.py took 0.159 seconds
[2026-01-01T02:27:51.173+0000] {processor.py:161} INFO - Started process (PID=3584) to work on /opt/airflow/dags/Copy_smoke_pipeline.py
[2026-01-01T02:27:51.175+0000] {processor.py:830} INFO - Processing file /opt/airflow/dags/Copy_smoke_pipeline.py for tasks to queue
[2026-01-01T02:27:51.178+0000] {logging_mixin.py:188} INFO - [2026-01-01T02:27:51.177+0000] {dagbag.py:545} INFO - Filling up the DagBag from /opt/airflow/dags/Copy_smoke_pipeline.py
[2026-01-01T02:27:51.215+0000] {processor.py:840} INFO - DAG(s) 'copy_smoke_test' retrieved from /opt/airflow/dags/Copy_smoke_pipeline.py
[2026-01-01T02:27:51.264+0000] {logging_mixin.py:188} INFO - [2026-01-01T02:27:51.264+0000] {dag.py:3089} INFO - Sync 1 DAGs
[2026-01-01T02:27:51.281+0000] {logging_mixin.py:188} INFO - [2026-01-01T02:27:51.281+0000] {dag.py:3947} INFO - Setting next_dagrun for copy_smoke_test to None, run_after=None
[2026-01-01T02:27:51.312+0000] {processor.py:183} INFO - Processing /opt/airflow/dags/Copy_smoke_pipeline.py took 0.150 seconds
[2026-01-01T02:28:22.064+0000] {processor.py:161} INFO - Started process (PID=3609) to work on /opt/airflow/dags/Copy_smoke_pipeline.py
[2026-01-01T02:28:22.066+0000] {processor.py:830} INFO - Processing file /opt/airflow/dags/Copy_smoke_pipeline.py for tasks to queue
[2026-01-01T02:28:22.068+0000] {logging_mixin.py:188} INFO - [2026-01-01T02:28:22.067+0000] {dagbag.py:545} INFO - Filling up the DagBag from /opt/airflow/dags/Copy_smoke_pipeline.py
[2026-01-01T02:28:22.100+0000] {processor.py:840} INFO - DAG(s) 'copy_smoke_test' retrieved from /opt/airflow/dags/Copy_smoke_pipeline.py
[2026-01-01T02:28:22.159+0000] {logging_mixin.py:188} INFO - [2026-01-01T02:28:22.159+0000] {dag.py:3089} INFO - Sync 1 DAGs
[2026-01-01T02:28:22.178+0000] {logging_mixin.py:188} INFO - [2026-01-01T02:28:22.177+0000] {dag.py:3947} INFO - Setting next_dagrun for copy_smoke_test to None, run_after=None
[2026-01-01T02:28:22.208+0000] {processor.py:183} INFO - Processing /opt/airflow/dags/Copy_smoke_pipeline.py took 0.154 seconds
[2026-01-01T02:28:52.448+0000] {processor.py:161} INFO - Started process (PID=3634) to work on /opt/airflow/dags/Copy_smoke_pipeline.py
[2026-01-01T02:28:52.449+0000] {processor.py:830} INFO - Processing file /opt/airflow/dags/Copy_smoke_pipeline.py for tasks to queue
[2026-01-01T02:28:52.451+0000] {logging_mixin.py:188} INFO - [2026-01-01T02:28:52.451+0000] {dagbag.py:545} INFO - Filling up the DagBag from /opt/airflow/dags/Copy_smoke_pipeline.py
[2026-01-01T02:28:52.477+0000] {processor.py:840} INFO - DAG(s) 'copy_smoke_test' retrieved from /opt/airflow/dags/Copy_smoke_pipeline.py
[2026-01-01T02:28:52.522+0000] {logging_mixin.py:188} INFO - [2026-01-01T02:28:52.522+0000] {dag.py:3089} INFO - Sync 1 DAGs
[2026-01-01T02:28:52.539+0000] {logging_mixin.py:188} INFO - [2026-01-01T02:28:52.539+0000] {dag.py:3947} INFO - Setting next_dagrun for copy_smoke_test to None, run_after=None
[2026-01-01T02:28:52.567+0000] {processor.py:183} INFO - Processing /opt/airflow/dags/Copy_smoke_pipeline.py took 0.130 seconds
[2026-01-01T02:29:23.043+0000] {processor.py:161} INFO - Started process (PID=3659) to work on /opt/airflow/dags/Copy_smoke_pipeline.py
[2026-01-01T02:29:23.045+0000] {processor.py:830} INFO - Processing file /opt/airflow/dags/Copy_smoke_pipeline.py for tasks to queue
[2026-01-01T02:29:23.047+0000] {logging_mixin.py:188} INFO - [2026-01-01T02:29:23.046+0000] {dagbag.py:545} INFO - Filling up the DagBag from /opt/airflow/dags/Copy_smoke_pipeline.py
[2026-01-01T02:29:23.077+0000] {processor.py:840} INFO - DAG(s) 'copy_smoke_test' retrieved from /opt/airflow/dags/Copy_smoke_pipeline.py
[2026-01-01T02:29:23.123+0000] {logging_mixin.py:188} INFO - [2026-01-01T02:29:23.123+0000] {dag.py:3089} INFO - Sync 1 DAGs
[2026-01-01T02:29:23.140+0000] {logging_mixin.py:188} INFO - [2026-01-01T02:29:23.140+0000] {dag.py:3947} INFO - Setting next_dagrun for copy_smoke_test to None, run_after=None
[2026-01-01T02:29:23.165+0000] {processor.py:183} INFO - Processing /opt/airflow/dags/Copy_smoke_pipeline.py took 0.131 seconds
[2026-01-01T02:29:53.855+0000] {processor.py:161} INFO - Started process (PID=3684) to work on /opt/airflow/dags/Copy_smoke_pipeline.py
[2026-01-01T02:29:53.856+0000] {processor.py:830} INFO - Processing file /opt/airflow/dags/Copy_smoke_pipeline.py for tasks to queue
[2026-01-01T02:29:53.858+0000] {logging_mixin.py:188} INFO - [2026-01-01T02:29:53.857+0000] {dagbag.py:545} INFO - Filling up the DagBag from /opt/airflow/dags/Copy_smoke_pipeline.py
[2026-01-01T02:29:53.883+0000] {processor.py:840} INFO - DAG(s) 'copy_smoke_test' retrieved from /opt/airflow/dags/Copy_smoke_pipeline.py
[2026-01-01T02:29:53.935+0000] {logging_mixin.py:188} INFO - [2026-01-01T02:29:53.934+0000] {dag.py:3089} INFO - Sync 1 DAGs
[2026-01-01T02:29:53.951+0000] {logging_mixin.py:188} INFO - [2026-01-01T02:29:53.950+0000] {dag.py:3947} INFO - Setting next_dagrun for copy_smoke_test to None, run_after=None
[2026-01-01T02:29:53.982+0000] {processor.py:183} INFO - Processing /opt/airflow/dags/Copy_smoke_pipeline.py took 0.136 seconds
[2026-01-01T02:30:24.634+0000] {processor.py:161} INFO - Started process (PID=3709) to work on /opt/airflow/dags/Copy_smoke_pipeline.py
[2026-01-01T02:30:24.637+0000] {processor.py:830} INFO - Processing file /opt/airflow/dags/Copy_smoke_pipeline.py for tasks to queue
[2026-01-01T02:30:24.639+0000] {logging_mixin.py:188} INFO - [2026-01-01T02:30:24.638+0000] {dagbag.py:545} INFO - Filling up the DagBag from /opt/airflow/dags/Copy_smoke_pipeline.py
[2026-01-01T02:30:24.679+0000] {processor.py:840} INFO - DAG(s) 'copy_smoke_test' retrieved from /opt/airflow/dags/Copy_smoke_pipeline.py
[2026-01-01T02:30:24.743+0000] {logging_mixin.py:188} INFO - [2026-01-01T02:30:24.743+0000] {dag.py:3089} INFO - Sync 1 DAGs
[2026-01-01T02:30:24.766+0000] {logging_mixin.py:188} INFO - [2026-01-01T02:30:24.765+0000] {dag.py:3947} INFO - Setting next_dagrun for copy_smoke_test to None, run_after=None
[2026-01-01T02:30:24.791+0000] {processor.py:183} INFO - Processing /opt/airflow/dags/Copy_smoke_pipeline.py took 0.174 seconds
[2026-01-01T02:30:55.522+0000] {processor.py:161} INFO - Started process (PID=3734) to work on /opt/airflow/dags/Copy_smoke_pipeline.py
[2026-01-01T02:30:55.524+0000] {processor.py:830} INFO - Processing file /opt/airflow/dags/Copy_smoke_pipeline.py for tasks to queue
[2026-01-01T02:30:55.525+0000] {logging_mixin.py:188} INFO - [2026-01-01T02:30:55.525+0000] {dagbag.py:545} INFO - Filling up the DagBag from /opt/airflow/dags/Copy_smoke_pipeline.py
[2026-01-01T02:30:55.551+0000] {processor.py:840} INFO - DAG(s) 'copy_smoke_test' retrieved from /opt/airflow/dags/Copy_smoke_pipeline.py
[2026-01-01T02:30:55.594+0000] {logging_mixin.py:188} INFO - [2026-01-01T02:30:55.594+0000] {dag.py:3089} INFO - Sync 1 DAGs
[2026-01-01T02:30:55.610+0000] {logging_mixin.py:188} INFO - [2026-01-01T02:30:55.609+0000] {dag.py:3947} INFO - Setting next_dagrun for copy_smoke_test to None, run_after=None
[2026-01-01T02:30:55.634+0000] {processor.py:183} INFO - Processing /opt/airflow/dags/Copy_smoke_pipeline.py took 0.119 seconds
[2026-01-01T02:31:26.471+0000] {processor.py:161} INFO - Started process (PID=3759) to work on /opt/airflow/dags/Copy_smoke_pipeline.py
[2026-01-01T02:31:26.473+0000] {processor.py:830} INFO - Processing file /opt/airflow/dags/Copy_smoke_pipeline.py for tasks to queue
[2026-01-01T02:31:26.474+0000] {logging_mixin.py:188} INFO - [2026-01-01T02:31:26.474+0000] {dagbag.py:545} INFO - Filling up the DagBag from /opt/airflow/dags/Copy_smoke_pipeline.py
[2026-01-01T02:31:26.499+0000] {processor.py:840} INFO - DAG(s) 'copy_smoke_test' retrieved from /opt/airflow/dags/Copy_smoke_pipeline.py
[2026-01-01T02:31:26.542+0000] {logging_mixin.py:188} INFO - [2026-01-01T02:31:26.542+0000] {dag.py:3089} INFO - Sync 1 DAGs
[2026-01-01T02:31:26.561+0000] {logging_mixin.py:188} INFO - [2026-01-01T02:31:26.560+0000] {dag.py:3947} INFO - Setting next_dagrun for copy_smoke_test to None, run_after=None
[2026-01-01T02:31:26.585+0000] {processor.py:183} INFO - Processing /opt/airflow/dags/Copy_smoke_pipeline.py took 0.125 seconds
[2026-01-01T02:31:57.317+0000] {processor.py:161} INFO - Started process (PID=3784) to work on /opt/airflow/dags/Copy_smoke_pipeline.py
[2026-01-01T02:31:57.319+0000] {processor.py:830} INFO - Processing file /opt/airflow/dags/Copy_smoke_pipeline.py for tasks to queue
[2026-01-01T02:31:57.322+0000] {logging_mixin.py:188} INFO - [2026-01-01T02:31:57.321+0000] {dagbag.py:545} INFO - Filling up the DagBag from /opt/airflow/dags/Copy_smoke_pipeline.py
[2026-01-01T02:31:57.356+0000] {processor.py:840} INFO - DAG(s) 'copy_smoke_test' retrieved from /opt/airflow/dags/Copy_smoke_pipeline.py
[2026-01-01T02:31:57.412+0000] {logging_mixin.py:188} INFO - [2026-01-01T02:31:57.412+0000] {dag.py:3089} INFO - Sync 1 DAGs
[2026-01-01T02:31:57.441+0000] {logging_mixin.py:188} INFO - [2026-01-01T02:31:57.441+0000] {dag.py:3947} INFO - Setting next_dagrun for copy_smoke_test to None, run_after=None
[2026-01-01T02:31:57.486+0000] {processor.py:183} INFO - Processing /opt/airflow/dags/Copy_smoke_pipeline.py took 0.187 seconds
[2026-01-01T02:32:28.162+0000] {processor.py:161} INFO - Started process (PID=3809) to work on /opt/airflow/dags/Copy_smoke_pipeline.py
[2026-01-01T02:32:28.164+0000] {processor.py:830} INFO - Processing file /opt/airflow/dags/Copy_smoke_pipeline.py for tasks to queue
[2026-01-01T02:32:28.166+0000] {logging_mixin.py:188} INFO - [2026-01-01T02:32:28.165+0000] {dagbag.py:545} INFO - Filling up the DagBag from /opt/airflow/dags/Copy_smoke_pipeline.py
[2026-01-01T02:32:28.195+0000] {processor.py:840} INFO - DAG(s) 'copy_smoke_test' retrieved from /opt/airflow/dags/Copy_smoke_pipeline.py
[2026-01-01T02:32:28.240+0000] {logging_mixin.py:188} INFO - [2026-01-01T02:32:28.240+0000] {dag.py:3089} INFO - Sync 1 DAGs
[2026-01-01T02:32:28.258+0000] {logging_mixin.py:188} INFO - [2026-01-01T02:32:28.258+0000] {dag.py:3947} INFO - Setting next_dagrun for copy_smoke_test to None, run_after=None
[2026-01-01T02:32:28.289+0000] {processor.py:183} INFO - Processing /opt/airflow/dags/Copy_smoke_pipeline.py took 0.137 seconds
[2026-01-01T02:32:59.223+0000] {processor.py:161} INFO - Started process (PID=3834) to work on /opt/airflow/dags/Copy_smoke_pipeline.py
[2026-01-01T02:32:59.226+0000] {processor.py:830} INFO - Processing file /opt/airflow/dags/Copy_smoke_pipeline.py for tasks to queue
[2026-01-01T02:32:59.228+0000] {logging_mixin.py:188} INFO - [2026-01-01T02:32:59.227+0000] {dagbag.py:545} INFO - Filling up the DagBag from /opt/airflow/dags/Copy_smoke_pipeline.py
[2026-01-01T02:32:59.259+0000] {processor.py:840} INFO - DAG(s) 'copy_smoke_test' retrieved from /opt/airflow/dags/Copy_smoke_pipeline.py
[2026-01-01T02:32:59.339+0000] {logging_mixin.py:188} INFO - [2026-01-01T02:32:59.339+0000] {dag.py:3089} INFO - Sync 1 DAGs
[2026-01-01T02:32:59.375+0000] {logging_mixin.py:188} INFO - [2026-01-01T02:32:59.374+0000] {dag.py:3947} INFO - Setting next_dagrun for copy_smoke_test to None, run_after=None
[2026-01-01T02:32:59.423+0000] {processor.py:183} INFO - Processing /opt/airflow/dags/Copy_smoke_pipeline.py took 0.217 seconds
[2026-01-01T02:33:30.148+0000] {processor.py:161} INFO - Started process (PID=3859) to work on /opt/airflow/dags/Copy_smoke_pipeline.py
[2026-01-01T02:33:30.150+0000] {processor.py:830} INFO - Processing file /opt/airflow/dags/Copy_smoke_pipeline.py for tasks to queue
[2026-01-01T02:33:30.152+0000] {logging_mixin.py:188} INFO - [2026-01-01T02:33:30.151+0000] {dagbag.py:545} INFO - Filling up the DagBag from /opt/airflow/dags/Copy_smoke_pipeline.py
[2026-01-01T02:33:30.177+0000] {processor.py:840} INFO - DAG(s) 'copy_smoke_test' retrieved from /opt/airflow/dags/Copy_smoke_pipeline.py
[2026-01-01T02:33:30.219+0000] {logging_mixin.py:188} INFO - [2026-01-01T02:33:30.219+0000] {dag.py:3089} INFO - Sync 1 DAGs
[2026-01-01T02:33:30.233+0000] {logging_mixin.py:188} INFO - [2026-01-01T02:33:30.233+0000] {dag.py:3947} INFO - Setting next_dagrun for copy_smoke_test to None, run_after=None
[2026-01-01T02:33:30.258+0000] {processor.py:183} INFO - Processing /opt/airflow/dags/Copy_smoke_pipeline.py took 0.119 seconds
[2026-01-01T02:34:00.693+0000] {processor.py:161} INFO - Started process (PID=3884) to work on /opt/airflow/dags/Copy_smoke_pipeline.py
[2026-01-01T02:34:00.695+0000] {processor.py:830} INFO - Processing file /opt/airflow/dags/Copy_smoke_pipeline.py for tasks to queue
[2026-01-01T02:34:00.696+0000] {logging_mixin.py:188} INFO - [2026-01-01T02:34:00.696+0000] {dagbag.py:545} INFO - Filling up the DagBag from /opt/airflow/dags/Copy_smoke_pipeline.py
[2026-01-01T02:34:00.724+0000] {processor.py:840} INFO - DAG(s) 'copy_smoke_test' retrieved from /opt/airflow/dags/Copy_smoke_pipeline.py
[2026-01-01T02:34:00.769+0000] {logging_mixin.py:188} INFO - [2026-01-01T02:34:00.768+0000] {dag.py:3089} INFO - Sync 1 DAGs
[2026-01-01T02:34:00.784+0000] {logging_mixin.py:188} INFO - [2026-01-01T02:34:00.783+0000] {dag.py:3947} INFO - Setting next_dagrun for copy_smoke_test to None, run_after=None
[2026-01-01T02:34:00.811+0000] {processor.py:183} INFO - Processing /opt/airflow/dags/Copy_smoke_pipeline.py took 0.130 seconds
[2026-01-01T02:34:31.362+0000] {processor.py:161} INFO - Started process (PID=3909) to work on /opt/airflow/dags/Copy_smoke_pipeline.py
[2026-01-01T02:34:31.364+0000] {processor.py:830} INFO - Processing file /opt/airflow/dags/Copy_smoke_pipeline.py for tasks to queue
[2026-01-01T02:34:31.365+0000] {logging_mixin.py:188} INFO - [2026-01-01T02:34:31.365+0000] {dagbag.py:545} INFO - Filling up the DagBag from /opt/airflow/dags/Copy_smoke_pipeline.py
[2026-01-01T02:34:31.392+0000] {processor.py:840} INFO - DAG(s) 'copy_smoke_test' retrieved from /opt/airflow/dags/Copy_smoke_pipeline.py
[2026-01-01T02:34:31.440+0000] {logging_mixin.py:188} INFO - [2026-01-01T02:34:31.440+0000] {dag.py:3089} INFO - Sync 1 DAGs
[2026-01-01T02:34:31.459+0000] {logging_mixin.py:188} INFO - [2026-01-01T02:34:31.459+0000] {dag.py:3947} INFO - Setting next_dagrun for copy_smoke_test to None, run_after=None
[2026-01-01T02:34:31.485+0000] {processor.py:183} INFO - Processing /opt/airflow/dags/Copy_smoke_pipeline.py took 0.133 seconds
[2026-01-01T02:35:02.116+0000] {processor.py:161} INFO - Started process (PID=3934) to work on /opt/airflow/dags/Copy_smoke_pipeline.py
[2026-01-01T02:35:02.118+0000] {processor.py:830} INFO - Processing file /opt/airflow/dags/Copy_smoke_pipeline.py for tasks to queue
[2026-01-01T02:35:02.120+0000] {logging_mixin.py:188} INFO - [2026-01-01T02:35:02.120+0000] {dagbag.py:545} INFO - Filling up the DagBag from /opt/airflow/dags/Copy_smoke_pipeline.py
[2026-01-01T02:35:02.144+0000] {processor.py:840} INFO - DAG(s) 'copy_smoke_test' retrieved from /opt/airflow/dags/Copy_smoke_pipeline.py
[2026-01-01T02:35:02.189+0000] {logging_mixin.py:188} INFO - [2026-01-01T02:35:02.189+0000] {dag.py:3089} INFO - Sync 1 DAGs
[2026-01-01T02:35:02.205+0000] {logging_mixin.py:188} INFO - [2026-01-01T02:35:02.204+0000] {dag.py:3947} INFO - Setting next_dagrun for copy_smoke_test to None, run_after=None
[2026-01-01T02:35:02.231+0000] {processor.py:183} INFO - Processing /opt/airflow/dags/Copy_smoke_pipeline.py took 0.124 seconds
[2026-01-01T02:35:32.745+0000] {processor.py:161} INFO - Started process (PID=3959) to work on /opt/airflow/dags/Copy_smoke_pipeline.py
[2026-01-01T02:35:32.747+0000] {processor.py:830} INFO - Processing file /opt/airflow/dags/Copy_smoke_pipeline.py for tasks to queue
[2026-01-01T02:35:32.748+0000] {logging_mixin.py:188} INFO - [2026-01-01T02:35:32.748+0000] {dagbag.py:545} INFO - Filling up the DagBag from /opt/airflow/dags/Copy_smoke_pipeline.py
[2026-01-01T02:35:32.775+0000] {processor.py:840} INFO - DAG(s) 'copy_smoke_test' retrieved from /opt/airflow/dags/Copy_smoke_pipeline.py
[2026-01-01T02:35:32.832+0000] {logging_mixin.py:188} INFO - [2026-01-01T02:35:32.832+0000] {dag.py:3089} INFO - Sync 1 DAGs
[2026-01-01T02:35:32.858+0000] {logging_mixin.py:188} INFO - [2026-01-01T02:35:32.858+0000] {dag.py:3947} INFO - Setting next_dagrun for copy_smoke_test to None, run_after=None
[2026-01-01T02:35:32.891+0000] {processor.py:183} INFO - Processing /opt/airflow/dags/Copy_smoke_pipeline.py took 0.156 seconds
[2026-01-01T02:36:03.396+0000] {processor.py:161} INFO - Started process (PID=3984) to work on /opt/airflow/dags/Copy_smoke_pipeline.py
[2026-01-01T02:36:03.398+0000] {processor.py:830} INFO - Processing file /opt/airflow/dags/Copy_smoke_pipeline.py for tasks to queue
[2026-01-01T02:36:03.399+0000] {logging_mixin.py:188} INFO - [2026-01-01T02:36:03.398+0000] {dagbag.py:545} INFO - Filling up the DagBag from /opt/airflow/dags/Copy_smoke_pipeline.py
[2026-01-01T02:36:03.427+0000] {processor.py:840} INFO - DAG(s) 'copy_smoke_test' retrieved from /opt/airflow/dags/Copy_smoke_pipeline.py
[2026-01-01T02:36:03.481+0000] {logging_mixin.py:188} INFO - [2026-01-01T02:36:03.481+0000] {dag.py:3089} INFO - Sync 1 DAGs
[2026-01-01T02:36:03.501+0000] {logging_mixin.py:188} INFO - [2026-01-01T02:36:03.500+0000] {dag.py:3947} INFO - Setting next_dagrun for copy_smoke_test to None, run_after=None
[2026-01-01T02:36:03.534+0000] {processor.py:183} INFO - Processing /opt/airflow/dags/Copy_smoke_pipeline.py took 0.146 seconds
[2026-01-01T02:36:34.214+0000] {processor.py:161} INFO - Started process (PID=4009) to work on /opt/airflow/dags/Copy_smoke_pipeline.py
[2026-01-01T02:36:34.218+0000] {processor.py:830} INFO - Processing file /opt/airflow/dags/Copy_smoke_pipeline.py for tasks to queue
[2026-01-01T02:36:34.220+0000] {logging_mixin.py:188} INFO - [2026-01-01T02:36:34.219+0000] {dagbag.py:545} INFO - Filling up the DagBag from /opt/airflow/dags/Copy_smoke_pipeline.py
[2026-01-01T02:36:34.259+0000] {processor.py:840} INFO - DAG(s) 'copy_smoke_test' retrieved from /opt/airflow/dags/Copy_smoke_pipeline.py
[2026-01-01T02:36:34.315+0000] {logging_mixin.py:188} INFO - [2026-01-01T02:36:34.314+0000] {dag.py:3089} INFO - Sync 1 DAGs
[2026-01-01T02:36:34.338+0000] {logging_mixin.py:188} INFO - [2026-01-01T02:36:34.338+0000] {dag.py:3947} INFO - Setting next_dagrun for copy_smoke_test to None, run_after=None
[2026-01-01T02:36:34.371+0000] {processor.py:183} INFO - Processing /opt/airflow/dags/Copy_smoke_pipeline.py took 0.176 seconds
[2026-01-01T02:37:04.999+0000] {processor.py:161} INFO - Started process (PID=4034) to work on /opt/airflow/dags/Copy_smoke_pipeline.py
[2026-01-01T02:37:05.002+0000] {processor.py:830} INFO - Processing file /opt/airflow/dags/Copy_smoke_pipeline.py for tasks to queue
[2026-01-01T02:37:05.005+0000] {logging_mixin.py:188} INFO - [2026-01-01T02:37:05.004+0000] {dagbag.py:545} INFO - Filling up the DagBag from /opt/airflow/dags/Copy_smoke_pipeline.py
[2026-01-01T02:37:05.040+0000] {processor.py:840} INFO - DAG(s) 'copy_smoke_test' retrieved from /opt/airflow/dags/Copy_smoke_pipeline.py
[2026-01-01T02:37:05.102+0000] {logging_mixin.py:188} INFO - [2026-01-01T02:37:05.101+0000] {dag.py:3089} INFO - Sync 1 DAGs
[2026-01-01T02:37:05.136+0000] {logging_mixin.py:188} INFO - [2026-01-01T02:37:05.136+0000] {dag.py:3947} INFO - Setting next_dagrun for copy_smoke_test to None, run_after=None
[2026-01-01T02:37:05.167+0000] {processor.py:183} INFO - Processing /opt/airflow/dags/Copy_smoke_pipeline.py took 0.185 seconds
[2026-01-01T02:37:35.914+0000] {processor.py:161} INFO - Started process (PID=4059) to work on /opt/airflow/dags/Copy_smoke_pipeline.py
[2026-01-01T02:37:35.916+0000] {processor.py:830} INFO - Processing file /opt/airflow/dags/Copy_smoke_pipeline.py for tasks to queue
[2026-01-01T02:37:35.918+0000] {logging_mixin.py:188} INFO - [2026-01-01T02:37:35.917+0000] {dagbag.py:545} INFO - Filling up the DagBag from /opt/airflow/dags/Copy_smoke_pipeline.py
[2026-01-01T02:37:35.944+0000] {processor.py:840} INFO - DAG(s) 'copy_smoke_test' retrieved from /opt/airflow/dags/Copy_smoke_pipeline.py
[2026-01-01T02:37:35.990+0000] {logging_mixin.py:188} INFO - [2026-01-01T02:37:35.990+0000] {dag.py:3089} INFO - Sync 1 DAGs
[2026-01-01T02:37:36.009+0000] {logging_mixin.py:188} INFO - [2026-01-01T02:37:36.008+0000] {dag.py:3947} INFO - Setting next_dagrun for copy_smoke_test to None, run_after=None
[2026-01-01T02:37:36.034+0000] {processor.py:183} INFO - Processing /opt/airflow/dags/Copy_smoke_pipeline.py took 0.130 seconds
[2026-01-01T02:38:06.619+0000] {processor.py:161} INFO - Started process (PID=4084) to work on /opt/airflow/dags/Copy_smoke_pipeline.py
[2026-01-01T02:38:06.621+0000] {processor.py:830} INFO - Processing file /opt/airflow/dags/Copy_smoke_pipeline.py for tasks to queue
[2026-01-01T02:38:06.622+0000] {logging_mixin.py:188} INFO - [2026-01-01T02:38:06.622+0000] {dagbag.py:545} INFO - Filling up the DagBag from /opt/airflow/dags/Copy_smoke_pipeline.py
[2026-01-01T02:38:06.648+0000] {processor.py:840} INFO - DAG(s) 'copy_smoke_test' retrieved from /opt/airflow/dags/Copy_smoke_pipeline.py
[2026-01-01T02:38:06.695+0000] {logging_mixin.py:188} INFO - [2026-01-01T02:38:06.695+0000] {dag.py:3089} INFO - Sync 1 DAGs
[2026-01-01T02:38:06.709+0000] {logging_mixin.py:188} INFO - [2026-01-01T02:38:06.709+0000] {dag.py:3947} INFO - Setting next_dagrun for copy_smoke_test to None, run_after=None
[2026-01-01T02:38:06.734+0000] {processor.py:183} INFO - Processing /opt/airflow/dags/Copy_smoke_pipeline.py took 0.123 seconds
[2026-01-01T02:38:37.448+0000] {processor.py:161} INFO - Started process (PID=4109) to work on /opt/airflow/dags/Copy_smoke_pipeline.py
[2026-01-01T02:38:37.449+0000] {processor.py:830} INFO - Processing file /opt/airflow/dags/Copy_smoke_pipeline.py for tasks to queue
[2026-01-01T02:38:37.451+0000] {logging_mixin.py:188} INFO - [2026-01-01T02:38:37.450+0000] {dagbag.py:545} INFO - Filling up the DagBag from /opt/airflow/dags/Copy_smoke_pipeline.py
[2026-01-01T02:38:37.480+0000] {processor.py:840} INFO - DAG(s) 'copy_smoke_test' retrieved from /opt/airflow/dags/Copy_smoke_pipeline.py
[2026-01-01T02:38:37.533+0000] {logging_mixin.py:188} INFO - [2026-01-01T02:38:37.533+0000] {dag.py:3089} INFO - Sync 1 DAGs
[2026-01-01T02:38:37.556+0000] {logging_mixin.py:188} INFO - [2026-01-01T02:38:37.556+0000] {dag.py:3947} INFO - Setting next_dagrun for copy_smoke_test to None, run_after=None
[2026-01-01T02:38:37.581+0000] {processor.py:183} INFO - Processing /opt/airflow/dags/Copy_smoke_pipeline.py took 0.142 seconds
[2026-01-01T02:39:08.248+0000] {processor.py:161} INFO - Started process (PID=4134) to work on /opt/airflow/dags/Copy_smoke_pipeline.py
[2026-01-01T02:39:08.250+0000] {processor.py:830} INFO - Processing file /opt/airflow/dags/Copy_smoke_pipeline.py for tasks to queue
[2026-01-01T02:39:08.252+0000] {logging_mixin.py:188} INFO - [2026-01-01T02:39:08.251+0000] {dagbag.py:545} INFO - Filling up the DagBag from /opt/airflow/dags/Copy_smoke_pipeline.py
[2026-01-01T02:39:08.284+0000] {processor.py:840} INFO - DAG(s) 'copy_smoke_test' retrieved from /opt/airflow/dags/Copy_smoke_pipeline.py
[2026-01-01T02:39:08.371+0000] {logging_mixin.py:188} INFO - [2026-01-01T02:39:08.370+0000] {dag.py:3089} INFO - Sync 1 DAGs
[2026-01-01T02:39:08.405+0000] {logging_mixin.py:188} INFO - [2026-01-01T02:39:08.405+0000] {dag.py:3947} INFO - Setting next_dagrun for copy_smoke_test to None, run_after=None
[2026-01-01T02:39:08.442+0000] {processor.py:183} INFO - Processing /opt/airflow/dags/Copy_smoke_pipeline.py took 0.204 seconds
[2026-01-01T02:39:38.855+0000] {processor.py:161} INFO - Started process (PID=4159) to work on /opt/airflow/dags/Copy_smoke_pipeline.py
[2026-01-01T02:39:38.857+0000] {processor.py:830} INFO - Processing file /opt/airflow/dags/Copy_smoke_pipeline.py for tasks to queue
[2026-01-01T02:39:38.858+0000] {logging_mixin.py:188} INFO - [2026-01-01T02:39:38.858+0000] {dagbag.py:545} INFO - Filling up the DagBag from /opt/airflow/dags/Copy_smoke_pipeline.py
[2026-01-01T02:39:38.888+0000] {processor.py:840} INFO - DAG(s) 'copy_smoke_test' retrieved from /opt/airflow/dags/Copy_smoke_pipeline.py
[2026-01-01T02:39:38.955+0000] {logging_mixin.py:188} INFO - [2026-01-01T02:39:38.954+0000] {dag.py:3089} INFO - Sync 1 DAGs
[2026-01-01T02:39:38.976+0000] {logging_mixin.py:188} INFO - [2026-01-01T02:39:38.976+0000] {dag.py:3947} INFO - Setting next_dagrun for copy_smoke_test to None, run_after=None
[2026-01-01T02:39:39.009+0000] {processor.py:183} INFO - Processing /opt/airflow/dags/Copy_smoke_pipeline.py took 0.162 seconds
[2026-01-01T02:40:09.727+0000] {processor.py:161} INFO - Started process (PID=4184) to work on /opt/airflow/dags/Copy_smoke_pipeline.py
[2026-01-01T02:40:09.731+0000] {processor.py:830} INFO - Processing file /opt/airflow/dags/Copy_smoke_pipeline.py for tasks to queue
[2026-01-01T02:40:09.734+0000] {logging_mixin.py:188} INFO - [2026-01-01T02:40:09.733+0000] {dagbag.py:545} INFO - Filling up the DagBag from /opt/airflow/dags/Copy_smoke_pipeline.py
[2026-01-01T02:40:09.780+0000] {processor.py:840} INFO - DAG(s) 'copy_smoke_test' retrieved from /opt/airflow/dags/Copy_smoke_pipeline.py
[2026-01-01T02:40:09.847+0000] {logging_mixin.py:188} INFO - [2026-01-01T02:40:09.847+0000] {dag.py:3089} INFO - Sync 1 DAGs
[2026-01-01T02:40:09.871+0000] {logging_mixin.py:188} INFO - [2026-01-01T02:40:09.871+0000] {dag.py:3947} INFO - Setting next_dagrun for copy_smoke_test to None, run_after=None
[2026-01-01T02:40:09.905+0000] {processor.py:183} INFO - Processing /opt/airflow/dags/Copy_smoke_pipeline.py took 0.197 seconds
[2026-01-01T02:40:40.363+0000] {processor.py:161} INFO - Started process (PID=4209) to work on /opt/airflow/dags/Copy_smoke_pipeline.py
[2026-01-01T02:40:40.365+0000] {processor.py:830} INFO - Processing file /opt/airflow/dags/Copy_smoke_pipeline.py for tasks to queue
[2026-01-01T02:40:40.367+0000] {logging_mixin.py:188} INFO - [2026-01-01T02:40:40.367+0000] {dagbag.py:545} INFO - Filling up the DagBag from /opt/airflow/dags/Copy_smoke_pipeline.py
[2026-01-01T02:40:40.406+0000] {processor.py:840} INFO - DAG(s) 'copy_smoke_test' retrieved from /opt/airflow/dags/Copy_smoke_pipeline.py
[2026-01-01T02:40:40.468+0000] {logging_mixin.py:188} INFO - [2026-01-01T02:40:40.468+0000] {dag.py:3089} INFO - Sync 1 DAGs
[2026-01-01T02:40:40.494+0000] {logging_mixin.py:188} INFO - [2026-01-01T02:40:40.493+0000] {dag.py:3947} INFO - Setting next_dagrun for copy_smoke_test to None, run_after=None
[2026-01-01T02:40:40.528+0000] {processor.py:183} INFO - Processing /opt/airflow/dags/Copy_smoke_pipeline.py took 0.183 seconds
[2026-01-01T02:41:11.444+0000] {processor.py:161} INFO - Started process (PID=4234) to work on /opt/airflow/dags/Copy_smoke_pipeline.py
[2026-01-01T02:41:11.446+0000] {processor.py:830} INFO - Processing file /opt/airflow/dags/Copy_smoke_pipeline.py for tasks to queue
[2026-01-01T02:41:11.447+0000] {logging_mixin.py:188} INFO - [2026-01-01T02:41:11.447+0000] {dagbag.py:545} INFO - Filling up the DagBag from /opt/airflow/dags/Copy_smoke_pipeline.py
[2026-01-01T02:41:11.476+0000] {processor.py:840} INFO - DAG(s) 'copy_smoke_test' retrieved from /opt/airflow/dags/Copy_smoke_pipeline.py
[2026-01-01T02:41:11.524+0000] {logging_mixin.py:188} INFO - [2026-01-01T02:41:11.524+0000] {dag.py:3089} INFO - Sync 1 DAGs
[2026-01-01T02:41:11.546+0000] {logging_mixin.py:188} INFO - [2026-01-01T02:41:11.546+0000] {dag.py:3947} INFO - Setting next_dagrun for copy_smoke_test to None, run_after=None
[2026-01-01T02:41:11.579+0000] {processor.py:183} INFO - Processing /opt/airflow/dags/Copy_smoke_pipeline.py took 0.148 seconds
[2026-01-01T02:41:42.278+0000] {processor.py:161} INFO - Started process (PID=4259) to work on /opt/airflow/dags/Copy_smoke_pipeline.py
[2026-01-01T02:41:42.279+0000] {processor.py:830} INFO - Processing file /opt/airflow/dags/Copy_smoke_pipeline.py for tasks to queue
[2026-01-01T02:41:42.281+0000] {logging_mixin.py:188} INFO - [2026-01-01T02:41:42.280+0000] {dagbag.py:545} INFO - Filling up the DagBag from /opt/airflow/dags/Copy_smoke_pipeline.py
[2026-01-01T02:41:42.310+0000] {processor.py:840} INFO - DAG(s) 'copy_smoke_test' retrieved from /opt/airflow/dags/Copy_smoke_pipeline.py
[2026-01-01T02:41:42.355+0000] {logging_mixin.py:188} INFO - [2026-01-01T02:41:42.354+0000] {dag.py:3089} INFO - Sync 1 DAGs
[2026-01-01T02:41:42.370+0000] {logging_mixin.py:188} INFO - [2026-01-01T02:41:42.370+0000] {dag.py:3947} INFO - Setting next_dagrun for copy_smoke_test to None, run_after=None
[2026-01-01T02:41:42.396+0000] {processor.py:183} INFO - Processing /opt/airflow/dags/Copy_smoke_pipeline.py took 0.127 seconds
[2026-01-01T02:42:13.205+0000] {processor.py:161} INFO - Started process (PID=4284) to work on /opt/airflow/dags/Copy_smoke_pipeline.py
[2026-01-01T02:42:13.207+0000] {processor.py:830} INFO - Processing file /opt/airflow/dags/Copy_smoke_pipeline.py for tasks to queue
[2026-01-01T02:42:13.208+0000] {logging_mixin.py:188} INFO - [2026-01-01T02:42:13.208+0000] {dagbag.py:545} INFO - Filling up the DagBag from /opt/airflow/dags/Copy_smoke_pipeline.py
[2026-01-01T02:42:13.234+0000] {processor.py:840} INFO - DAG(s) 'copy_smoke_test' retrieved from /opt/airflow/dags/Copy_smoke_pipeline.py
[2026-01-01T02:42:13.292+0000] {logging_mixin.py:188} INFO - [2026-01-01T02:42:13.292+0000] {dag.py:3089} INFO - Sync 1 DAGs
[2026-01-01T02:42:13.306+0000] {logging_mixin.py:188} INFO - [2026-01-01T02:42:13.306+0000] {dag.py:3947} INFO - Setting next_dagrun for copy_smoke_test to None, run_after=None
[2026-01-01T02:42:13.331+0000] {processor.py:183} INFO - Processing /opt/airflow/dags/Copy_smoke_pipeline.py took 0.136 seconds
[2026-01-01T02:42:43.959+0000] {processor.py:161} INFO - Started process (PID=4309) to work on /opt/airflow/dags/Copy_smoke_pipeline.py
[2026-01-01T02:42:43.960+0000] {processor.py:830} INFO - Processing file /opt/airflow/dags/Copy_smoke_pipeline.py for tasks to queue
[2026-01-01T02:42:43.962+0000] {logging_mixin.py:188} INFO - [2026-01-01T02:42:43.962+0000] {dagbag.py:545} INFO - Filling up the DagBag from /opt/airflow/dags/Copy_smoke_pipeline.py
[2026-01-01T02:42:43.987+0000] {processor.py:840} INFO - DAG(s) 'copy_smoke_test' retrieved from /opt/airflow/dags/Copy_smoke_pipeline.py
[2026-01-01T02:42:44.066+0000] {logging_mixin.py:188} INFO - [2026-01-01T02:42:44.066+0000] {dag.py:3089} INFO - Sync 1 DAGs
[2026-01-01T02:42:44.082+0000] {logging_mixin.py:188} INFO - [2026-01-01T02:42:44.082+0000] {dag.py:3947} INFO - Setting next_dagrun for copy_smoke_test to None, run_after=None
[2026-01-01T02:42:44.114+0000] {processor.py:183} INFO - Processing /opt/airflow/dags/Copy_smoke_pipeline.py took 0.164 seconds
[2026-01-01T02:43:14.550+0000] {processor.py:161} INFO - Started process (PID=4334) to work on /opt/airflow/dags/Copy_smoke_pipeline.py
[2026-01-01T02:43:14.551+0000] {processor.py:830} INFO - Processing file /opt/airflow/dags/Copy_smoke_pipeline.py for tasks to queue
[2026-01-01T02:43:14.553+0000] {logging_mixin.py:188} INFO - [2026-01-01T02:43:14.552+0000] {dagbag.py:545} INFO - Filling up the DagBag from /opt/airflow/dags/Copy_smoke_pipeline.py
[2026-01-01T02:43:14.579+0000] {processor.py:840} INFO - DAG(s) 'copy_smoke_test' retrieved from /opt/airflow/dags/Copy_smoke_pipeline.py
[2026-01-01T02:43:14.624+0000] {logging_mixin.py:188} INFO - [2026-01-01T02:43:14.624+0000] {dag.py:3089} INFO - Sync 1 DAGs
[2026-01-01T02:43:14.639+0000] {logging_mixin.py:188} INFO - [2026-01-01T02:43:14.639+0000] {dag.py:3947} INFO - Setting next_dagrun for copy_smoke_test to None, run_after=None
[2026-01-01T02:43:14.664+0000] {processor.py:183} INFO - Processing /opt/airflow/dags/Copy_smoke_pipeline.py took 0.122 seconds
[2026-01-01T02:43:45.675+0000] {processor.py:161} INFO - Started process (PID=4359) to work on /opt/airflow/dags/Copy_smoke_pipeline.py
[2026-01-01T02:43:45.676+0000] {processor.py:830} INFO - Processing file /opt/airflow/dags/Copy_smoke_pipeline.py for tasks to queue
[2026-01-01T02:43:45.678+0000] {logging_mixin.py:188} INFO - [2026-01-01T02:43:45.677+0000] {dagbag.py:545} INFO - Filling up the DagBag from /opt/airflow/dags/Copy_smoke_pipeline.py
[2026-01-01T02:43:45.704+0000] {processor.py:840} INFO - DAG(s) 'copy_smoke_test' retrieved from /opt/airflow/dags/Copy_smoke_pipeline.py
[2026-01-01T02:43:45.749+0000] {logging_mixin.py:188} INFO - [2026-01-01T02:43:45.749+0000] {dag.py:3089} INFO - Sync 1 DAGs
[2026-01-01T02:43:45.768+0000] {logging_mixin.py:188} INFO - [2026-01-01T02:43:45.767+0000] {dag.py:3947} INFO - Setting next_dagrun for copy_smoke_test to None, run_after=None
[2026-01-01T02:43:45.794+0000] {processor.py:183} INFO - Processing /opt/airflow/dags/Copy_smoke_pipeline.py took 0.128 seconds
[2026-01-01T02:44:16.276+0000] {processor.py:161} INFO - Started process (PID=4384) to work on /opt/airflow/dags/Copy_smoke_pipeline.py
[2026-01-01T02:44:16.278+0000] {processor.py:830} INFO - Processing file /opt/airflow/dags/Copy_smoke_pipeline.py for tasks to queue
[2026-01-01T02:44:16.280+0000] {logging_mixin.py:188} INFO - [2026-01-01T02:44:16.279+0000] {dagbag.py:545} INFO - Filling up the DagBag from /opt/airflow/dags/Copy_smoke_pipeline.py
[2026-01-01T02:44:16.304+0000] {processor.py:840} INFO - DAG(s) 'copy_smoke_test' retrieved from /opt/airflow/dags/Copy_smoke_pipeline.py
[2026-01-01T02:44:16.350+0000] {logging_mixin.py:188} INFO - [2026-01-01T02:44:16.349+0000] {dag.py:3089} INFO - Sync 1 DAGs
[2026-01-01T02:44:16.370+0000] {logging_mixin.py:188} INFO - [2026-01-01T02:44:16.369+0000] {dag.py:3947} INFO - Setting next_dagrun for copy_smoke_test to None, run_after=None
[2026-01-01T02:44:16.397+0000] {processor.py:183} INFO - Processing /opt/airflow/dags/Copy_smoke_pipeline.py took 0.132 seconds
[2026-01-01T02:44:47.180+0000] {processor.py:161} INFO - Started process (PID=4409) to work on /opt/airflow/dags/Copy_smoke_pipeline.py
[2026-01-01T02:44:47.182+0000] {processor.py:830} INFO - Processing file /opt/airflow/dags/Copy_smoke_pipeline.py for tasks to queue
[2026-01-01T02:44:47.185+0000] {logging_mixin.py:188} INFO - [2026-01-01T02:44:47.184+0000] {dagbag.py:545} INFO - Filling up the DagBag from /opt/airflow/dags/Copy_smoke_pipeline.py
[2026-01-01T02:44:47.216+0000] {processor.py:840} INFO - DAG(s) 'copy_smoke_test' retrieved from /opt/airflow/dags/Copy_smoke_pipeline.py
[2026-01-01T02:44:47.273+0000] {logging_mixin.py:188} INFO - [2026-01-01T02:44:47.272+0000] {dag.py:3089} INFO - Sync 1 DAGs
[2026-01-01T02:44:47.294+0000] {logging_mixin.py:188} INFO - [2026-01-01T02:44:47.293+0000] {dag.py:3947} INFO - Setting next_dagrun for copy_smoke_test to None, run_after=None
[2026-01-01T02:44:47.322+0000] {processor.py:183} INFO - Processing /opt/airflow/dags/Copy_smoke_pipeline.py took 0.159 seconds
[2026-01-01T02:45:18.064+0000] {processor.py:161} INFO - Started process (PID=4434) to work on /opt/airflow/dags/Copy_smoke_pipeline.py
[2026-01-01T02:45:18.066+0000] {processor.py:830} INFO - Processing file /opt/airflow/dags/Copy_smoke_pipeline.py for tasks to queue
[2026-01-01T02:45:18.068+0000] {logging_mixin.py:188} INFO - [2026-01-01T02:45:18.068+0000] {dagbag.py:545} INFO - Filling up the DagBag from /opt/airflow/dags/Copy_smoke_pipeline.py
[2026-01-01T02:45:18.118+0000] {processor.py:840} INFO - DAG(s) 'copy_smoke_test' retrieved from /opt/airflow/dags/Copy_smoke_pipeline.py
[2026-01-01T02:45:18.202+0000] {logging_mixin.py:188} INFO - [2026-01-01T02:45:18.202+0000] {dag.py:3089} INFO - Sync 1 DAGs
[2026-01-01T02:45:18.235+0000] {logging_mixin.py:188} INFO - [2026-01-01T02:45:18.235+0000] {dag.py:3947} INFO - Setting next_dagrun for copy_smoke_test to None, run_after=None
[2026-01-01T02:45:18.266+0000] {processor.py:183} INFO - Processing /opt/airflow/dags/Copy_smoke_pipeline.py took 0.221 seconds
[2026-01-01T02:45:48.469+0000] {processor.py:161} INFO - Started process (PID=4459) to work on /opt/airflow/dags/Copy_smoke_pipeline.py
[2026-01-01T02:45:48.470+0000] {processor.py:830} INFO - Processing file /opt/airflow/dags/Copy_smoke_pipeline.py for tasks to queue
[2026-01-01T02:45:48.472+0000] {logging_mixin.py:188} INFO - [2026-01-01T02:45:48.471+0000] {dagbag.py:545} INFO - Filling up the DagBag from /opt/airflow/dags/Copy_smoke_pipeline.py
[2026-01-01T02:45:48.498+0000] {processor.py:840} INFO - DAG(s) 'copy_smoke_test' retrieved from /opt/airflow/dags/Copy_smoke_pipeline.py
[2026-01-01T02:45:48.545+0000] {logging_mixin.py:188} INFO - [2026-01-01T02:45:48.545+0000] {dag.py:3089} INFO - Sync 1 DAGs
[2026-01-01T02:45:48.563+0000] {logging_mixin.py:188} INFO - [2026-01-01T02:45:48.563+0000] {dag.py:3947} INFO - Setting next_dagrun for copy_smoke_test to None, run_after=None
[2026-01-01T02:45:48.589+0000] {processor.py:183} INFO - Processing /opt/airflow/dags/Copy_smoke_pipeline.py took 0.130 seconds
[2026-01-01T02:46:19.051+0000] {processor.py:161} INFO - Started process (PID=4484) to work on /opt/airflow/dags/Copy_smoke_pipeline.py
[2026-01-01T02:46:19.112+0000] {processor.py:830} INFO - Processing file /opt/airflow/dags/Copy_smoke_pipeline.py for tasks to queue
[2026-01-01T02:46:19.114+0000] {logging_mixin.py:188} INFO - [2026-01-01T02:46:19.113+0000] {dagbag.py:545} INFO - Filling up the DagBag from /opt/airflow/dags/Copy_smoke_pipeline.py
[2026-01-01T02:46:19.148+0000] {processor.py:840} INFO - DAG(s) 'copy_smoke_test' retrieved from /opt/airflow/dags/Copy_smoke_pipeline.py
[2026-01-01T02:46:19.222+0000] {logging_mixin.py:188} INFO - [2026-01-01T02:46:19.221+0000] {dag.py:3089} INFO - Sync 1 DAGs
[2026-01-01T02:46:19.244+0000] {logging_mixin.py:188} INFO - [2026-01-01T02:46:19.244+0000] {dag.py:3947} INFO - Setting next_dagrun for copy_smoke_test to None, run_after=None
[2026-01-01T02:46:19.276+0000] {processor.py:183} INFO - Processing /opt/airflow/dags/Copy_smoke_pipeline.py took 0.234 seconds
[2026-01-01T02:46:49.630+0000] {processor.py:161} INFO - Started process (PID=4509) to work on /opt/airflow/dags/Copy_smoke_pipeline.py
[2026-01-01T02:46:49.632+0000] {processor.py:830} INFO - Processing file /opt/airflow/dags/Copy_smoke_pipeline.py for tasks to queue
[2026-01-01T02:46:49.633+0000] {logging_mixin.py:188} INFO - [2026-01-01T02:46:49.633+0000] {dagbag.py:545} INFO - Filling up the DagBag from /opt/airflow/dags/Copy_smoke_pipeline.py
[2026-01-01T02:46:49.659+0000] {processor.py:840} INFO - DAG(s) 'copy_smoke_test' retrieved from /opt/airflow/dags/Copy_smoke_pipeline.py
[2026-01-01T02:46:49.702+0000] {logging_mixin.py:188} INFO - [2026-01-01T02:46:49.701+0000] {dag.py:3089} INFO - Sync 1 DAGs
[2026-01-01T02:46:49.717+0000] {logging_mixin.py:188} INFO - [2026-01-01T02:46:49.716+0000] {dag.py:3947} INFO - Setting next_dagrun for copy_smoke_test to None, run_after=None
[2026-01-01T02:46:49.775+0000] {processor.py:183} INFO - Processing /opt/airflow/dags/Copy_smoke_pipeline.py took 0.153 seconds
[2026-01-01T02:47:20.069+0000] {processor.py:161} INFO - Started process (PID=4534) to work on /opt/airflow/dags/Copy_smoke_pipeline.py
[2026-01-01T02:47:20.071+0000] {processor.py:830} INFO - Processing file /opt/airflow/dags/Copy_smoke_pipeline.py for tasks to queue
[2026-01-01T02:47:20.073+0000] {logging_mixin.py:188} INFO - [2026-01-01T02:47:20.072+0000] {dagbag.py:545} INFO - Filling up the DagBag from /opt/airflow/dags/Copy_smoke_pipeline.py
[2026-01-01T02:47:20.101+0000] {processor.py:840} INFO - DAG(s) 'copy_smoke_test' retrieved from /opt/airflow/dags/Copy_smoke_pipeline.py
[2026-01-01T02:47:20.159+0000] {logging_mixin.py:188} INFO - [2026-01-01T02:47:20.158+0000] {dag.py:3089} INFO - Sync 1 DAGs
[2026-01-01T02:47:20.180+0000] {logging_mixin.py:188} INFO - [2026-01-01T02:47:20.180+0000] {dag.py:3947} INFO - Setting next_dagrun for copy_smoke_test to None, run_after=None
[2026-01-01T02:47:20.210+0000] {processor.py:183} INFO - Processing /opt/airflow/dags/Copy_smoke_pipeline.py took 0.152 seconds
[2026-01-01T02:47:51.127+0000] {processor.py:161} INFO - Started process (PID=4559) to work on /opt/airflow/dags/Copy_smoke_pipeline.py
[2026-01-01T02:47:51.129+0000] {processor.py:830} INFO - Processing file /opt/airflow/dags/Copy_smoke_pipeline.py for tasks to queue
[2026-01-01T02:47:51.130+0000] {logging_mixin.py:188} INFO - [2026-01-01T02:47:51.130+0000] {dagbag.py:545} INFO - Filling up the DagBag from /opt/airflow/dags/Copy_smoke_pipeline.py
[2026-01-01T02:47:51.156+0000] {processor.py:840} INFO - DAG(s) 'copy_smoke_test' retrieved from /opt/airflow/dags/Copy_smoke_pipeline.py
[2026-01-01T02:47:51.455+0000] {logging_mixin.py:188} INFO - [2026-01-01T02:47:51.455+0000] {dag.py:3089} INFO - Sync 1 DAGs
[2026-01-01T02:47:51.473+0000] {logging_mixin.py:188} INFO - [2026-01-01T02:47:51.473+0000] {dag.py:3947} INFO - Setting next_dagrun for copy_smoke_test to None, run_after=None
[2026-01-01T02:47:51.516+0000] {processor.py:183} INFO - Processing /opt/airflow/dags/Copy_smoke_pipeline.py took 0.397 seconds
[2026-01-01T02:48:22.363+0000] {processor.py:161} INFO - Started process (PID=4587) to work on /opt/airflow/dags/Copy_smoke_pipeline.py
[2026-01-01T02:48:22.365+0000] {processor.py:830} INFO - Processing file /opt/airflow/dags/Copy_smoke_pipeline.py for tasks to queue
[2026-01-01T02:48:22.367+0000] {logging_mixin.py:188} INFO - [2026-01-01T02:48:22.366+0000] {dagbag.py:545} INFO - Filling up the DagBag from /opt/airflow/dags/Copy_smoke_pipeline.py
[2026-01-01T02:48:22.400+0000] {processor.py:840} INFO - DAG(s) 'copy_smoke_test' retrieved from /opt/airflow/dags/Copy_smoke_pipeline.py
[2026-01-01T02:48:22.460+0000] {logging_mixin.py:188} INFO - [2026-01-01T02:48:22.460+0000] {dag.py:3089} INFO - Sync 1 DAGs
[2026-01-01T02:48:22.481+0000] {logging_mixin.py:188} INFO - [2026-01-01T02:48:22.480+0000] {dag.py:3947} INFO - Setting next_dagrun for copy_smoke_test to None, run_after=None
[2026-01-01T02:48:22.516+0000] {processor.py:183} INFO - Processing /opt/airflow/dags/Copy_smoke_pipeline.py took 0.166 seconds
[2026-01-01T02:48:53.122+0000] {processor.py:161} INFO - Started process (PID=4612) to work on /opt/airflow/dags/Copy_smoke_pipeline.py
[2026-01-01T02:48:53.124+0000] {processor.py:830} INFO - Processing file /opt/airflow/dags/Copy_smoke_pipeline.py for tasks to queue
[2026-01-01T02:48:53.127+0000] {logging_mixin.py:188} INFO - [2026-01-01T02:48:53.126+0000] {dagbag.py:545} INFO - Filling up the DagBag from /opt/airflow/dags/Copy_smoke_pipeline.py
[2026-01-01T02:48:53.160+0000] {processor.py:840} INFO - DAG(s) 'copy_smoke_test' retrieved from /opt/airflow/dags/Copy_smoke_pipeline.py
[2026-01-01T02:48:53.229+0000] {logging_mixin.py:188} INFO - [2026-01-01T02:48:53.229+0000] {dag.py:3089} INFO - Sync 1 DAGs
[2026-01-01T02:48:53.255+0000] {logging_mixin.py:188} INFO - [2026-01-01T02:48:53.254+0000] {dag.py:3947} INFO - Setting next_dagrun for copy_smoke_test to None, run_after=None
[2026-01-01T02:48:53.294+0000] {processor.py:183} INFO - Processing /opt/airflow/dags/Copy_smoke_pipeline.py took 0.186 seconds
[2026-01-01T02:49:23.914+0000] {processor.py:161} INFO - Started process (PID=4637) to work on /opt/airflow/dags/Copy_smoke_pipeline.py
[2026-01-01T02:49:23.915+0000] {processor.py:830} INFO - Processing file /opt/airflow/dags/Copy_smoke_pipeline.py for tasks to queue
[2026-01-01T02:49:23.917+0000] {logging_mixin.py:188} INFO - [2026-01-01T02:49:23.916+0000] {dagbag.py:545} INFO - Filling up the DagBag from /opt/airflow/dags/Copy_smoke_pipeline.py
[2026-01-01T02:49:23.943+0000] {processor.py:840} INFO - DAG(s) 'copy_smoke_test' retrieved from /opt/airflow/dags/Copy_smoke_pipeline.py
[2026-01-01T02:49:23.989+0000] {logging_mixin.py:188} INFO - [2026-01-01T02:49:23.989+0000] {dag.py:3089} INFO - Sync 1 DAGs
[2026-01-01T02:49:24.007+0000] {logging_mixin.py:188} INFO - [2026-01-01T02:49:24.007+0000] {dag.py:3947} INFO - Setting next_dagrun for copy_smoke_test to None, run_after=None
[2026-01-01T02:49:24.033+0000] {processor.py:183} INFO - Processing /opt/airflow/dags/Copy_smoke_pipeline.py took 0.127 seconds
[2026-01-01T02:49:54.642+0000] {processor.py:161} INFO - Started process (PID=4662) to work on /opt/airflow/dags/Copy_smoke_pipeline.py
[2026-01-01T02:49:54.645+0000] {processor.py:830} INFO - Processing file /opt/airflow/dags/Copy_smoke_pipeline.py for tasks to queue
[2026-01-01T02:49:54.648+0000] {logging_mixin.py:188} INFO - [2026-01-01T02:49:54.647+0000] {dagbag.py:545} INFO - Filling up the DagBag from /opt/airflow/dags/Copy_smoke_pipeline.py
[2026-01-01T02:49:54.689+0000] {processor.py:840} INFO - DAG(s) 'copy_smoke_test' retrieved from /opt/airflow/dags/Copy_smoke_pipeline.py
[2026-01-01T02:49:54.748+0000] {logging_mixin.py:188} INFO - [2026-01-01T02:49:54.748+0000] {dag.py:3089} INFO - Sync 1 DAGs
[2026-01-01T02:49:54.769+0000] {logging_mixin.py:188} INFO - [2026-01-01T02:49:54.769+0000] {dag.py:3947} INFO - Setting next_dagrun for copy_smoke_test to None, run_after=None
[2026-01-01T02:49:54.798+0000] {processor.py:183} INFO - Processing /opt/airflow/dags/Copy_smoke_pipeline.py took 0.173 seconds
[2026-01-01T02:50:25.422+0000] {processor.py:161} INFO - Started process (PID=4687) to work on /opt/airflow/dags/Copy_smoke_pipeline.py
[2026-01-01T02:50:25.424+0000] {processor.py:830} INFO - Processing file /opt/airflow/dags/Copy_smoke_pipeline.py for tasks to queue
[2026-01-01T02:50:25.425+0000] {logging_mixin.py:188} INFO - [2026-01-01T02:50:25.425+0000] {dagbag.py:545} INFO - Filling up the DagBag from /opt/airflow/dags/Copy_smoke_pipeline.py
[2026-01-01T02:50:25.462+0000] {processor.py:840} INFO - DAG(s) 'copy_smoke_test' retrieved from /opt/airflow/dags/Copy_smoke_pipeline.py
[2026-01-01T02:50:25.511+0000] {logging_mixin.py:188} INFO - [2026-01-01T02:50:25.510+0000] {dag.py:3089} INFO - Sync 1 DAGs
[2026-01-01T02:50:25.526+0000] {logging_mixin.py:188} INFO - [2026-01-01T02:50:25.526+0000] {dag.py:3947} INFO - Setting next_dagrun for copy_smoke_test to None, run_after=None
[2026-01-01T02:50:25.556+0000] {processor.py:183} INFO - Processing /opt/airflow/dags/Copy_smoke_pipeline.py took 0.143 seconds
[2026-01-01T02:50:56.532+0000] {processor.py:161} INFO - Started process (PID=4712) to work on /opt/airflow/dags/Copy_smoke_pipeline.py
[2026-01-01T02:50:56.533+0000] {processor.py:830} INFO - Processing file /opt/airflow/dags/Copy_smoke_pipeline.py for tasks to queue
[2026-01-01T02:50:56.535+0000] {logging_mixin.py:188} INFO - [2026-01-01T02:50:56.534+0000] {dagbag.py:545} INFO - Filling up the DagBag from /opt/airflow/dags/Copy_smoke_pipeline.py
[2026-01-01T02:50:56.560+0000] {processor.py:840} INFO - DAG(s) 'copy_smoke_test' retrieved from /opt/airflow/dags/Copy_smoke_pipeline.py
[2026-01-01T02:50:56.720+0000] {logging_mixin.py:188} INFO - [2026-01-01T02:50:56.720+0000] {dag.py:3089} INFO - Sync 1 DAGs
[2026-01-01T02:50:56.736+0000] {logging_mixin.py:188} INFO - [2026-01-01T02:50:56.736+0000] {dag.py:3947} INFO - Setting next_dagrun for copy_smoke_test to None, run_after=None
[2026-01-01T02:50:56.763+0000] {processor.py:183} INFO - Processing /opt/airflow/dags/Copy_smoke_pipeline.py took 0.238 seconds
[2026-01-01T02:51:27.370+0000] {processor.py:161} INFO - Started process (PID=4737) to work on /opt/airflow/dags/Copy_smoke_pipeline.py
[2026-01-01T02:51:27.372+0000] {processor.py:830} INFO - Processing file /opt/airflow/dags/Copy_smoke_pipeline.py for tasks to queue
[2026-01-01T02:51:27.373+0000] {logging_mixin.py:188} INFO - [2026-01-01T02:51:27.373+0000] {dagbag.py:545} INFO - Filling up the DagBag from /opt/airflow/dags/Copy_smoke_pipeline.py
[2026-01-01T02:51:27.402+0000] {processor.py:840} INFO - DAG(s) 'copy_smoke_test' retrieved from /opt/airflow/dags/Copy_smoke_pipeline.py
[2026-01-01T02:51:27.457+0000] {logging_mixin.py:188} INFO - [2026-01-01T02:51:27.456+0000] {dag.py:3089} INFO - Sync 1 DAGs
[2026-01-01T02:51:27.479+0000] {logging_mixin.py:188} INFO - [2026-01-01T02:51:27.479+0000] {dag.py:3947} INFO - Setting next_dagrun for copy_smoke_test to None, run_after=None
[2026-01-01T02:51:27.510+0000] {processor.py:183} INFO - Processing /opt/airflow/dags/Copy_smoke_pipeline.py took 0.150 seconds
[2026-01-01T02:51:57.937+0000] {processor.py:161} INFO - Started process (PID=4762) to work on /opt/airflow/dags/Copy_smoke_pipeline.py
[2026-01-01T02:51:57.939+0000] {processor.py:830} INFO - Processing file /opt/airflow/dags/Copy_smoke_pipeline.py for tasks to queue
[2026-01-01T02:51:57.942+0000] {logging_mixin.py:188} INFO - [2026-01-01T02:51:57.941+0000] {dagbag.py:545} INFO - Filling up the DagBag from /opt/airflow/dags/Copy_smoke_pipeline.py
[2026-01-01T02:51:57.980+0000] {processor.py:840} INFO - DAG(s) 'copy_smoke_test' retrieved from /opt/airflow/dags/Copy_smoke_pipeline.py
[2026-01-01T02:51:58.085+0000] {logging_mixin.py:188} INFO - [2026-01-01T02:51:58.084+0000] {dag.py:3089} INFO - Sync 1 DAGs
[2026-01-01T02:51:58.130+0000] {logging_mixin.py:188} INFO - [2026-01-01T02:51:58.130+0000] {dag.py:3947} INFO - Setting next_dagrun for copy_smoke_test to None, run_after=None
[2026-01-01T02:51:58.178+0000] {processor.py:183} INFO - Processing /opt/airflow/dags/Copy_smoke_pipeline.py took 0.250 seconds
[2026-01-01T02:52:28.880+0000] {processor.py:161} INFO - Started process (PID=4787) to work on /opt/airflow/dags/Copy_smoke_pipeline.py
[2026-01-01T02:52:28.882+0000] {processor.py:830} INFO - Processing file /opt/airflow/dags/Copy_smoke_pipeline.py for tasks to queue
[2026-01-01T02:52:28.884+0000] {logging_mixin.py:188} INFO - [2026-01-01T02:52:28.884+0000] {dagbag.py:545} INFO - Filling up the DagBag from /opt/airflow/dags/Copy_smoke_pipeline.py
[2026-01-01T02:52:28.918+0000] {processor.py:840} INFO - DAG(s) 'copy_smoke_test' retrieved from /opt/airflow/dags/Copy_smoke_pipeline.py
[2026-01-01T02:52:28.997+0000] {logging_mixin.py:188} INFO - [2026-01-01T02:52:28.996+0000] {dag.py:3089} INFO - Sync 1 DAGs
[2026-01-01T02:52:29.047+0000] {logging_mixin.py:188} INFO - [2026-01-01T02:52:29.046+0000] {dag.py:3947} INFO - Setting next_dagrun for copy_smoke_test to None, run_after=None
[2026-01-01T02:52:29.092+0000] {processor.py:183} INFO - Processing /opt/airflow/dags/Copy_smoke_pipeline.py took 0.224 seconds
[2026-01-01T02:53:00.017+0000] {processor.py:161} INFO - Started process (PID=4812) to work on /opt/airflow/dags/Copy_smoke_pipeline.py
[2026-01-01T02:53:00.054+0000] {processor.py:830} INFO - Processing file /opt/airflow/dags/Copy_smoke_pipeline.py for tasks to queue
[2026-01-01T02:53:00.071+0000] {logging_mixin.py:188} INFO - [2026-01-01T02:53:00.070+0000] {dagbag.py:545} INFO - Filling up the DagBag from /opt/airflow/dags/Copy_smoke_pipeline.py
[2026-01-01T02:53:00.418+0000] {processor.py:840} INFO - DAG(s) 'copy_smoke_test' retrieved from /opt/airflow/dags/Copy_smoke_pipeline.py
[2026-01-01T02:53:00.611+0000] {logging_mixin.py:188} INFO - [2026-01-01T02:53:00.611+0000] {dag.py:3089} INFO - Sync 1 DAGs
[2026-01-01T02:53:00.698+0000] {logging_mixin.py:188} INFO - [2026-01-01T02:53:00.698+0000] {dag.py:3947} INFO - Setting next_dagrun for copy_smoke_test to None, run_after=None
[2026-01-01T02:53:00.816+0000] {processor.py:183} INFO - Processing /opt/airflow/dags/Copy_smoke_pipeline.py took 0.836 seconds
[2026-01-01T02:53:31.623+0000] {processor.py:161} INFO - Started process (PID=4837) to work on /opt/airflow/dags/Copy_smoke_pipeline.py
[2026-01-01T02:53:31.626+0000] {processor.py:830} INFO - Processing file /opt/airflow/dags/Copy_smoke_pipeline.py for tasks to queue
[2026-01-01T02:53:31.629+0000] {logging_mixin.py:188} INFO - [2026-01-01T02:53:31.628+0000] {dagbag.py:545} INFO - Filling up the DagBag from /opt/airflow/dags/Copy_smoke_pipeline.py
[2026-01-01T02:53:31.668+0000] {processor.py:840} INFO - DAG(s) 'copy_smoke_test' retrieved from /opt/airflow/dags/Copy_smoke_pipeline.py
[2026-01-01T02:53:31.793+0000] {logging_mixin.py:188} INFO - [2026-01-01T02:53:31.791+0000] {dag.py:3089} INFO - Sync 1 DAGs
[2026-01-01T02:53:31.834+0000] {logging_mixin.py:188} INFO - [2026-01-01T02:53:31.834+0000] {dag.py:3947} INFO - Setting next_dagrun for copy_smoke_test to None, run_after=None
[2026-01-01T02:53:31.897+0000] {processor.py:183} INFO - Processing /opt/airflow/dags/Copy_smoke_pipeline.py took 0.288 seconds
[2026-01-01T02:54:02.529+0000] {processor.py:161} INFO - Started process (PID=4862) to work on /opt/airflow/dags/Copy_smoke_pipeline.py
[2026-01-01T02:54:02.532+0000] {processor.py:830} INFO - Processing file /opt/airflow/dags/Copy_smoke_pipeline.py for tasks to queue
[2026-01-01T02:54:02.535+0000] {logging_mixin.py:188} INFO - [2026-01-01T02:54:02.534+0000] {dagbag.py:545} INFO - Filling up the DagBag from /opt/airflow/dags/Copy_smoke_pipeline.py
[2026-01-01T02:54:02.571+0000] {processor.py:840} INFO - DAG(s) 'copy_smoke_test' retrieved from /opt/airflow/dags/Copy_smoke_pipeline.py
[2026-01-01T02:54:02.662+0000] {logging_mixin.py:188} INFO - [2026-01-01T02:54:02.661+0000] {dag.py:3089} INFO - Sync 1 DAGs
[2026-01-01T02:54:02.705+0000] {logging_mixin.py:188} INFO - [2026-01-01T02:54:02.705+0000] {dag.py:3947} INFO - Setting next_dagrun for copy_smoke_test to None, run_after=None
[2026-01-01T02:54:02.776+0000] {processor.py:183} INFO - Processing /opt/airflow/dags/Copy_smoke_pipeline.py took 0.271 seconds
[2026-01-01T02:54:33.646+0000] {processor.py:161} INFO - Started process (PID=4887) to work on /opt/airflow/dags/Copy_smoke_pipeline.py
[2026-01-01T02:54:33.648+0000] {processor.py:830} INFO - Processing file /opt/airflow/dags/Copy_smoke_pipeline.py for tasks to queue
[2026-01-01T02:54:33.649+0000] {logging_mixin.py:188} INFO - [2026-01-01T02:54:33.648+0000] {dagbag.py:545} INFO - Filling up the DagBag from /opt/airflow/dags/Copy_smoke_pipeline.py
[2026-01-01T02:54:33.673+0000] {processor.py:840} INFO - DAG(s) 'copy_smoke_test' retrieved from /opt/airflow/dags/Copy_smoke_pipeline.py
[2026-01-01T02:54:33.721+0000] {logging_mixin.py:188} INFO - [2026-01-01T02:54:33.720+0000] {dag.py:3089} INFO - Sync 1 DAGs
[2026-01-01T02:54:33.737+0000] {logging_mixin.py:188} INFO - [2026-01-01T02:54:33.736+0000] {dag.py:3947} INFO - Setting next_dagrun for copy_smoke_test to None, run_after=None
[2026-01-01T02:54:33.764+0000] {processor.py:183} INFO - Processing /opt/airflow/dags/Copy_smoke_pipeline.py took 0.126 seconds
[2026-01-01T02:55:04.511+0000] {processor.py:161} INFO - Started process (PID=4912) to work on /opt/airflow/dags/Copy_smoke_pipeline.py
[2026-01-01T02:55:04.513+0000] {processor.py:830} INFO - Processing file /opt/airflow/dags/Copy_smoke_pipeline.py for tasks to queue
[2026-01-01T02:55:04.515+0000] {logging_mixin.py:188} INFO - [2026-01-01T02:55:04.515+0000] {dagbag.py:545} INFO - Filling up the DagBag from /opt/airflow/dags/Copy_smoke_pipeline.py
[2026-01-01T02:55:04.548+0000] {processor.py:840} INFO - DAG(s) 'copy_smoke_test' retrieved from /opt/airflow/dags/Copy_smoke_pipeline.py
[2026-01-01T02:55:04.609+0000] {logging_mixin.py:188} INFO - [2026-01-01T02:55:04.608+0000] {dag.py:3089} INFO - Sync 1 DAGs
[2026-01-01T02:55:04.632+0000] {logging_mixin.py:188} INFO - [2026-01-01T02:55:04.631+0000] {dag.py:3947} INFO - Setting next_dagrun for copy_smoke_test to None, run_after=None
[2026-01-01T02:55:04.670+0000] {processor.py:183} INFO - Processing /opt/airflow/dags/Copy_smoke_pipeline.py took 0.175 seconds
[2026-01-01T02:55:35.279+0000] {processor.py:161} INFO - Started process (PID=4937) to work on /opt/airflow/dags/Copy_smoke_pipeline.py
[2026-01-01T02:55:35.281+0000] {processor.py:830} INFO - Processing file /opt/airflow/dags/Copy_smoke_pipeline.py for tasks to queue
[2026-01-01T02:55:35.282+0000] {logging_mixin.py:188} INFO - [2026-01-01T02:55:35.282+0000] {dagbag.py:545} INFO - Filling up the DagBag from /opt/airflow/dags/Copy_smoke_pipeline.py
[2026-01-01T02:55:35.312+0000] {processor.py:840} INFO - DAG(s) 'copy_smoke_test' retrieved from /opt/airflow/dags/Copy_smoke_pipeline.py
[2026-01-01T02:55:35.356+0000] {logging_mixin.py:188} INFO - [2026-01-01T02:55:35.355+0000] {dag.py:3089} INFO - Sync 1 DAGs
[2026-01-01T02:55:35.371+0000] {logging_mixin.py:188} INFO - [2026-01-01T02:55:35.371+0000] {dag.py:3947} INFO - Setting next_dagrun for copy_smoke_test to None, run_after=None
[2026-01-01T02:55:35.400+0000] {processor.py:183} INFO - Processing /opt/airflow/dags/Copy_smoke_pipeline.py took 0.130 seconds
[2026-01-01T02:56:06.278+0000] {processor.py:161} INFO - Started process (PID=4962) to work on /opt/airflow/dags/Copy_smoke_pipeline.py
[2026-01-01T02:56:06.280+0000] {processor.py:830} INFO - Processing file /opt/airflow/dags/Copy_smoke_pipeline.py for tasks to queue
[2026-01-01T02:56:06.282+0000] {logging_mixin.py:188} INFO - [2026-01-01T02:56:06.281+0000] {dagbag.py:545} INFO - Filling up the DagBag from /opt/airflow/dags/Copy_smoke_pipeline.py
[2026-01-01T02:56:06.313+0000] {processor.py:840} INFO - DAG(s) 'copy_smoke_test' retrieved from /opt/airflow/dags/Copy_smoke_pipeline.py
[2026-01-01T02:56:06.364+0000] {logging_mixin.py:188} INFO - [2026-01-01T02:56:06.364+0000] {dag.py:3089} INFO - Sync 1 DAGs
[2026-01-01T02:56:06.379+0000] {logging_mixin.py:188} INFO - [2026-01-01T02:56:06.379+0000] {dag.py:3947} INFO - Setting next_dagrun for copy_smoke_test to None, run_after=None
[2026-01-01T02:56:06.403+0000] {processor.py:183} INFO - Processing /opt/airflow/dags/Copy_smoke_pipeline.py took 0.136 seconds
[2026-01-01T02:56:36.966+0000] {processor.py:161} INFO - Started process (PID=4987) to work on /opt/airflow/dags/Copy_smoke_pipeline.py
[2026-01-01T02:56:36.968+0000] {processor.py:830} INFO - Processing file /opt/airflow/dags/Copy_smoke_pipeline.py for tasks to queue
[2026-01-01T02:56:36.970+0000] {logging_mixin.py:188} INFO - [2026-01-01T02:56:36.969+0000] {dagbag.py:545} INFO - Filling up the DagBag from /opt/airflow/dags/Copy_smoke_pipeline.py
[2026-01-01T02:56:36.999+0000] {processor.py:840} INFO - DAG(s) 'copy_smoke_test' retrieved from /opt/airflow/dags/Copy_smoke_pipeline.py
[2026-01-01T02:56:37.058+0000] {logging_mixin.py:188} INFO - [2026-01-01T02:56:37.057+0000] {dag.py:3089} INFO - Sync 1 DAGs
[2026-01-01T02:56:37.086+0000] {logging_mixin.py:188} INFO - [2026-01-01T02:56:37.086+0000] {dag.py:3947} INFO - Setting next_dagrun for copy_smoke_test to None, run_after=None
[2026-01-01T02:56:37.118+0000] {processor.py:183} INFO - Processing /opt/airflow/dags/Copy_smoke_pipeline.py took 0.163 seconds
[2026-01-01T02:57:07.783+0000] {processor.py:161} INFO - Started process (PID=5012) to work on /opt/airflow/dags/Copy_smoke_pipeline.py
[2026-01-01T02:57:07.784+0000] {processor.py:830} INFO - Processing file /opt/airflow/dags/Copy_smoke_pipeline.py for tasks to queue
[2026-01-01T02:57:07.786+0000] {logging_mixin.py:188} INFO - [2026-01-01T02:57:07.785+0000] {dagbag.py:545} INFO - Filling up the DagBag from /opt/airflow/dags/Copy_smoke_pipeline.py
[2026-01-01T02:57:07.817+0000] {processor.py:840} INFO - DAG(s) 'copy_smoke_test' retrieved from /opt/airflow/dags/Copy_smoke_pipeline.py
[2026-01-01T02:57:07.885+0000] {logging_mixin.py:188} INFO - [2026-01-01T02:57:07.884+0000] {dag.py:3089} INFO - Sync 1 DAGs
[2026-01-01T02:57:07.913+0000] {logging_mixin.py:188} INFO - [2026-01-01T02:57:07.913+0000] {dag.py:3947} INFO - Setting next_dagrun for copy_smoke_test to None, run_after=None
[2026-01-01T02:57:07.946+0000] {processor.py:183} INFO - Processing /opt/airflow/dags/Copy_smoke_pipeline.py took 0.174 seconds
[2026-01-01T02:57:38.521+0000] {processor.py:161} INFO - Started process (PID=5037) to work on /opt/airflow/dags/Copy_smoke_pipeline.py
[2026-01-01T02:57:38.522+0000] {processor.py:830} INFO - Processing file /opt/airflow/dags/Copy_smoke_pipeline.py for tasks to queue
[2026-01-01T02:57:38.524+0000] {logging_mixin.py:188} INFO - [2026-01-01T02:57:38.523+0000] {dagbag.py:545} INFO - Filling up the DagBag from /opt/airflow/dags/Copy_smoke_pipeline.py
[2026-01-01T02:57:38.563+0000] {processor.py:840} INFO - DAG(s) 'copy_smoke_test' retrieved from /opt/airflow/dags/Copy_smoke_pipeline.py
[2026-01-01T02:57:38.630+0000] {logging_mixin.py:188} INFO - [2026-01-01T02:57:38.630+0000] {dag.py:3089} INFO - Sync 1 DAGs
[2026-01-01T02:57:38.655+0000] {logging_mixin.py:188} INFO - [2026-01-01T02:57:38.654+0000] {dag.py:3947} INFO - Setting next_dagrun for copy_smoke_test to None, run_after=None
[2026-01-01T02:57:38.686+0000] {processor.py:183} INFO - Processing /opt/airflow/dags/Copy_smoke_pipeline.py took 0.173 seconds
[2026-01-01T02:58:09.328+0000] {processor.py:161} INFO - Started process (PID=5062) to work on /opt/airflow/dags/Copy_smoke_pipeline.py
[2026-01-01T02:58:09.330+0000] {processor.py:830} INFO - Processing file /opt/airflow/dags/Copy_smoke_pipeline.py for tasks to queue
[2026-01-01T02:58:09.333+0000] {logging_mixin.py:188} INFO - [2026-01-01T02:58:09.331+0000] {dagbag.py:545} INFO - Filling up the DagBag from /opt/airflow/dags/Copy_smoke_pipeline.py
[2026-01-01T02:58:09.364+0000] {processor.py:840} INFO - DAG(s) 'copy_smoke_test' retrieved from /opt/airflow/dags/Copy_smoke_pipeline.py
[2026-01-01T02:58:09.417+0000] {logging_mixin.py:188} INFO - [2026-01-01T02:58:09.416+0000] {dag.py:3089} INFO - Sync 1 DAGs
[2026-01-01T02:58:09.435+0000] {logging_mixin.py:188} INFO - [2026-01-01T02:58:09.434+0000] {dag.py:3947} INFO - Setting next_dagrun for copy_smoke_test to None, run_after=None
[2026-01-01T02:58:09.461+0000] {processor.py:183} INFO - Processing /opt/airflow/dags/Copy_smoke_pipeline.py took 0.146 seconds
[2026-01-01T02:58:39.863+0000] {processor.py:161} INFO - Started process (PID=5087) to work on /opt/airflow/dags/Copy_smoke_pipeline.py
[2026-01-01T02:58:39.864+0000] {processor.py:830} INFO - Processing file /opt/airflow/dags/Copy_smoke_pipeline.py for tasks to queue
[2026-01-01T02:58:39.865+0000] {logging_mixin.py:188} INFO - [2026-01-01T02:58:39.865+0000] {dagbag.py:545} INFO - Filling up the DagBag from /opt/airflow/dags/Copy_smoke_pipeline.py
[2026-01-01T02:58:39.899+0000] {processor.py:840} INFO - DAG(s) 'copy_smoke_test' retrieved from /opt/airflow/dags/Copy_smoke_pipeline.py
[2026-01-01T02:58:39.954+0000] {logging_mixin.py:188} INFO - [2026-01-01T02:58:39.954+0000] {dag.py:3089} INFO - Sync 1 DAGs
[2026-01-01T02:58:39.974+0000] {logging_mixin.py:188} INFO - [2026-01-01T02:58:39.974+0000] {dag.py:3947} INFO - Setting next_dagrun for copy_smoke_test to None, run_after=None
[2026-01-01T02:58:40.003+0000] {processor.py:183} INFO - Processing /opt/airflow/dags/Copy_smoke_pipeline.py took 0.149 seconds
[2026-01-01T02:59:10.670+0000] {processor.py:161} INFO - Started process (PID=5112) to work on /opt/airflow/dags/Copy_smoke_pipeline.py
[2026-01-01T02:59:10.671+0000] {processor.py:830} INFO - Processing file /opt/airflow/dags/Copy_smoke_pipeline.py for tasks to queue
[2026-01-01T02:59:10.673+0000] {logging_mixin.py:188} INFO - [2026-01-01T02:59:10.672+0000] {dagbag.py:545} INFO - Filling up the DagBag from /opt/airflow/dags/Copy_smoke_pipeline.py
[2026-01-01T02:59:10.712+0000] {processor.py:840} INFO - DAG(s) 'copy_smoke_test' retrieved from /opt/airflow/dags/Copy_smoke_pipeline.py
[2026-01-01T02:59:10.798+0000] {logging_mixin.py:188} INFO - [2026-01-01T02:59:10.798+0000] {dag.py:3089} INFO - Sync 1 DAGs
[2026-01-01T02:59:10.825+0000] {logging_mixin.py:188} INFO - [2026-01-01T02:59:10.825+0000] {dag.py:3947} INFO - Setting next_dagrun for copy_smoke_test to None, run_after=None
[2026-01-01T02:59:10.864+0000] {processor.py:183} INFO - Processing /opt/airflow/dags/Copy_smoke_pipeline.py took 0.208 seconds
[2026-01-01T02:59:41.530+0000] {processor.py:161} INFO - Started process (PID=5137) to work on /opt/airflow/dags/Copy_smoke_pipeline.py
[2026-01-01T02:59:41.531+0000] {processor.py:830} INFO - Processing file /opt/airflow/dags/Copy_smoke_pipeline.py for tasks to queue
[2026-01-01T02:59:41.533+0000] {logging_mixin.py:188} INFO - [2026-01-01T02:59:41.532+0000] {dagbag.py:545} INFO - Filling up the DagBag from /opt/airflow/dags/Copy_smoke_pipeline.py
[2026-01-01T02:59:41.563+0000] {processor.py:840} INFO - DAG(s) 'copy_smoke_test' retrieved from /opt/airflow/dags/Copy_smoke_pipeline.py
[2026-01-01T02:59:41.613+0000] {logging_mixin.py:188} INFO - [2026-01-01T02:59:41.613+0000] {dag.py:3089} INFO - Sync 1 DAGs
[2026-01-01T02:59:41.638+0000] {logging_mixin.py:188} INFO - [2026-01-01T02:59:41.638+0000] {dag.py:3947} INFO - Setting next_dagrun for copy_smoke_test to None, run_after=None
[2026-01-01T02:59:41.678+0000] {processor.py:183} INFO - Processing /opt/airflow/dags/Copy_smoke_pipeline.py took 0.159 seconds
[2026-01-01T03:00:12.305+0000] {processor.py:161} INFO - Started process (PID=5162) to work on /opt/airflow/dags/Copy_smoke_pipeline.py
[2026-01-01T03:00:12.306+0000] {processor.py:830} INFO - Processing file /opt/airflow/dags/Copy_smoke_pipeline.py for tasks to queue
[2026-01-01T03:00:12.308+0000] {logging_mixin.py:188} INFO - [2026-01-01T03:00:12.307+0000] {dagbag.py:545} INFO - Filling up the DagBag from /opt/airflow/dags/Copy_smoke_pipeline.py
[2026-01-01T03:00:12.340+0000] {processor.py:840} INFO - DAG(s) 'copy_smoke_test' retrieved from /opt/airflow/dags/Copy_smoke_pipeline.py
[2026-01-01T03:00:12.400+0000] {logging_mixin.py:188} INFO - [2026-01-01T03:00:12.400+0000] {dag.py:3089} INFO - Sync 1 DAGs
[2026-01-01T03:00:12.422+0000] {logging_mixin.py:188} INFO - [2026-01-01T03:00:12.421+0000] {dag.py:3947} INFO - Setting next_dagrun for copy_smoke_test to None, run_after=None
[2026-01-01T03:00:12.452+0000] {processor.py:183} INFO - Processing /opt/airflow/dags/Copy_smoke_pipeline.py took 0.158 seconds
[2026-01-01T03:00:42.684+0000] {processor.py:161} INFO - Started process (PID=5187) to work on /opt/airflow/dags/Copy_smoke_pipeline.py
[2026-01-01T03:00:42.786+0000] {processor.py:830} INFO - Processing file /opt/airflow/dags/Copy_smoke_pipeline.py for tasks to queue
[2026-01-01T03:00:42.788+0000] {logging_mixin.py:188} INFO - [2026-01-01T03:00:42.788+0000] {dagbag.py:545} INFO - Filling up the DagBag from /opt/airflow/dags/Copy_smoke_pipeline.py
[2026-01-01T03:00:42.843+0000] {processor.py:840} INFO - DAG(s) 'copy_smoke_test' retrieved from /opt/airflow/dags/Copy_smoke_pipeline.py
[2026-01-01T03:00:42.969+0000] {logging_mixin.py:188} INFO - [2026-01-01T03:00:42.968+0000] {dag.py:3089} INFO - Sync 1 DAGs
[2026-01-01T03:00:42.990+0000] {logging_mixin.py:188} INFO - [2026-01-01T03:00:42.990+0000] {dag.py:3947} INFO - Setting next_dagrun for copy_smoke_test to None, run_after=None
[2026-01-01T03:00:43.022+0000] {processor.py:183} INFO - Processing /opt/airflow/dags/Copy_smoke_pipeline.py took 0.350 seconds
[2026-01-01T03:01:13.321+0000] {processor.py:161} INFO - Started process (PID=5212) to work on /opt/airflow/dags/Copy_smoke_pipeline.py
[2026-01-01T03:01:13.323+0000] {processor.py:830} INFO - Processing file /opt/airflow/dags/Copy_smoke_pipeline.py for tasks to queue
[2026-01-01T03:01:13.325+0000] {logging_mixin.py:188} INFO - [2026-01-01T03:01:13.324+0000] {dagbag.py:545} INFO - Filling up the DagBag from /opt/airflow/dags/Copy_smoke_pipeline.py
[2026-01-01T03:01:13.357+0000] {processor.py:840} INFO - DAG(s) 'copy_smoke_test' retrieved from /opt/airflow/dags/Copy_smoke_pipeline.py
[2026-01-01T03:01:13.423+0000] {logging_mixin.py:188} INFO - [2026-01-01T03:01:13.422+0000] {dag.py:3089} INFO - Sync 1 DAGs
[2026-01-01T03:01:13.446+0000] {logging_mixin.py:188} INFO - [2026-01-01T03:01:13.445+0000] {dag.py:3947} INFO - Setting next_dagrun for copy_smoke_test to None, run_after=None
[2026-01-01T03:01:13.479+0000] {processor.py:183} INFO - Processing /opt/airflow/dags/Copy_smoke_pipeline.py took 0.180 seconds
[2026-01-01T03:01:44.168+0000] {processor.py:161} INFO - Started process (PID=5237) to work on /opt/airflow/dags/Copy_smoke_pipeline.py
[2026-01-01T03:01:44.169+0000] {processor.py:830} INFO - Processing file /opt/airflow/dags/Copy_smoke_pipeline.py for tasks to queue
[2026-01-01T03:01:44.171+0000] {logging_mixin.py:188} INFO - [2026-01-01T03:01:44.171+0000] {dagbag.py:545} INFO - Filling up the DagBag from /opt/airflow/dags/Copy_smoke_pipeline.py
[2026-01-01T03:01:44.204+0000] {processor.py:840} INFO - DAG(s) 'copy_smoke_test' retrieved from /opt/airflow/dags/Copy_smoke_pipeline.py
[2026-01-01T03:01:44.266+0000] {logging_mixin.py:188} INFO - [2026-01-01T03:01:44.266+0000] {dag.py:3089} INFO - Sync 1 DAGs
[2026-01-01T03:01:44.286+0000] {logging_mixin.py:188} INFO - [2026-01-01T03:01:44.285+0000] {dag.py:3947} INFO - Setting next_dagrun for copy_smoke_test to None, run_after=None
[2026-01-01T03:01:44.317+0000] {processor.py:183} INFO - Processing /opt/airflow/dags/Copy_smoke_pipeline.py took 0.160 seconds
[2026-01-01T03:02:14.919+0000] {processor.py:161} INFO - Started process (PID=5262) to work on /opt/airflow/dags/Copy_smoke_pipeline.py
[2026-01-01T03:02:14.921+0000] {processor.py:830} INFO - Processing file /opt/airflow/dags/Copy_smoke_pipeline.py for tasks to queue
[2026-01-01T03:02:14.924+0000] {logging_mixin.py:188} INFO - [2026-01-01T03:02:14.923+0000] {dagbag.py:545} INFO - Filling up the DagBag from /opt/airflow/dags/Copy_smoke_pipeline.py
[2026-01-01T03:02:14.953+0000] {processor.py:840} INFO - DAG(s) 'copy_smoke_test' retrieved from /opt/airflow/dags/Copy_smoke_pipeline.py
[2026-01-01T03:02:15.025+0000] {logging_mixin.py:188} INFO - [2026-01-01T03:02:15.024+0000] {dag.py:3089} INFO - Sync 1 DAGs
[2026-01-01T03:02:15.042+0000] {logging_mixin.py:188} INFO - [2026-01-01T03:02:15.042+0000] {dag.py:3947} INFO - Setting next_dagrun for copy_smoke_test to None, run_after=None
[2026-01-01T03:02:15.077+0000] {processor.py:183} INFO - Processing /opt/airflow/dags/Copy_smoke_pipeline.py took 0.170 seconds
[2026-01-01T03:02:45.758+0000] {processor.py:161} INFO - Started process (PID=5287) to work on /opt/airflow/dags/Copy_smoke_pipeline.py
[2026-01-01T03:02:45.760+0000] {processor.py:830} INFO - Processing file /opt/airflow/dags/Copy_smoke_pipeline.py for tasks to queue
[2026-01-01T03:02:45.762+0000] {logging_mixin.py:188} INFO - [2026-01-01T03:02:45.761+0000] {dagbag.py:545} INFO - Filling up the DagBag from /opt/airflow/dags/Copy_smoke_pipeline.py
[2026-01-01T03:02:45.790+0000] {processor.py:840} INFO - DAG(s) 'copy_smoke_test' retrieved from /opt/airflow/dags/Copy_smoke_pipeline.py
[2026-01-01T03:02:45.843+0000] {logging_mixin.py:188} INFO - [2026-01-01T03:02:45.842+0000] {dag.py:3089} INFO - Sync 1 DAGs
[2026-01-01T03:02:45.858+0000] {logging_mixin.py:188} INFO - [2026-01-01T03:02:45.858+0000] {dag.py:3947} INFO - Setting next_dagrun for copy_smoke_test to None, run_after=None
[2026-01-01T03:02:45.889+0000] {processor.py:183} INFO - Processing /opt/airflow/dags/Copy_smoke_pipeline.py took 0.139 seconds
[2026-01-01T03:03:16.527+0000] {processor.py:161} INFO - Started process (PID=5312) to work on /opt/airflow/dags/Copy_smoke_pipeline.py
[2026-01-01T03:03:16.530+0000] {processor.py:830} INFO - Processing file /opt/airflow/dags/Copy_smoke_pipeline.py for tasks to queue
[2026-01-01T03:03:16.532+0000] {logging_mixin.py:188} INFO - [2026-01-01T03:03:16.532+0000] {dagbag.py:545} INFO - Filling up the DagBag from /opt/airflow/dags/Copy_smoke_pipeline.py
[2026-01-01T03:03:16.577+0000] {processor.py:840} INFO - DAG(s) 'copy_smoke_test' retrieved from /opt/airflow/dags/Copy_smoke_pipeline.py
[2026-01-01T03:03:16.629+0000] {logging_mixin.py:188} INFO - [2026-01-01T03:03:16.629+0000] {dag.py:3089} INFO - Sync 1 DAGs
[2026-01-01T03:03:16.652+0000] {logging_mixin.py:188} INFO - [2026-01-01T03:03:16.652+0000] {dag.py:3947} INFO - Setting next_dagrun for copy_smoke_test to None, run_after=None
[2026-01-01T03:03:16.677+0000] {processor.py:183} INFO - Processing /opt/airflow/dags/Copy_smoke_pipeline.py took 0.161 seconds
[2026-01-01T03:03:47.368+0000] {processor.py:161} INFO - Started process (PID=5337) to work on /opt/airflow/dags/Copy_smoke_pipeline.py
[2026-01-01T03:03:47.369+0000] {processor.py:830} INFO - Processing file /opt/airflow/dags/Copy_smoke_pipeline.py for tasks to queue
[2026-01-01T03:03:47.370+0000] {logging_mixin.py:188} INFO - [2026-01-01T03:03:47.370+0000] {dagbag.py:545} INFO - Filling up the DagBag from /opt/airflow/dags/Copy_smoke_pipeline.py
[2026-01-01T03:03:47.395+0000] {processor.py:840} INFO - DAG(s) 'copy_smoke_test' retrieved from /opt/airflow/dags/Copy_smoke_pipeline.py
[2026-01-01T03:03:47.448+0000] {logging_mixin.py:188} INFO - [2026-01-01T03:03:47.448+0000] {dag.py:3089} INFO - Sync 1 DAGs
[2026-01-01T03:03:47.463+0000] {logging_mixin.py:188} INFO - [2026-01-01T03:03:47.463+0000] {dag.py:3947} INFO - Setting next_dagrun for copy_smoke_test to None, run_after=None
[2026-01-01T03:03:47.493+0000] {processor.py:183} INFO - Processing /opt/airflow/dags/Copy_smoke_pipeline.py took 0.135 seconds
[2026-01-01T03:04:18.224+0000] {processor.py:161} INFO - Started process (PID=5362) to work on /opt/airflow/dags/Copy_smoke_pipeline.py
[2026-01-01T03:04:18.226+0000] {processor.py:830} INFO - Processing file /opt/airflow/dags/Copy_smoke_pipeline.py for tasks to queue
[2026-01-01T03:04:18.228+0000] {logging_mixin.py:188} INFO - [2026-01-01T03:04:18.227+0000] {dagbag.py:545} INFO - Filling up the DagBag from /opt/airflow/dags/Copy_smoke_pipeline.py
[2026-01-01T03:04:18.261+0000] {processor.py:840} INFO - DAG(s) 'copy_smoke_test' retrieved from /opt/airflow/dags/Copy_smoke_pipeline.py
[2026-01-01T03:04:18.318+0000] {logging_mixin.py:188} INFO - [2026-01-01T03:04:18.318+0000] {dag.py:3089} INFO - Sync 1 DAGs
[2026-01-01T03:04:18.334+0000] {logging_mixin.py:188} INFO - [2026-01-01T03:04:18.333+0000] {dag.py:3947} INFO - Setting next_dagrun for copy_smoke_test to None, run_after=None
[2026-01-01T03:04:18.358+0000] {processor.py:183} INFO - Processing /opt/airflow/dags/Copy_smoke_pipeline.py took 0.148 seconds
[2026-01-01T03:04:49.034+0000] {processor.py:161} INFO - Started process (PID=5387) to work on /opt/airflow/dags/Copy_smoke_pipeline.py
[2026-01-01T03:04:49.036+0000] {processor.py:830} INFO - Processing file /opt/airflow/dags/Copy_smoke_pipeline.py for tasks to queue
[2026-01-01T03:04:49.038+0000] {logging_mixin.py:188} INFO - [2026-01-01T03:04:49.038+0000] {dagbag.py:545} INFO - Filling up the DagBag from /opt/airflow/dags/Copy_smoke_pipeline.py
[2026-01-01T03:04:49.073+0000] {processor.py:840} INFO - DAG(s) 'copy_smoke_test' retrieved from /opt/airflow/dags/Copy_smoke_pipeline.py
[2026-01-01T03:04:49.154+0000] {logging_mixin.py:188} INFO - [2026-01-01T03:04:49.154+0000] {dag.py:3089} INFO - Sync 1 DAGs
[2026-01-01T03:04:49.183+0000] {logging_mixin.py:188} INFO - [2026-01-01T03:04:49.182+0000] {dag.py:3947} INFO - Setting next_dagrun for copy_smoke_test to None, run_after=None
[2026-01-01T03:04:49.219+0000] {processor.py:183} INFO - Processing /opt/airflow/dags/Copy_smoke_pipeline.py took 0.201 seconds
[2026-01-01T03:05:19.868+0000] {processor.py:161} INFO - Started process (PID=5412) to work on /opt/airflow/dags/Copy_smoke_pipeline.py
[2026-01-01T03:05:19.870+0000] {processor.py:830} INFO - Processing file /opt/airflow/dags/Copy_smoke_pipeline.py for tasks to queue
[2026-01-01T03:05:19.871+0000] {logging_mixin.py:188} INFO - [2026-01-01T03:05:19.871+0000] {dagbag.py:545} INFO - Filling up the DagBag from /opt/airflow/dags/Copy_smoke_pipeline.py
[2026-01-01T03:05:19.902+0000] {processor.py:840} INFO - DAG(s) 'copy_smoke_test' retrieved from /opt/airflow/dags/Copy_smoke_pipeline.py
[2026-01-01T03:05:19.964+0000] {logging_mixin.py:188} INFO - [2026-01-01T03:05:19.963+0000] {dag.py:3089} INFO - Sync 1 DAGs
[2026-01-01T03:05:19.983+0000] {logging_mixin.py:188} INFO - [2026-01-01T03:05:19.983+0000] {dag.py:3947} INFO - Setting next_dagrun for copy_smoke_test to None, run_after=None
[2026-01-01T03:05:20.015+0000] {processor.py:183} INFO - Processing /opt/airflow/dags/Copy_smoke_pipeline.py took 0.158 seconds
[2026-01-01T03:05:50.660+0000] {processor.py:161} INFO - Started process (PID=5437) to work on /opt/airflow/dags/Copy_smoke_pipeline.py
[2026-01-01T03:05:50.663+0000] {processor.py:830} INFO - Processing file /opt/airflow/dags/Copy_smoke_pipeline.py for tasks to queue
[2026-01-01T03:05:50.666+0000] {logging_mixin.py:188} INFO - [2026-01-01T03:05:50.665+0000] {dagbag.py:545} INFO - Filling up the DagBag from /opt/airflow/dags/Copy_smoke_pipeline.py
[2026-01-01T03:05:50.700+0000] {processor.py:840} INFO - DAG(s) 'copy_smoke_test' retrieved from /opt/airflow/dags/Copy_smoke_pipeline.py
[2026-01-01T03:05:50.790+0000] {logging_mixin.py:188} INFO - [2026-01-01T03:05:50.789+0000] {dag.py:3089} INFO - Sync 1 DAGs
[2026-01-01T03:05:50.841+0000] {logging_mixin.py:188} INFO - [2026-01-01T03:05:50.841+0000] {dag.py:3947} INFO - Setting next_dagrun for copy_smoke_test to None, run_after=None
[2026-01-01T03:05:50.902+0000] {processor.py:183} INFO - Processing /opt/airflow/dags/Copy_smoke_pipeline.py took 0.261 seconds
[2026-01-01T03:06:21.709+0000] {processor.py:161} INFO - Started process (PID=5462) to work on /opt/airflow/dags/Copy_smoke_pipeline.py
[2026-01-01T03:06:21.711+0000] {processor.py:830} INFO - Processing file /opt/airflow/dags/Copy_smoke_pipeline.py for tasks to queue
[2026-01-01T03:06:21.714+0000] {logging_mixin.py:188} INFO - [2026-01-01T03:06:21.713+0000] {dagbag.py:545} INFO - Filling up the DagBag from /opt/airflow/dags/Copy_smoke_pipeline.py
[2026-01-01T03:06:21.748+0000] {processor.py:840} INFO - DAG(s) 'copy_smoke_test' retrieved from /opt/airflow/dags/Copy_smoke_pipeline.py
[2026-01-01T03:06:21.817+0000] {logging_mixin.py:188} INFO - [2026-01-01T03:06:21.817+0000] {dag.py:3089} INFO - Sync 1 DAGs
[2026-01-01T03:06:21.841+0000] {logging_mixin.py:188} INFO - [2026-01-01T03:06:21.841+0000] {dag.py:3947} INFO - Setting next_dagrun for copy_smoke_test to None, run_after=None
[2026-01-01T03:06:21.873+0000] {processor.py:183} INFO - Processing /opt/airflow/dags/Copy_smoke_pipeline.py took 0.178 seconds
[2026-01-01T03:06:52.522+0000] {processor.py:161} INFO - Started process (PID=5487) to work on /opt/airflow/dags/Copy_smoke_pipeline.py
[2026-01-01T03:06:52.523+0000] {processor.py:830} INFO - Processing file /opt/airflow/dags/Copy_smoke_pipeline.py for tasks to queue
[2026-01-01T03:06:52.525+0000] {logging_mixin.py:188} INFO - [2026-01-01T03:06:52.524+0000] {dagbag.py:545} INFO - Filling up the DagBag from /opt/airflow/dags/Copy_smoke_pipeline.py
[2026-01-01T03:06:52.551+0000] {processor.py:840} INFO - DAG(s) 'copy_smoke_test' retrieved from /opt/airflow/dags/Copy_smoke_pipeline.py
[2026-01-01T03:06:52.601+0000] {logging_mixin.py:188} INFO - [2026-01-01T03:06:52.601+0000] {dag.py:3089} INFO - Sync 1 DAGs
[2026-01-01T03:06:52.617+0000] {logging_mixin.py:188} INFO - [2026-01-01T03:06:52.616+0000] {dag.py:3947} INFO - Setting next_dagrun for copy_smoke_test to None, run_after=None
[2026-01-01T03:06:52.646+0000] {processor.py:183} INFO - Processing /opt/airflow/dags/Copy_smoke_pipeline.py took 0.135 seconds
[2026-01-01T03:07:23.407+0000] {processor.py:161} INFO - Started process (PID=5512) to work on /opt/airflow/dags/Copy_smoke_pipeline.py
[2026-01-01T03:07:23.409+0000] {processor.py:830} INFO - Processing file /opt/airflow/dags/Copy_smoke_pipeline.py for tasks to queue
[2026-01-01T03:07:23.411+0000] {logging_mixin.py:188} INFO - [2026-01-01T03:07:23.410+0000] {dagbag.py:545} INFO - Filling up the DagBag from /opt/airflow/dags/Copy_smoke_pipeline.py
[2026-01-01T03:07:23.445+0000] {processor.py:840} INFO - DAG(s) 'copy_smoke_test' retrieved from /opt/airflow/dags/Copy_smoke_pipeline.py
[2026-01-01T03:07:23.490+0000] {logging_mixin.py:188} INFO - [2026-01-01T03:07:23.489+0000] {dag.py:3089} INFO - Sync 1 DAGs
[2026-01-01T03:07:23.513+0000] {logging_mixin.py:188} INFO - [2026-01-01T03:07:23.512+0000] {dag.py:3947} INFO - Setting next_dagrun for copy_smoke_test to None, run_after=None
[2026-01-01T03:07:23.545+0000] {processor.py:183} INFO - Processing /opt/airflow/dags/Copy_smoke_pipeline.py took 0.147 seconds
[2026-01-01T03:07:54.255+0000] {processor.py:161} INFO - Started process (PID=5537) to work on /opt/airflow/dags/Copy_smoke_pipeline.py
[2026-01-01T03:07:54.256+0000] {processor.py:830} INFO - Processing file /opt/airflow/dags/Copy_smoke_pipeline.py for tasks to queue
[2026-01-01T03:07:54.258+0000] {logging_mixin.py:188} INFO - [2026-01-01T03:07:54.257+0000] {dagbag.py:545} INFO - Filling up the DagBag from /opt/airflow/dags/Copy_smoke_pipeline.py
[2026-01-01T03:07:54.284+0000] {processor.py:840} INFO - DAG(s) 'copy_smoke_test' retrieved from /opt/airflow/dags/Copy_smoke_pipeline.py
[2026-01-01T03:07:54.332+0000] {logging_mixin.py:188} INFO - [2026-01-01T03:07:54.331+0000] {dag.py:3089} INFO - Sync 1 DAGs
[2026-01-01T03:07:54.348+0000] {logging_mixin.py:188} INFO - [2026-01-01T03:07:54.347+0000] {dag.py:3947} INFO - Setting next_dagrun for copy_smoke_test to None, run_after=None
[2026-01-01T03:07:54.386+0000] {processor.py:183} INFO - Processing /opt/airflow/dags/Copy_smoke_pipeline.py took 0.139 seconds
[2026-01-01T03:08:25.091+0000] {processor.py:161} INFO - Started process (PID=5562) to work on /opt/airflow/dags/Copy_smoke_pipeline.py
[2026-01-01T03:08:25.093+0000] {processor.py:830} INFO - Processing file /opt/airflow/dags/Copy_smoke_pipeline.py for tasks to queue
[2026-01-01T03:08:25.097+0000] {logging_mixin.py:188} INFO - [2026-01-01T03:08:25.095+0000] {dagbag.py:545} INFO - Filling up the DagBag from /opt/airflow/dags/Copy_smoke_pipeline.py
[2026-01-01T03:08:25.129+0000] {processor.py:840} INFO - DAG(s) 'copy_smoke_test' retrieved from /opt/airflow/dags/Copy_smoke_pipeline.py
[2026-01-01T03:08:25.177+0000] {logging_mixin.py:188} INFO - [2026-01-01T03:08:25.176+0000] {dag.py:3089} INFO - Sync 1 DAGs
[2026-01-01T03:08:25.193+0000] {logging_mixin.py:188} INFO - [2026-01-01T03:08:25.193+0000] {dag.py:3947} INFO - Setting next_dagrun for copy_smoke_test to None, run_after=None
[2026-01-01T03:08:25.219+0000] {processor.py:183} INFO - Processing /opt/airflow/dags/Copy_smoke_pipeline.py took 0.139 seconds
[2026-01-01T03:08:55.754+0000] {processor.py:161} INFO - Started process (PID=5587) to work on /opt/airflow/dags/Copy_smoke_pipeline.py
[2026-01-01T03:08:55.756+0000] {processor.py:830} INFO - Processing file /opt/airflow/dags/Copy_smoke_pipeline.py for tasks to queue
[2026-01-01T03:08:55.758+0000] {logging_mixin.py:188} INFO - [2026-01-01T03:08:55.758+0000] {dagbag.py:545} INFO - Filling up the DagBag from /opt/airflow/dags/Copy_smoke_pipeline.py
[2026-01-01T03:08:55.799+0000] {processor.py:840} INFO - DAG(s) 'copy_smoke_test' retrieved from /opt/airflow/dags/Copy_smoke_pipeline.py
[2026-01-01T03:08:55.894+0000] {logging_mixin.py:188} INFO - [2026-01-01T03:08:55.894+0000] {dag.py:3089} INFO - Sync 1 DAGs
[2026-01-01T03:08:55.918+0000] {logging_mixin.py:188} INFO - [2026-01-01T03:08:55.918+0000] {dag.py:3947} INFO - Setting next_dagrun for copy_smoke_test to None, run_after=None
[2026-01-01T03:08:55.986+0000] {processor.py:183} INFO - Processing /opt/airflow/dags/Copy_smoke_pipeline.py took 0.245 seconds
[2026-01-01T03:09:26.646+0000] {processor.py:161} INFO - Started process (PID=5612) to work on /opt/airflow/dags/Copy_smoke_pipeline.py
[2026-01-01T03:09:26.649+0000] {processor.py:830} INFO - Processing file /opt/airflow/dags/Copy_smoke_pipeline.py for tasks to queue
[2026-01-01T03:09:26.657+0000] {logging_mixin.py:188} INFO - [2026-01-01T03:09:26.653+0000] {dagbag.py:545} INFO - Filling up the DagBag from /opt/airflow/dags/Copy_smoke_pipeline.py
[2026-01-01T03:09:26.717+0000] {processor.py:840} INFO - DAG(s) 'copy_smoke_test' retrieved from /opt/airflow/dags/Copy_smoke_pipeline.py
[2026-01-01T03:09:26.869+0000] {logging_mixin.py:188} INFO - [2026-01-01T03:09:26.869+0000] {dag.py:3089} INFO - Sync 1 DAGs
[2026-01-01T03:09:26.923+0000] {logging_mixin.py:188} INFO - [2026-01-01T03:09:26.923+0000] {dag.py:3947} INFO - Setting next_dagrun for copy_smoke_test to None, run_after=None
[2026-01-01T03:09:27.006+0000] {processor.py:183} INFO - Processing /opt/airflow/dags/Copy_smoke_pipeline.py took 0.384 seconds
[2026-01-01T03:09:57.714+0000] {processor.py:161} INFO - Started process (PID=5637) to work on /opt/airflow/dags/Copy_smoke_pipeline.py
[2026-01-01T03:09:57.716+0000] {processor.py:830} INFO - Processing file /opt/airflow/dags/Copy_smoke_pipeline.py for tasks to queue
[2026-01-01T03:09:57.718+0000] {logging_mixin.py:188} INFO - [2026-01-01T03:09:57.717+0000] {dagbag.py:545} INFO - Filling up the DagBag from /opt/airflow/dags/Copy_smoke_pipeline.py
[2026-01-01T03:09:57.744+0000] {processor.py:840} INFO - DAG(s) 'copy_smoke_test' retrieved from /opt/airflow/dags/Copy_smoke_pipeline.py
[2026-01-01T03:09:57.792+0000] {logging_mixin.py:188} INFO - [2026-01-01T03:09:57.792+0000] {dag.py:3089} INFO - Sync 1 DAGs
[2026-01-01T03:09:57.809+0000] {logging_mixin.py:188} INFO - [2026-01-01T03:09:57.809+0000] {dag.py:3947} INFO - Setting next_dagrun for copy_smoke_test to None, run_after=None
[2026-01-01T03:09:57.836+0000] {processor.py:183} INFO - Processing /opt/airflow/dags/Copy_smoke_pipeline.py took 0.131 seconds
[2026-01-01T03:10:28.462+0000] {processor.py:161} INFO - Started process (PID=5662) to work on /opt/airflow/dags/Copy_smoke_pipeline.py
[2026-01-01T03:10:28.465+0000] {processor.py:830} INFO - Processing file /opt/airflow/dags/Copy_smoke_pipeline.py for tasks to queue
[2026-01-01T03:10:28.467+0000] {logging_mixin.py:188} INFO - [2026-01-01T03:10:28.466+0000] {dagbag.py:545} INFO - Filling up the DagBag from /opt/airflow/dags/Copy_smoke_pipeline.py
[2026-01-01T03:10:28.500+0000] {processor.py:840} INFO - DAG(s) 'copy_smoke_test' retrieved from /opt/airflow/dags/Copy_smoke_pipeline.py
[2026-01-01T03:10:28.563+0000] {logging_mixin.py:188} INFO - [2026-01-01T03:10:28.562+0000] {dag.py:3089} INFO - Sync 1 DAGs
[2026-01-01T03:10:28.581+0000] {logging_mixin.py:188} INFO - [2026-01-01T03:10:28.580+0000] {dag.py:3947} INFO - Setting next_dagrun for copy_smoke_test to None, run_after=None
[2026-01-01T03:10:28.607+0000] {processor.py:183} INFO - Processing /opt/airflow/dags/Copy_smoke_pipeline.py took 0.161 seconds
[2026-01-01T03:10:59.355+0000] {processor.py:161} INFO - Started process (PID=5687) to work on /opt/airflow/dags/Copy_smoke_pipeline.py
[2026-01-01T03:10:59.357+0000] {processor.py:830} INFO - Processing file /opt/airflow/dags/Copy_smoke_pipeline.py for tasks to queue
[2026-01-01T03:10:59.358+0000] {logging_mixin.py:188} INFO - [2026-01-01T03:10:59.358+0000] {dagbag.py:545} INFO - Filling up the DagBag from /opt/airflow/dags/Copy_smoke_pipeline.py
[2026-01-01T03:10:59.385+0000] {processor.py:840} INFO - DAG(s) 'copy_smoke_test' retrieved from /opt/airflow/dags/Copy_smoke_pipeline.py
[2026-01-01T03:10:59.462+0000] {logging_mixin.py:188} INFO - [2026-01-01T03:10:59.462+0000] {dag.py:3089} INFO - Sync 1 DAGs
[2026-01-01T03:10:59.491+0000] {logging_mixin.py:188} INFO - [2026-01-01T03:10:59.490+0000] {dag.py:3947} INFO - Setting next_dagrun for copy_smoke_test to None, run_after=None
[2026-01-01T03:10:59.528+0000] {processor.py:183} INFO - Processing /opt/airflow/dags/Copy_smoke_pipeline.py took 0.187 seconds
[2026-01-01T03:11:29.997+0000] {processor.py:161} INFO - Started process (PID=5712) to work on /opt/airflow/dags/Copy_smoke_pipeline.py
[2026-01-01T03:11:30.002+0000] {processor.py:830} INFO - Processing file /opt/airflow/dags/Copy_smoke_pipeline.py for tasks to queue
[2026-01-01T03:11:30.003+0000] {logging_mixin.py:188} INFO - [2026-01-01T03:11:30.003+0000] {dagbag.py:545} INFO - Filling up the DagBag from /opt/airflow/dags/Copy_smoke_pipeline.py
[2026-01-01T03:11:30.033+0000] {processor.py:840} INFO - DAG(s) 'copy_smoke_test' retrieved from /opt/airflow/dags/Copy_smoke_pipeline.py
[2026-01-01T03:11:30.077+0000] {logging_mixin.py:188} INFO - [2026-01-01T03:11:30.077+0000] {dag.py:3089} INFO - Sync 1 DAGs
[2026-01-01T03:11:30.095+0000] {logging_mixin.py:188} INFO - [2026-01-01T03:11:30.095+0000] {dag.py:3947} INFO - Setting next_dagrun for copy_smoke_test to None, run_after=None
[2026-01-01T03:11:30.122+0000] {processor.py:183} INFO - Processing /opt/airflow/dags/Copy_smoke_pipeline.py took 0.139 seconds
[2026-01-01T03:12:00.806+0000] {processor.py:161} INFO - Started process (PID=5737) to work on /opt/airflow/dags/Copy_smoke_pipeline.py
[2026-01-01T03:12:00.807+0000] {processor.py:830} INFO - Processing file /opt/airflow/dags/Copy_smoke_pipeline.py for tasks to queue
[2026-01-01T03:12:00.808+0000] {logging_mixin.py:188} INFO - [2026-01-01T03:12:00.808+0000] {dagbag.py:545} INFO - Filling up the DagBag from /opt/airflow/dags/Copy_smoke_pipeline.py
[2026-01-01T03:12:00.831+0000] {processor.py:840} INFO - DAG(s) 'copy_smoke_test' retrieved from /opt/airflow/dags/Copy_smoke_pipeline.py
[2026-01-01T03:12:00.883+0000] {logging_mixin.py:188} INFO - [2026-01-01T03:12:00.882+0000] {dag.py:3089} INFO - Sync 1 DAGs
[2026-01-01T03:12:00.900+0000] {logging_mixin.py:188} INFO - [2026-01-01T03:12:00.900+0000] {dag.py:3947} INFO - Setting next_dagrun for copy_smoke_test to None, run_after=None
[2026-01-01T03:12:00.929+0000] {processor.py:183} INFO - Processing /opt/airflow/dags/Copy_smoke_pipeline.py took 0.133 seconds
[2026-01-01T03:12:31.638+0000] {processor.py:161} INFO - Started process (PID=5762) to work on /opt/airflow/dags/Copy_smoke_pipeline.py
[2026-01-01T03:12:31.639+0000] {processor.py:830} INFO - Processing file /opt/airflow/dags/Copy_smoke_pipeline.py for tasks to queue
[2026-01-01T03:12:31.641+0000] {logging_mixin.py:188} INFO - [2026-01-01T03:12:31.640+0000] {dagbag.py:545} INFO - Filling up the DagBag from /opt/airflow/dags/Copy_smoke_pipeline.py
[2026-01-01T03:12:31.674+0000] {processor.py:840} INFO - DAG(s) 'copy_smoke_test' retrieved from /opt/airflow/dags/Copy_smoke_pipeline.py
[2026-01-01T03:12:31.730+0000] {logging_mixin.py:188} INFO - [2026-01-01T03:12:31.730+0000] {dag.py:3089} INFO - Sync 1 DAGs
[2026-01-01T03:12:31.751+0000] {logging_mixin.py:188} INFO - [2026-01-01T03:12:31.750+0000] {dag.py:3947} INFO - Setting next_dagrun for copy_smoke_test to None, run_after=None
[2026-01-01T03:12:31.784+0000] {processor.py:183} INFO - Processing /opt/airflow/dags/Copy_smoke_pipeline.py took 0.156 seconds
[2026-01-01T03:13:02.409+0000] {processor.py:161} INFO - Started process (PID=5787) to work on /opt/airflow/dags/Copy_smoke_pipeline.py
[2026-01-01T03:13:02.412+0000] {processor.py:830} INFO - Processing file /opt/airflow/dags/Copy_smoke_pipeline.py for tasks to queue
[2026-01-01T03:13:02.414+0000] {logging_mixin.py:188} INFO - [2026-01-01T03:13:02.413+0000] {dagbag.py:545} INFO - Filling up the DagBag from /opt/airflow/dags/Copy_smoke_pipeline.py
[2026-01-01T03:13:02.485+0000] {processor.py:840} INFO - DAG(s) 'copy_smoke_test' retrieved from /opt/airflow/dags/Copy_smoke_pipeline.py
[2026-01-01T03:13:02.640+0000] {logging_mixin.py:188} INFO - [2026-01-01T03:13:02.640+0000] {dag.py:3089} INFO - Sync 1 DAGs
[2026-01-01T03:13:02.678+0000] {logging_mixin.py:188} INFO - [2026-01-01T03:13:02.678+0000] {dag.py:3947} INFO - Setting next_dagrun for copy_smoke_test to None, run_after=None
[2026-01-01T03:13:02.731+0000] {processor.py:183} INFO - Processing /opt/airflow/dags/Copy_smoke_pipeline.py took 0.356 seconds
[2026-01-01T03:13:32.935+0000] {processor.py:161} INFO - Started process (PID=5812) to work on /opt/airflow/dags/Copy_smoke_pipeline.py
[2026-01-01T03:13:32.937+0000] {processor.py:830} INFO - Processing file /opt/airflow/dags/Copy_smoke_pipeline.py for tasks to queue
[2026-01-01T03:13:32.940+0000] {logging_mixin.py:188} INFO - [2026-01-01T03:13:32.939+0000] {dagbag.py:545} INFO - Filling up the DagBag from /opt/airflow/dags/Copy_smoke_pipeline.py
[2026-01-01T03:13:32.981+0000] {processor.py:840} INFO - DAG(s) 'copy_smoke_test' retrieved from /opt/airflow/dags/Copy_smoke_pipeline.py
[2026-01-01T03:13:33.062+0000] {logging_mixin.py:188} INFO - [2026-01-01T03:13:33.062+0000] {dag.py:3089} INFO - Sync 1 DAGs
[2026-01-01T03:13:33.084+0000] {logging_mixin.py:188} INFO - [2026-01-01T03:13:33.084+0000] {dag.py:3947} INFO - Setting next_dagrun for copy_smoke_test to None, run_after=None
[2026-01-01T03:13:33.122+0000] {processor.py:183} INFO - Processing /opt/airflow/dags/Copy_smoke_pipeline.py took 0.206 seconds
[2026-01-01T03:14:03.563+0000] {processor.py:161} INFO - Started process (PID=5837) to work on /opt/airflow/dags/Copy_smoke_pipeline.py
[2026-01-01T03:14:03.565+0000] {processor.py:830} INFO - Processing file /opt/airflow/dags/Copy_smoke_pipeline.py for tasks to queue
[2026-01-01T03:14:03.567+0000] {logging_mixin.py:188} INFO - [2026-01-01T03:14:03.566+0000] {dagbag.py:545} INFO - Filling up the DagBag from /opt/airflow/dags/Copy_smoke_pipeline.py
[2026-01-01T03:14:03.594+0000] {processor.py:840} INFO - DAG(s) 'copy_smoke_test' retrieved from /opt/airflow/dags/Copy_smoke_pipeline.py
[2026-01-01T03:14:03.744+0000] {logging_mixin.py:188} INFO - [2026-01-01T03:14:03.744+0000] {dag.py:3089} INFO - Sync 1 DAGs
[2026-01-01T03:14:03.760+0000] {logging_mixin.py:188} INFO - [2026-01-01T03:14:03.759+0000] {dag.py:3947} INFO - Setting next_dagrun for copy_smoke_test to None, run_after=None
[2026-01-01T03:14:03.784+0000] {processor.py:183} INFO - Processing /opt/airflow/dags/Copy_smoke_pipeline.py took 0.231 seconds
[2026-01-01T03:14:34.456+0000] {processor.py:161} INFO - Started process (PID=5862) to work on /opt/airflow/dags/Copy_smoke_pipeline.py
[2026-01-01T03:14:34.459+0000] {processor.py:830} INFO - Processing file /opt/airflow/dags/Copy_smoke_pipeline.py for tasks to queue
[2026-01-01T03:14:34.461+0000] {logging_mixin.py:188} INFO - [2026-01-01T03:14:34.460+0000] {dagbag.py:545} INFO - Filling up the DagBag from /opt/airflow/dags/Copy_smoke_pipeline.py
[2026-01-01T03:14:34.496+0000] {processor.py:840} INFO - DAG(s) 'copy_smoke_test' retrieved from /opt/airflow/dags/Copy_smoke_pipeline.py
[2026-01-01T03:14:34.557+0000] {logging_mixin.py:188} INFO - [2026-01-01T03:14:34.556+0000] {dag.py:3089} INFO - Sync 1 DAGs
[2026-01-01T03:14:34.573+0000] {logging_mixin.py:188} INFO - [2026-01-01T03:14:34.573+0000] {dag.py:3947} INFO - Setting next_dagrun for copy_smoke_test to None, run_after=None
[2026-01-01T03:14:34.599+0000] {processor.py:183} INFO - Processing /opt/airflow/dags/Copy_smoke_pipeline.py took 0.158 seconds
[2026-01-01T03:15:05.066+0000] {processor.py:161} INFO - Started process (PID=5887) to work on /opt/airflow/dags/Copy_smoke_pipeline.py
[2026-01-01T03:15:05.068+0000] {processor.py:830} INFO - Processing file /opt/airflow/dags/Copy_smoke_pipeline.py for tasks to queue
[2026-01-01T03:15:05.070+0000] {logging_mixin.py:188} INFO - [2026-01-01T03:15:05.069+0000] {dagbag.py:545} INFO - Filling up the DagBag from /opt/airflow/dags/Copy_smoke_pipeline.py
[2026-01-01T03:15:05.094+0000] {processor.py:840} INFO - DAG(s) 'copy_smoke_test' retrieved from /opt/airflow/dags/Copy_smoke_pipeline.py
[2026-01-01T03:15:05.145+0000] {logging_mixin.py:188} INFO - [2026-01-01T03:15:05.145+0000] {dag.py:3089} INFO - Sync 1 DAGs
[2026-01-01T03:15:05.159+0000] {logging_mixin.py:188} INFO - [2026-01-01T03:15:05.159+0000] {dag.py:3947} INFO - Setting next_dagrun for copy_smoke_test to None, run_after=None
[2026-01-01T03:15:05.183+0000] {processor.py:183} INFO - Processing /opt/airflow/dags/Copy_smoke_pipeline.py took 0.125 seconds
[2026-01-01T03:15:35.639+0000] {processor.py:161} INFO - Started process (PID=5912) to work on /opt/airflow/dags/Copy_smoke_pipeline.py
[2026-01-01T03:15:35.640+0000] {processor.py:830} INFO - Processing file /opt/airflow/dags/Copy_smoke_pipeline.py for tasks to queue
[2026-01-01T03:15:35.642+0000] {logging_mixin.py:188} INFO - [2026-01-01T03:15:35.641+0000] {dagbag.py:545} INFO - Filling up the DagBag from /opt/airflow/dags/Copy_smoke_pipeline.py
[2026-01-01T03:15:35.669+0000] {processor.py:840} INFO - DAG(s) 'copy_smoke_test' retrieved from /opt/airflow/dags/Copy_smoke_pipeline.py
[2026-01-01T03:15:35.729+0000] {logging_mixin.py:188} INFO - [2026-01-01T03:15:35.729+0000] {dag.py:3089} INFO - Sync 1 DAGs
[2026-01-01T03:15:35.752+0000] {logging_mixin.py:188} INFO - [2026-01-01T03:15:35.751+0000] {dag.py:3947} INFO - Setting next_dagrun for copy_smoke_test to None, run_after=None
[2026-01-01T03:15:35.783+0000] {processor.py:183} INFO - Processing /opt/airflow/dags/Copy_smoke_pipeline.py took 0.154 seconds
[2026-01-01T03:16:06.555+0000] {processor.py:161} INFO - Started process (PID=5937) to work on /opt/airflow/dags/Copy_smoke_pipeline.py
[2026-01-01T03:16:06.557+0000] {processor.py:830} INFO - Processing file /opt/airflow/dags/Copy_smoke_pipeline.py for tasks to queue
[2026-01-01T03:16:06.558+0000] {logging_mixin.py:188} INFO - [2026-01-01T03:16:06.558+0000] {dagbag.py:545} INFO - Filling up the DagBag from /opt/airflow/dags/Copy_smoke_pipeline.py
[2026-01-01T03:16:06.587+0000] {processor.py:840} INFO - DAG(s) 'copy_smoke_test' retrieved from /opt/airflow/dags/Copy_smoke_pipeline.py
[2026-01-01T03:16:06.641+0000] {logging_mixin.py:188} INFO - [2026-01-01T03:16:06.641+0000] {dag.py:3089} INFO - Sync 1 DAGs
[2026-01-01T03:16:06.662+0000] {logging_mixin.py:188} INFO - [2026-01-01T03:16:06.662+0000] {dag.py:3947} INFO - Setting next_dagrun for copy_smoke_test to None, run_after=None
[2026-01-01T03:16:06.694+0000] {processor.py:183} INFO - Processing /opt/airflow/dags/Copy_smoke_pipeline.py took 0.149 seconds
[2026-01-01T03:16:37.329+0000] {processor.py:161} INFO - Started process (PID=5962) to work on /opt/airflow/dags/Copy_smoke_pipeline.py
[2026-01-01T03:16:37.331+0000] {processor.py:830} INFO - Processing file /opt/airflow/dags/Copy_smoke_pipeline.py for tasks to queue
[2026-01-01T03:16:37.333+0000] {logging_mixin.py:188} INFO - [2026-01-01T03:16:37.332+0000] {dagbag.py:545} INFO - Filling up the DagBag from /opt/airflow/dags/Copy_smoke_pipeline.py
[2026-01-01T03:16:37.363+0000] {processor.py:840} INFO - DAG(s) 'copy_smoke_test' retrieved from /opt/airflow/dags/Copy_smoke_pipeline.py
[2026-01-01T03:16:37.420+0000] {logging_mixin.py:188} INFO - [2026-01-01T03:16:37.420+0000] {dag.py:3089} INFO - Sync 1 DAGs
[2026-01-01T03:16:37.438+0000] {logging_mixin.py:188} INFO - [2026-01-01T03:16:37.438+0000] {dag.py:3947} INFO - Setting next_dagrun for copy_smoke_test to None, run_after=None
[2026-01-01T03:16:37.467+0000] {processor.py:183} INFO - Processing /opt/airflow/dags/Copy_smoke_pipeline.py took 0.156 seconds
[2026-01-01T03:17:08.148+0000] {processor.py:161} INFO - Started process (PID=5987) to work on /opt/airflow/dags/Copy_smoke_pipeline.py
[2026-01-01T03:17:08.150+0000] {processor.py:830} INFO - Processing file /opt/airflow/dags/Copy_smoke_pipeline.py for tasks to queue
[2026-01-01T03:17:08.153+0000] {logging_mixin.py:188} INFO - [2026-01-01T03:17:08.152+0000] {dagbag.py:545} INFO - Filling up the DagBag from /opt/airflow/dags/Copy_smoke_pipeline.py
[2026-01-01T03:17:08.194+0000] {processor.py:840} INFO - DAG(s) 'copy_smoke_test' retrieved from /opt/airflow/dags/Copy_smoke_pipeline.py
[2026-01-01T03:17:08.248+0000] {logging_mixin.py:188} INFO - [2026-01-01T03:17:08.248+0000] {dag.py:3089} INFO - Sync 1 DAGs
[2026-01-01T03:17:08.267+0000] {logging_mixin.py:188} INFO - [2026-01-01T03:17:08.267+0000] {dag.py:3947} INFO - Setting next_dagrun for copy_smoke_test to None, run_after=None
[2026-01-01T03:17:08.295+0000] {processor.py:183} INFO - Processing /opt/airflow/dags/Copy_smoke_pipeline.py took 0.165 seconds
[2026-01-01T03:17:38.942+0000] {processor.py:161} INFO - Started process (PID=6012) to work on /opt/airflow/dags/Copy_smoke_pipeline.py
[2026-01-01T03:17:38.944+0000] {processor.py:830} INFO - Processing file /opt/airflow/dags/Copy_smoke_pipeline.py for tasks to queue
[2026-01-01T03:17:38.946+0000] {logging_mixin.py:188} INFO - [2026-01-01T03:17:38.945+0000] {dagbag.py:545} INFO - Filling up the DagBag from /opt/airflow/dags/Copy_smoke_pipeline.py
[2026-01-01T03:17:38.978+0000] {processor.py:840} INFO - DAG(s) 'copy_smoke_test' retrieved from /opt/airflow/dags/Copy_smoke_pipeline.py
[2026-01-01T03:17:39.040+0000] {logging_mixin.py:188} INFO - [2026-01-01T03:17:39.040+0000] {dag.py:3089} INFO - Sync 1 DAGs
[2026-01-01T03:17:39.064+0000] {logging_mixin.py:188} INFO - [2026-01-01T03:17:39.064+0000] {dag.py:3947} INFO - Setting next_dagrun for copy_smoke_test to None, run_after=None
[2026-01-01T03:17:39.097+0000] {processor.py:183} INFO - Processing /opt/airflow/dags/Copy_smoke_pipeline.py took 0.166 seconds
[2026-01-01T03:18:09.725+0000] {processor.py:161} INFO - Started process (PID=6037) to work on /opt/airflow/dags/Copy_smoke_pipeline.py
[2026-01-01T03:18:09.727+0000] {processor.py:830} INFO - Processing file /opt/airflow/dags/Copy_smoke_pipeline.py for tasks to queue
[2026-01-01T03:18:09.729+0000] {logging_mixin.py:188} INFO - [2026-01-01T03:18:09.728+0000] {dagbag.py:545} INFO - Filling up the DagBag from /opt/airflow/dags/Copy_smoke_pipeline.py
[2026-01-01T03:18:09.764+0000] {processor.py:840} INFO - DAG(s) 'copy_smoke_test' retrieved from /opt/airflow/dags/Copy_smoke_pipeline.py
[2026-01-01T03:18:09.830+0000] {logging_mixin.py:188} INFO - [2026-01-01T03:18:09.829+0000] {dag.py:3089} INFO - Sync 1 DAGs
[2026-01-01T03:18:09.848+0000] {logging_mixin.py:188} INFO - [2026-01-01T03:18:09.848+0000] {dag.py:3947} INFO - Setting next_dagrun for copy_smoke_test to None, run_after=None
[2026-01-01T03:18:09.876+0000] {processor.py:183} INFO - Processing /opt/airflow/dags/Copy_smoke_pipeline.py took 0.164 seconds
[2026-01-01T03:18:40.551+0000] {processor.py:161} INFO - Started process (PID=6062) to work on /opt/airflow/dags/Copy_smoke_pipeline.py
[2026-01-01T03:18:40.553+0000] {processor.py:830} INFO - Processing file /opt/airflow/dags/Copy_smoke_pipeline.py for tasks to queue
[2026-01-01T03:18:40.555+0000] {logging_mixin.py:188} INFO - [2026-01-01T03:18:40.554+0000] {dagbag.py:545} INFO - Filling up the DagBag from /opt/airflow/dags/Copy_smoke_pipeline.py
[2026-01-01T03:18:40.589+0000] {processor.py:840} INFO - DAG(s) 'copy_smoke_test' retrieved from /opt/airflow/dags/Copy_smoke_pipeline.py
[2026-01-01T03:18:40.664+0000] {logging_mixin.py:188} INFO - [2026-01-01T03:18:40.664+0000] {dag.py:3089} INFO - Sync 1 DAGs
[2026-01-01T03:18:40.694+0000] {logging_mixin.py:188} INFO - [2026-01-01T03:18:40.694+0000] {dag.py:3947} INFO - Setting next_dagrun for copy_smoke_test to None, run_after=None
[2026-01-01T03:18:40.729+0000] {processor.py:183} INFO - Processing /opt/airflow/dags/Copy_smoke_pipeline.py took 0.200 seconds
[2026-01-01T03:19:11.387+0000] {processor.py:161} INFO - Started process (PID=6087) to work on /opt/airflow/dags/Copy_smoke_pipeline.py
[2026-01-01T03:19:11.389+0000] {processor.py:830} INFO - Processing file /opt/airflow/dags/Copy_smoke_pipeline.py for tasks to queue
[2026-01-01T03:19:11.391+0000] {logging_mixin.py:188} INFO - [2026-01-01T03:19:11.390+0000] {dagbag.py:545} INFO - Filling up the DagBag from /opt/airflow/dags/Copy_smoke_pipeline.py
[2026-01-01T03:19:11.434+0000] {processor.py:840} INFO - DAG(s) 'copy_smoke_test' retrieved from /opt/airflow/dags/Copy_smoke_pipeline.py
[2026-01-01T03:19:11.542+0000] {logging_mixin.py:188} INFO - [2026-01-01T03:19:11.541+0000] {dag.py:3089} INFO - Sync 1 DAGs
[2026-01-01T03:19:11.578+0000] {logging_mixin.py:188} INFO - [2026-01-01T03:19:11.577+0000] {dag.py:3947} INFO - Setting next_dagrun for copy_smoke_test to None, run_after=None
[2026-01-01T03:19:11.623+0000] {processor.py:183} INFO - Processing /opt/airflow/dags/Copy_smoke_pipeline.py took 0.253 seconds
[2026-01-01T03:19:42.300+0000] {processor.py:161} INFO - Started process (PID=6112) to work on /opt/airflow/dags/Copy_smoke_pipeline.py
[2026-01-01T03:19:42.302+0000] {processor.py:830} INFO - Processing file /opt/airflow/dags/Copy_smoke_pipeline.py for tasks to queue
[2026-01-01T03:19:42.304+0000] {logging_mixin.py:188} INFO - [2026-01-01T03:19:42.303+0000] {dagbag.py:545} INFO - Filling up the DagBag from /opt/airflow/dags/Copy_smoke_pipeline.py
[2026-01-01T03:19:42.329+0000] {processor.py:840} INFO - DAG(s) 'copy_smoke_test' retrieved from /opt/airflow/dags/Copy_smoke_pipeline.py
[2026-01-01T03:19:42.373+0000] {logging_mixin.py:188} INFO - [2026-01-01T03:19:42.373+0000] {dag.py:3089} INFO - Sync 1 DAGs
[2026-01-01T03:19:42.388+0000] {logging_mixin.py:188} INFO - [2026-01-01T03:19:42.388+0000] {dag.py:3947} INFO - Setting next_dagrun for copy_smoke_test to None, run_after=None
[2026-01-01T03:19:42.413+0000] {processor.py:183} INFO - Processing /opt/airflow/dags/Copy_smoke_pipeline.py took 0.121 seconds
[2026-01-01T03:20:13.001+0000] {processor.py:161} INFO - Started process (PID=6137) to work on /opt/airflow/dags/Copy_smoke_pipeline.py
[2026-01-01T03:20:13.003+0000] {processor.py:830} INFO - Processing file /opt/airflow/dags/Copy_smoke_pipeline.py for tasks to queue
[2026-01-01T03:20:13.004+0000] {logging_mixin.py:188} INFO - [2026-01-01T03:20:13.004+0000] {dagbag.py:545} INFO - Filling up the DagBag from /opt/airflow/dags/Copy_smoke_pipeline.py
[2026-01-01T03:20:13.031+0000] {processor.py:840} INFO - DAG(s) 'copy_smoke_test' retrieved from /opt/airflow/dags/Copy_smoke_pipeline.py
[2026-01-01T03:20:13.075+0000] {logging_mixin.py:188} INFO - [2026-01-01T03:20:13.075+0000] {dag.py:3089} INFO - Sync 1 DAGs
[2026-01-01T03:20:13.090+0000] {logging_mixin.py:188} INFO - [2026-01-01T03:20:13.089+0000] {dag.py:3947} INFO - Setting next_dagrun for copy_smoke_test to None, run_after=None
[2026-01-01T03:20:13.117+0000] {processor.py:183} INFO - Processing /opt/airflow/dags/Copy_smoke_pipeline.py took 0.124 seconds
[2026-01-01T03:20:44.004+0000] {processor.py:161} INFO - Started process (PID=6162) to work on /opt/airflow/dags/Copy_smoke_pipeline.py
[2026-01-01T03:20:44.012+0000] {processor.py:830} INFO - Processing file /opt/airflow/dags/Copy_smoke_pipeline.py for tasks to queue
[2026-01-01T03:20:44.015+0000] {logging_mixin.py:188} INFO - [2026-01-01T03:20:44.015+0000] {dagbag.py:545} INFO - Filling up the DagBag from /opt/airflow/dags/Copy_smoke_pipeline.py
[2026-01-01T03:20:44.050+0000] {processor.py:840} INFO - DAG(s) 'copy_smoke_test' retrieved from /opt/airflow/dags/Copy_smoke_pipeline.py
[2026-01-01T03:20:44.123+0000] {logging_mixin.py:188} INFO - [2026-01-01T03:20:44.123+0000] {dag.py:3089} INFO - Sync 1 DAGs
[2026-01-01T03:20:44.140+0000] {logging_mixin.py:188} INFO - [2026-01-01T03:20:44.139+0000] {dag.py:3947} INFO - Setting next_dagrun for copy_smoke_test to None, run_after=None
[2026-01-01T03:20:44.169+0000] {processor.py:183} INFO - Processing /opt/airflow/dags/Copy_smoke_pipeline.py took 0.190 seconds
[2026-01-01T03:21:14.316+0000] {processor.py:161} INFO - Started process (PID=6187) to work on /opt/airflow/dags/Copy_smoke_pipeline.py
[2026-01-01T03:21:14.318+0000] {processor.py:830} INFO - Processing file /opt/airflow/dags/Copy_smoke_pipeline.py for tasks to queue
[2026-01-01T03:21:14.321+0000] {logging_mixin.py:188} INFO - [2026-01-01T03:21:14.320+0000] {dagbag.py:545} INFO - Filling up the DagBag from /opt/airflow/dags/Copy_smoke_pipeline.py
[2026-01-01T03:21:14.351+0000] {processor.py:840} INFO - DAG(s) 'copy_smoke_test' retrieved from /opt/airflow/dags/Copy_smoke_pipeline.py
[2026-01-01T03:21:14.415+0000] {logging_mixin.py:188} INFO - [2026-01-01T03:21:14.415+0000] {dag.py:3089} INFO - Sync 1 DAGs
[2026-01-01T03:21:14.449+0000] {logging_mixin.py:188} INFO - [2026-01-01T03:21:14.449+0000] {dag.py:3947} INFO - Setting next_dagrun for copy_smoke_test to None, run_after=None
[2026-01-01T03:21:14.487+0000] {processor.py:183} INFO - Processing /opt/airflow/dags/Copy_smoke_pipeline.py took 0.182 seconds
[2026-01-01T03:21:45.243+0000] {processor.py:161} INFO - Started process (PID=6212) to work on /opt/airflow/dags/Copy_smoke_pipeline.py
[2026-01-01T03:21:45.244+0000] {processor.py:830} INFO - Processing file /opt/airflow/dags/Copy_smoke_pipeline.py for tasks to queue
[2026-01-01T03:21:45.246+0000] {logging_mixin.py:188} INFO - [2026-01-01T03:21:45.245+0000] {dagbag.py:545} INFO - Filling up the DagBag from /opt/airflow/dags/Copy_smoke_pipeline.py
[2026-01-01T03:21:45.277+0000] {processor.py:840} INFO - DAG(s) 'copy_smoke_test' retrieved from /opt/airflow/dags/Copy_smoke_pipeline.py
[2026-01-01T03:21:45.357+0000] {logging_mixin.py:188} INFO - [2026-01-01T03:21:45.357+0000] {dag.py:3089} INFO - Sync 1 DAGs
[2026-01-01T03:21:45.378+0000] {logging_mixin.py:188} INFO - [2026-01-01T03:21:45.377+0000] {dag.py:3947} INFO - Setting next_dagrun for copy_smoke_test to None, run_after=None
[2026-01-01T03:21:45.411+0000] {processor.py:183} INFO - Processing /opt/airflow/dags/Copy_smoke_pipeline.py took 0.179 seconds
[2026-01-01T03:23:16.689+0000] {processor.py:161} INFO - Started process (PID=6235) to work on /opt/airflow/dags/Copy_smoke_pipeline.py
[2026-01-01T03:23:17.059+0000] {processor.py:830} INFO - Processing file /opt/airflow/dags/Copy_smoke_pipeline.py for tasks to queue
[2026-01-01T03:23:17.570+0000] {logging_mixin.py:188} INFO - [2026-01-01T03:23:17.538+0000] {dagbag.py:545} INFO - Filling up the DagBag from /opt/airflow/dags/Copy_smoke_pipeline.py
[2026-01-01T03:23:21.811+0000] {processor.py:840} INFO - DAG(s) 'copy_smoke_test' retrieved from /opt/airflow/dags/Copy_smoke_pipeline.py
[2026-01-01T03:23:29.611+0000] {logging_mixin.py:188} INFO - [2026-01-01T03:23:29.610+0000] {dag.py:3089} INFO - Sync 1 DAGs
[2026-01-01T03:23:29.815+0000] {logging_mixin.py:188} INFO - [2026-01-01T03:23:29.814+0000] {dag.py:3947} INFO - Setting next_dagrun for copy_smoke_test to None, run_after=None
[2026-01-01T03:23:30.182+0000] {processor.py:183} INFO - Processing /opt/airflow/dags/Copy_smoke_pipeline.py took 13.571 seconds
[2026-01-01T03:24:00.439+0000] {processor.py:161} INFO - Started process (PID=6262) to work on /opt/airflow/dags/Copy_smoke_pipeline.py
[2026-01-01T03:24:00.441+0000] {processor.py:830} INFO - Processing file /opt/airflow/dags/Copy_smoke_pipeline.py for tasks to queue
[2026-01-01T03:24:00.444+0000] {logging_mixin.py:188} INFO - [2026-01-01T03:24:00.443+0000] {dagbag.py:545} INFO - Filling up the DagBag from /opt/airflow/dags/Copy_smoke_pipeline.py
[2026-01-01T03:24:00.477+0000] {processor.py:840} INFO - DAG(s) 'copy_smoke_test' retrieved from /opt/airflow/dags/Copy_smoke_pipeline.py
[2026-01-01T03:24:00.562+0000] {logging_mixin.py:188} INFO - [2026-01-01T03:24:00.562+0000] {dag.py:3089} INFO - Sync 1 DAGs
[2026-01-01T03:24:00.595+0000] {logging_mixin.py:188} INFO - [2026-01-01T03:24:00.594+0000] {dag.py:3947} INFO - Setting next_dagrun for copy_smoke_test to None, run_after=None
[2026-01-01T03:24:00.835+0000] {processor.py:183} INFO - Processing /opt/airflow/dags/Copy_smoke_pipeline.py took 0.408 seconds
[2026-01-01T03:24:31.042+0000] {processor.py:161} INFO - Started process (PID=6285) to work on /opt/airflow/dags/Copy_smoke_pipeline.py
[2026-01-01T03:24:31.044+0000] {processor.py:830} INFO - Processing file /opt/airflow/dags/Copy_smoke_pipeline.py for tasks to queue
[2026-01-01T03:24:31.045+0000] {logging_mixin.py:188} INFO - [2026-01-01T03:24:31.045+0000] {dagbag.py:545} INFO - Filling up the DagBag from /opt/airflow/dags/Copy_smoke_pipeline.py
[2026-01-01T03:24:31.072+0000] {processor.py:840} INFO - DAG(s) 'copy_smoke_test' retrieved from /opt/airflow/dags/Copy_smoke_pipeline.py
[2026-01-01T03:24:31.120+0000] {logging_mixin.py:188} INFO - [2026-01-01T03:24:31.119+0000] {dag.py:3089} INFO - Sync 1 DAGs
[2026-01-01T03:24:31.135+0000] {logging_mixin.py:188} INFO - [2026-01-01T03:24:31.135+0000] {dag.py:3947} INFO - Setting next_dagrun for copy_smoke_test to None, run_after=None
[2026-01-01T03:24:31.168+0000] {processor.py:183} INFO - Processing /opt/airflow/dags/Copy_smoke_pipeline.py took 0.141 seconds
[2026-01-01T03:25:01.819+0000] {processor.py:161} INFO - Started process (PID=6310) to work on /opt/airflow/dags/Copy_smoke_pipeline.py
[2026-01-01T03:25:01.821+0000] {processor.py:830} INFO - Processing file /opt/airflow/dags/Copy_smoke_pipeline.py for tasks to queue
[2026-01-01T03:25:01.823+0000] {logging_mixin.py:188} INFO - [2026-01-01T03:25:01.822+0000] {dagbag.py:545} INFO - Filling up the DagBag from /opt/airflow/dags/Copy_smoke_pipeline.py
[2026-01-01T03:25:01.854+0000] {processor.py:840} INFO - DAG(s) 'copy_smoke_test' retrieved from /opt/airflow/dags/Copy_smoke_pipeline.py
[2026-01-01T03:25:01.913+0000] {logging_mixin.py:188} INFO - [2026-01-01T03:25:01.912+0000] {dag.py:3089} INFO - Sync 1 DAGs
[2026-01-01T03:25:01.930+0000] {logging_mixin.py:188} INFO - [2026-01-01T03:25:01.930+0000] {dag.py:3947} INFO - Setting next_dagrun for copy_smoke_test to None, run_after=None
[2026-01-01T03:25:01.970+0000] {processor.py:183} INFO - Processing /opt/airflow/dags/Copy_smoke_pipeline.py took 0.161 seconds
[2026-01-01T03:25:32.694+0000] {processor.py:161} INFO - Started process (PID=6335) to work on /opt/airflow/dags/Copy_smoke_pipeline.py
[2026-01-01T03:25:32.696+0000] {processor.py:830} INFO - Processing file /opt/airflow/dags/Copy_smoke_pipeline.py for tasks to queue
[2026-01-01T03:25:32.698+0000] {logging_mixin.py:188} INFO - [2026-01-01T03:25:32.697+0000] {dagbag.py:545} INFO - Filling up the DagBag from /opt/airflow/dags/Copy_smoke_pipeline.py
[2026-01-01T03:25:32.727+0000] {processor.py:840} INFO - DAG(s) 'copy_smoke_test' retrieved from /opt/airflow/dags/Copy_smoke_pipeline.py
[2026-01-01T03:25:32.781+0000] {logging_mixin.py:188} INFO - [2026-01-01T03:25:32.780+0000] {dag.py:3089} INFO - Sync 1 DAGs
[2026-01-01T03:25:32.799+0000] {logging_mixin.py:188} INFO - [2026-01-01T03:25:32.798+0000] {dag.py:3947} INFO - Setting next_dagrun for copy_smoke_test to None, run_after=None
[2026-01-01T03:25:32.839+0000] {processor.py:183} INFO - Processing /opt/airflow/dags/Copy_smoke_pipeline.py took 0.157 seconds
[2026-01-01T03:26:03.557+0000] {processor.py:161} INFO - Started process (PID=6360) to work on /opt/airflow/dags/Copy_smoke_pipeline.py
[2026-01-01T03:26:03.558+0000] {processor.py:830} INFO - Processing file /opt/airflow/dags/Copy_smoke_pipeline.py for tasks to queue
[2026-01-01T03:26:03.560+0000] {logging_mixin.py:188} INFO - [2026-01-01T03:26:03.560+0000] {dagbag.py:545} INFO - Filling up the DagBag from /opt/airflow/dags/Copy_smoke_pipeline.py
[2026-01-01T03:26:03.599+0000] {processor.py:840} INFO - DAG(s) 'copy_smoke_test' retrieved from /opt/airflow/dags/Copy_smoke_pipeline.py
[2026-01-01T03:26:03.684+0000] {logging_mixin.py:188} INFO - [2026-01-01T03:26:03.684+0000] {dag.py:3089} INFO - Sync 1 DAGs
[2026-01-01T03:26:03.748+0000] {logging_mixin.py:188} INFO - [2026-01-01T03:26:03.747+0000] {dag.py:3947} INFO - Setting next_dagrun for copy_smoke_test to None, run_after=None
[2026-01-01T03:26:03.801+0000] {processor.py:183} INFO - Processing /opt/airflow/dags/Copy_smoke_pipeline.py took 0.256 seconds
[2026-01-01T03:26:34.349+0000] {processor.py:161} INFO - Started process (PID=6385) to work on /opt/airflow/dags/Copy_smoke_pipeline.py
[2026-01-01T03:26:34.350+0000] {processor.py:830} INFO - Processing file /opt/airflow/dags/Copy_smoke_pipeline.py for tasks to queue
[2026-01-01T03:26:34.352+0000] {logging_mixin.py:188} INFO - [2026-01-01T03:26:34.351+0000] {dagbag.py:545} INFO - Filling up the DagBag from /opt/airflow/dags/Copy_smoke_pipeline.py
[2026-01-01T03:26:34.377+0000] {processor.py:840} INFO - DAG(s) 'copy_smoke_test' retrieved from /opt/airflow/dags/Copy_smoke_pipeline.py
[2026-01-01T03:26:34.420+0000] {logging_mixin.py:188} INFO - [2026-01-01T03:26:34.420+0000] {dag.py:3089} INFO - Sync 1 DAGs
[2026-01-01T03:26:34.435+0000] {logging_mixin.py:188} INFO - [2026-01-01T03:26:34.435+0000] {dag.py:3947} INFO - Setting next_dagrun for copy_smoke_test to None, run_after=None
[2026-01-01T03:26:34.460+0000] {processor.py:183} INFO - Processing /opt/airflow/dags/Copy_smoke_pipeline.py took 0.120 seconds
[2026-01-01T03:27:04.971+0000] {processor.py:161} INFO - Started process (PID=6410) to work on /opt/airflow/dags/Copy_smoke_pipeline.py
[2026-01-01T03:27:04.973+0000] {processor.py:830} INFO - Processing file /opt/airflow/dags/Copy_smoke_pipeline.py for tasks to queue
[2026-01-01T03:27:04.975+0000] {logging_mixin.py:188} INFO - [2026-01-01T03:27:04.974+0000] {dagbag.py:545} INFO - Filling up the DagBag from /opt/airflow/dags/Copy_smoke_pipeline.py
[2026-01-01T03:27:05.010+0000] {processor.py:840} INFO - DAG(s) 'copy_smoke_test' retrieved from /opt/airflow/dags/Copy_smoke_pipeline.py
[2026-01-01T03:27:05.076+0000] {logging_mixin.py:188} INFO - [2026-01-01T03:27:05.076+0000] {dag.py:3089} INFO - Sync 1 DAGs
[2026-01-01T03:27:05.102+0000] {logging_mixin.py:188} INFO - [2026-01-01T03:27:05.102+0000] {dag.py:3947} INFO - Setting next_dagrun for copy_smoke_test to None, run_after=None
[2026-01-01T03:27:05.148+0000] {processor.py:183} INFO - Processing /opt/airflow/dags/Copy_smoke_pipeline.py took 0.187 seconds
[2026-01-01T03:27:35.842+0000] {processor.py:161} INFO - Started process (PID=6435) to work on /opt/airflow/dags/Copy_smoke_pipeline.py
[2026-01-01T03:27:35.843+0000] {processor.py:830} INFO - Processing file /opt/airflow/dags/Copy_smoke_pipeline.py for tasks to queue
[2026-01-01T03:27:35.845+0000] {logging_mixin.py:188} INFO - [2026-01-01T03:27:35.844+0000] {dagbag.py:545} INFO - Filling up the DagBag from /opt/airflow/dags/Copy_smoke_pipeline.py
[2026-01-01T03:27:35.870+0000] {processor.py:840} INFO - DAG(s) 'copy_smoke_test' retrieved from /opt/airflow/dags/Copy_smoke_pipeline.py
[2026-01-01T03:27:35.923+0000] {logging_mixin.py:188} INFO - [2026-01-01T03:27:35.923+0000] {dag.py:3089} INFO - Sync 1 DAGs
[2026-01-01T03:27:35.940+0000] {logging_mixin.py:188} INFO - [2026-01-01T03:27:35.940+0000] {dag.py:3947} INFO - Setting next_dagrun for copy_smoke_test to None, run_after=None
[2026-01-01T03:27:35.970+0000] {processor.py:183} INFO - Processing /opt/airflow/dags/Copy_smoke_pipeline.py took 0.139 seconds
[2026-01-01T03:28:06.680+0000] {processor.py:161} INFO - Started process (PID=6460) to work on /opt/airflow/dags/Copy_smoke_pipeline.py
[2026-01-01T03:28:06.681+0000] {processor.py:830} INFO - Processing file /opt/airflow/dags/Copy_smoke_pipeline.py for tasks to queue
[2026-01-01T03:28:06.683+0000] {logging_mixin.py:188} INFO - [2026-01-01T03:28:06.682+0000] {dagbag.py:545} INFO - Filling up the DagBag from /opt/airflow/dags/Copy_smoke_pipeline.py
[2026-01-01T03:28:06.709+0000] {processor.py:840} INFO - DAG(s) 'copy_smoke_test' retrieved from /opt/airflow/dags/Copy_smoke_pipeline.py
[2026-01-01T03:28:06.777+0000] {logging_mixin.py:188} INFO - [2026-01-01T03:28:06.777+0000] {dag.py:3089} INFO - Sync 1 DAGs
[2026-01-01T03:28:06.803+0000] {logging_mixin.py:188} INFO - [2026-01-01T03:28:06.803+0000] {dag.py:3947} INFO - Setting next_dagrun for copy_smoke_test to None, run_after=None
[2026-01-01T03:28:06.841+0000] {processor.py:183} INFO - Processing /opt/airflow/dags/Copy_smoke_pipeline.py took 0.170 seconds
[2026-01-01T03:28:37.489+0000] {processor.py:161} INFO - Started process (PID=6485) to work on /opt/airflow/dags/Copy_smoke_pipeline.py
[2026-01-01T03:28:37.491+0000] {processor.py:830} INFO - Processing file /opt/airflow/dags/Copy_smoke_pipeline.py for tasks to queue
[2026-01-01T03:28:37.495+0000] {logging_mixin.py:188} INFO - [2026-01-01T03:28:37.494+0000] {dagbag.py:545} INFO - Filling up the DagBag from /opt/airflow/dags/Copy_smoke_pipeline.py
[2026-01-01T03:28:37.528+0000] {processor.py:840} INFO - DAG(s) 'copy_smoke_test' retrieved from /opt/airflow/dags/Copy_smoke_pipeline.py
[2026-01-01T03:28:37.616+0000] {logging_mixin.py:188} INFO - [2026-01-01T03:28:37.616+0000] {dag.py:3089} INFO - Sync 1 DAGs
[2026-01-01T03:28:37.638+0000] {logging_mixin.py:188} INFO - [2026-01-01T03:28:37.638+0000] {dag.py:3947} INFO - Setting next_dagrun for copy_smoke_test to None, run_after=None
[2026-01-01T03:28:37.675+0000] {processor.py:183} INFO - Processing /opt/airflow/dags/Copy_smoke_pipeline.py took 0.205 seconds
[2026-01-01T03:29:08.306+0000] {processor.py:161} INFO - Started process (PID=6510) to work on /opt/airflow/dags/Copy_smoke_pipeline.py
[2026-01-01T03:29:08.308+0000] {processor.py:830} INFO - Processing file /opt/airflow/dags/Copy_smoke_pipeline.py for tasks to queue
[2026-01-01T03:29:08.310+0000] {logging_mixin.py:188} INFO - [2026-01-01T03:29:08.309+0000] {dagbag.py:545} INFO - Filling up the DagBag from /opt/airflow/dags/Copy_smoke_pipeline.py
[2026-01-01T03:29:08.339+0000] {processor.py:840} INFO - DAG(s) 'copy_smoke_test' retrieved from /opt/airflow/dags/Copy_smoke_pipeline.py
[2026-01-01T03:29:08.401+0000] {logging_mixin.py:188} INFO - [2026-01-01T03:29:08.401+0000] {dag.py:3089} INFO - Sync 1 DAGs
[2026-01-01T03:29:08.427+0000] {logging_mixin.py:188} INFO - [2026-01-01T03:29:08.426+0000] {dag.py:3947} INFO - Setting next_dagrun for copy_smoke_test to None, run_after=None
[2026-01-01T03:29:08.495+0000] {processor.py:183} INFO - Processing /opt/airflow/dags/Copy_smoke_pipeline.py took 0.204 seconds
[2026-01-01T03:29:39.080+0000] {processor.py:161} INFO - Started process (PID=6535) to work on /opt/airflow/dags/Copy_smoke_pipeline.py
[2026-01-01T03:29:39.082+0000] {processor.py:830} INFO - Processing file /opt/airflow/dags/Copy_smoke_pipeline.py for tasks to queue
[2026-01-01T03:29:39.084+0000] {logging_mixin.py:188} INFO - [2026-01-01T03:29:39.083+0000] {dagbag.py:545} INFO - Filling up the DagBag from /opt/airflow/dags/Copy_smoke_pipeline.py
[2026-01-01T03:29:39.113+0000] {processor.py:840} INFO - DAG(s) 'copy_smoke_test' retrieved from /opt/airflow/dags/Copy_smoke_pipeline.py
[2026-01-01T03:29:39.168+0000] {logging_mixin.py:188} INFO - [2026-01-01T03:29:39.167+0000] {dag.py:3089} INFO - Sync 1 DAGs
[2026-01-01T03:29:39.191+0000] {logging_mixin.py:188} INFO - [2026-01-01T03:29:39.191+0000] {dag.py:3947} INFO - Setting next_dagrun for copy_smoke_test to None, run_after=None
[2026-01-01T03:29:39.219+0000] {processor.py:183} INFO - Processing /opt/airflow/dags/Copy_smoke_pipeline.py took 0.153 seconds
[2026-01-01T03:30:09.893+0000] {processor.py:161} INFO - Started process (PID=6560) to work on /opt/airflow/dags/Copy_smoke_pipeline.py
[2026-01-01T03:30:09.895+0000] {processor.py:830} INFO - Processing file /opt/airflow/dags/Copy_smoke_pipeline.py for tasks to queue
[2026-01-01T03:30:09.898+0000] {logging_mixin.py:188} INFO - [2026-01-01T03:30:09.897+0000] {dagbag.py:545} INFO - Filling up the DagBag from /opt/airflow/dags/Copy_smoke_pipeline.py
[2026-01-01T03:30:09.944+0000] {processor.py:840} INFO - DAG(s) 'copy_smoke_test' retrieved from /opt/airflow/dags/Copy_smoke_pipeline.py
[2026-01-01T03:30:10.004+0000] {logging_mixin.py:188} INFO - [2026-01-01T03:30:10.003+0000] {dag.py:3089} INFO - Sync 1 DAGs
[2026-01-01T03:30:10.021+0000] {logging_mixin.py:188} INFO - [2026-01-01T03:30:10.021+0000] {dag.py:3947} INFO - Setting next_dagrun for copy_smoke_test to None, run_after=None
[2026-01-01T03:30:10.048+0000] {processor.py:183} INFO - Processing /opt/airflow/dags/Copy_smoke_pipeline.py took 0.176 seconds
[2026-01-01T03:30:40.576+0000] {processor.py:161} INFO - Started process (PID=6585) to work on /opt/airflow/dags/Copy_smoke_pipeline.py
[2026-01-01T03:30:40.578+0000] {processor.py:830} INFO - Processing file /opt/airflow/dags/Copy_smoke_pipeline.py for tasks to queue
[2026-01-01T03:30:40.579+0000] {logging_mixin.py:188} INFO - [2026-01-01T03:30:40.579+0000] {dagbag.py:545} INFO - Filling up the DagBag from /opt/airflow/dags/Copy_smoke_pipeline.py
[2026-01-01T03:30:40.604+0000] {processor.py:840} INFO - DAG(s) 'copy_smoke_test' retrieved from /opt/airflow/dags/Copy_smoke_pipeline.py
[2026-01-01T03:30:40.657+0000] {logging_mixin.py:188} INFO - [2026-01-01T03:30:40.657+0000] {dag.py:3089} INFO - Sync 1 DAGs
[2026-01-01T03:30:40.675+0000] {logging_mixin.py:188} INFO - [2026-01-01T03:30:40.675+0000] {dag.py:3947} INFO - Setting next_dagrun for copy_smoke_test to None, run_after=None
[2026-01-01T03:30:40.703+0000] {processor.py:183} INFO - Processing /opt/airflow/dags/Copy_smoke_pipeline.py took 0.136 seconds
[2026-01-01T03:31:11.490+0000] {processor.py:161} INFO - Started process (PID=6610) to work on /opt/airflow/dags/Copy_smoke_pipeline.py
[2026-01-01T03:31:11.492+0000] {processor.py:830} INFO - Processing file /opt/airflow/dags/Copy_smoke_pipeline.py for tasks to queue
[2026-01-01T03:31:11.494+0000] {logging_mixin.py:188} INFO - [2026-01-01T03:31:11.493+0000] {dagbag.py:545} INFO - Filling up the DagBag from /opt/airflow/dags/Copy_smoke_pipeline.py
[2026-01-01T03:31:11.527+0000] {processor.py:840} INFO - DAG(s) 'copy_smoke_test' retrieved from /opt/airflow/dags/Copy_smoke_pipeline.py
[2026-01-01T03:31:11.591+0000] {logging_mixin.py:188} INFO - [2026-01-01T03:31:11.591+0000] {dag.py:3089} INFO - Sync 1 DAGs
[2026-01-01T03:31:11.611+0000] {logging_mixin.py:188} INFO - [2026-01-01T03:31:11.610+0000] {dag.py:3947} INFO - Setting next_dagrun for copy_smoke_test to None, run_after=None
[2026-01-01T03:31:11.636+0000] {processor.py:183} INFO - Processing /opt/airflow/dags/Copy_smoke_pipeline.py took 0.159 seconds
[2026-01-01T03:31:42.294+0000] {processor.py:161} INFO - Started process (PID=6635) to work on /opt/airflow/dags/Copy_smoke_pipeline.py
[2026-01-01T03:31:42.295+0000] {processor.py:830} INFO - Processing file /opt/airflow/dags/Copy_smoke_pipeline.py for tasks to queue
[2026-01-01T03:31:42.296+0000] {logging_mixin.py:188} INFO - [2026-01-01T03:31:42.296+0000] {dagbag.py:545} INFO - Filling up the DagBag from /opt/airflow/dags/Copy_smoke_pipeline.py
[2026-01-01T03:31:42.323+0000] {processor.py:840} INFO - DAG(s) 'copy_smoke_test' retrieved from /opt/airflow/dags/Copy_smoke_pipeline.py
[2026-01-01T03:31:42.371+0000] {logging_mixin.py:188} INFO - [2026-01-01T03:31:42.371+0000] {dag.py:3089} INFO - Sync 1 DAGs
[2026-01-01T03:31:42.387+0000] {logging_mixin.py:188} INFO - [2026-01-01T03:31:42.387+0000] {dag.py:3947} INFO - Setting next_dagrun for copy_smoke_test to None, run_after=None
[2026-01-01T03:31:42.410+0000] {processor.py:183} INFO - Processing /opt/airflow/dags/Copy_smoke_pipeline.py took 0.127 seconds
[2026-01-01T03:32:12.955+0000] {processor.py:161} INFO - Started process (PID=6660) to work on /opt/airflow/dags/Copy_smoke_pipeline.py
[2026-01-01T03:32:12.957+0000] {processor.py:830} INFO - Processing file /opt/airflow/dags/Copy_smoke_pipeline.py for tasks to queue
[2026-01-01T03:32:12.958+0000] {logging_mixin.py:188} INFO - [2026-01-01T03:32:12.958+0000] {dagbag.py:545} INFO - Filling up the DagBag from /opt/airflow/dags/Copy_smoke_pipeline.py
[2026-01-01T03:32:12.988+0000] {processor.py:840} INFO - DAG(s) 'copy_smoke_test' retrieved from /opt/airflow/dags/Copy_smoke_pipeline.py
[2026-01-01T03:32:13.046+0000] {logging_mixin.py:188} INFO - [2026-01-01T03:32:13.045+0000] {dag.py:3089} INFO - Sync 1 DAGs
[2026-01-01T03:32:13.065+0000] {logging_mixin.py:188} INFO - [2026-01-01T03:32:13.064+0000] {dag.py:3947} INFO - Setting next_dagrun for copy_smoke_test to None, run_after=None
[2026-01-01T03:32:13.114+0000] {processor.py:183} INFO - Processing /opt/airflow/dags/Copy_smoke_pipeline.py took 0.170 seconds
[2026-01-01T03:32:43.810+0000] {processor.py:161} INFO - Started process (PID=6685) to work on /opt/airflow/dags/Copy_smoke_pipeline.py
[2026-01-01T03:32:43.812+0000] {processor.py:830} INFO - Processing file /opt/airflow/dags/Copy_smoke_pipeline.py for tasks to queue
[2026-01-01T03:32:43.813+0000] {logging_mixin.py:188} INFO - [2026-01-01T03:32:43.813+0000] {dagbag.py:545} INFO - Filling up the DagBag from /opt/airflow/dags/Copy_smoke_pipeline.py
[2026-01-01T03:32:43.843+0000] {processor.py:840} INFO - DAG(s) 'copy_smoke_test' retrieved from /opt/airflow/dags/Copy_smoke_pipeline.py
[2026-01-01T03:32:43.903+0000] {logging_mixin.py:188} INFO - [2026-01-01T03:32:43.903+0000] {dag.py:3089} INFO - Sync 1 DAGs
[2026-01-01T03:32:43.923+0000] {logging_mixin.py:188} INFO - [2026-01-01T03:32:43.923+0000] {dag.py:3947} INFO - Setting next_dagrun for copy_smoke_test to None, run_after=None
[2026-01-01T03:32:43.959+0000] {processor.py:183} INFO - Processing /opt/airflow/dags/Copy_smoke_pipeline.py took 0.160 seconds
[2026-01-01T03:33:14.663+0000] {processor.py:161} INFO - Started process (PID=6710) to work on /opt/airflow/dags/Copy_smoke_pipeline.py
[2026-01-01T03:33:14.665+0000] {processor.py:830} INFO - Processing file /opt/airflow/dags/Copy_smoke_pipeline.py for tasks to queue
[2026-01-01T03:33:14.666+0000] {logging_mixin.py:188} INFO - [2026-01-01T03:33:14.666+0000] {dagbag.py:545} INFO - Filling up the DagBag from /opt/airflow/dags/Copy_smoke_pipeline.py
[2026-01-01T03:33:14.693+0000] {processor.py:840} INFO - DAG(s) 'copy_smoke_test' retrieved from /opt/airflow/dags/Copy_smoke_pipeline.py
[2026-01-01T03:33:14.739+0000] {logging_mixin.py:188} INFO - [2026-01-01T03:33:14.739+0000] {dag.py:3089} INFO - Sync 1 DAGs
[2026-01-01T03:33:14.756+0000] {logging_mixin.py:188} INFO - [2026-01-01T03:33:14.755+0000] {dag.py:3947} INFO - Setting next_dagrun for copy_smoke_test to None, run_after=None
[2026-01-01T03:33:14.781+0000] {processor.py:183} INFO - Processing /opt/airflow/dags/Copy_smoke_pipeline.py took 0.127 seconds
[2026-01-01T03:33:45.600+0000] {processor.py:161} INFO - Started process (PID=6735) to work on /opt/airflow/dags/Copy_smoke_pipeline.py
[2026-01-01T03:33:45.601+0000] {processor.py:830} INFO - Processing file /opt/airflow/dags/Copy_smoke_pipeline.py for tasks to queue
[2026-01-01T03:33:45.603+0000] {logging_mixin.py:188} INFO - [2026-01-01T03:33:45.603+0000] {dagbag.py:545} INFO - Filling up the DagBag from /opt/airflow/dags/Copy_smoke_pipeline.py
[2026-01-01T03:33:45.632+0000] {processor.py:840} INFO - DAG(s) 'copy_smoke_test' retrieved from /opt/airflow/dags/Copy_smoke_pipeline.py
[2026-01-01T03:33:45.681+0000] {logging_mixin.py:188} INFO - [2026-01-01T03:33:45.681+0000] {dag.py:3089} INFO - Sync 1 DAGs
[2026-01-01T03:33:45.700+0000] {logging_mixin.py:188} INFO - [2026-01-01T03:33:45.700+0000] {dag.py:3947} INFO - Setting next_dagrun for copy_smoke_test to None, run_after=None
[2026-01-01T03:33:45.726+0000] {processor.py:183} INFO - Processing /opt/airflow/dags/Copy_smoke_pipeline.py took 0.144 seconds
[2026-01-01T03:34:16.404+0000] {processor.py:161} INFO - Started process (PID=6760) to work on /opt/airflow/dags/Copy_smoke_pipeline.py
[2026-01-01T03:34:16.406+0000] {processor.py:830} INFO - Processing file /opt/airflow/dags/Copy_smoke_pipeline.py for tasks to queue
[2026-01-01T03:34:16.407+0000] {logging_mixin.py:188} INFO - [2026-01-01T03:34:16.407+0000] {dagbag.py:545} INFO - Filling up the DagBag from /opt/airflow/dags/Copy_smoke_pipeline.py
[2026-01-01T03:34:16.435+0000] {processor.py:840} INFO - DAG(s) 'copy_smoke_test' retrieved from /opt/airflow/dags/Copy_smoke_pipeline.py
[2026-01-01T03:34:16.509+0000] {logging_mixin.py:188} INFO - [2026-01-01T03:34:16.508+0000] {dag.py:3089} INFO - Sync 1 DAGs
[2026-01-01T03:34:16.537+0000] {logging_mixin.py:188} INFO - [2026-01-01T03:34:16.536+0000] {dag.py:3947} INFO - Setting next_dagrun for copy_smoke_test to None, run_after=None
[2026-01-01T03:34:16.583+0000] {processor.py:183} INFO - Processing /opt/airflow/dags/Copy_smoke_pipeline.py took 0.188 seconds
[2026-01-01T03:34:47.226+0000] {processor.py:161} INFO - Started process (PID=6785) to work on /opt/airflow/dags/Copy_smoke_pipeline.py
[2026-01-01T03:34:47.228+0000] {processor.py:830} INFO - Processing file /opt/airflow/dags/Copy_smoke_pipeline.py for tasks to queue
[2026-01-01T03:34:47.230+0000] {logging_mixin.py:188} INFO - [2026-01-01T03:34:47.230+0000] {dagbag.py:545} INFO - Filling up the DagBag from /opt/airflow/dags/Copy_smoke_pipeline.py
[2026-01-01T03:34:47.263+0000] {processor.py:840} INFO - DAG(s) 'copy_smoke_test' retrieved from /opt/airflow/dags/Copy_smoke_pipeline.py
[2026-01-01T03:34:47.332+0000] {logging_mixin.py:188} INFO - [2026-01-01T03:34:47.332+0000] {dag.py:3089} INFO - Sync 1 DAGs
[2026-01-01T03:34:47.360+0000] {logging_mixin.py:188} INFO - [2026-01-01T03:34:47.359+0000] {dag.py:3947} INFO - Setting next_dagrun for copy_smoke_test to None, run_after=None
[2026-01-01T03:34:47.396+0000] {processor.py:183} INFO - Processing /opt/airflow/dags/Copy_smoke_pipeline.py took 0.183 seconds
[2026-01-01T03:35:18.091+0000] {processor.py:161} INFO - Started process (PID=6810) to work on /opt/airflow/dags/Copy_smoke_pipeline.py
[2026-01-01T03:35:18.093+0000] {processor.py:830} INFO - Processing file /opt/airflow/dags/Copy_smoke_pipeline.py for tasks to queue
[2026-01-01T03:35:18.096+0000] {logging_mixin.py:188} INFO - [2026-01-01T03:35:18.095+0000] {dagbag.py:545} INFO - Filling up the DagBag from /opt/airflow/dags/Copy_smoke_pipeline.py
[2026-01-01T03:35:18.122+0000] {processor.py:840} INFO - DAG(s) 'copy_smoke_test' retrieved from /opt/airflow/dags/Copy_smoke_pipeline.py
[2026-01-01T03:35:18.187+0000] {logging_mixin.py:188} INFO - [2026-01-01T03:35:18.187+0000] {dag.py:3089} INFO - Sync 1 DAGs
[2026-01-01T03:35:18.218+0000] {logging_mixin.py:188} INFO - [2026-01-01T03:35:18.217+0000] {dag.py:3947} INFO - Setting next_dagrun for copy_smoke_test to None, run_after=None
[2026-01-01T03:35:18.251+0000] {processor.py:183} INFO - Processing /opt/airflow/dags/Copy_smoke_pipeline.py took 0.169 seconds
[2026-01-01T03:35:48.822+0000] {processor.py:161} INFO - Started process (PID=6835) to work on /opt/airflow/dags/Copy_smoke_pipeline.py
[2026-01-01T03:35:48.823+0000] {processor.py:830} INFO - Processing file /opt/airflow/dags/Copy_smoke_pipeline.py for tasks to queue
[2026-01-01T03:35:48.825+0000] {logging_mixin.py:188} INFO - [2026-01-01T03:35:48.824+0000] {dagbag.py:545} INFO - Filling up the DagBag from /opt/airflow/dags/Copy_smoke_pipeline.py
[2026-01-01T03:35:48.851+0000] {processor.py:840} INFO - DAG(s) 'copy_smoke_test' retrieved from /opt/airflow/dags/Copy_smoke_pipeline.py
[2026-01-01T03:35:48.902+0000] {logging_mixin.py:188} INFO - [2026-01-01T03:35:48.901+0000] {dag.py:3089} INFO - Sync 1 DAGs
[2026-01-01T03:35:48.921+0000] {logging_mixin.py:188} INFO - [2026-01-01T03:35:48.921+0000] {dag.py:3947} INFO - Setting next_dagrun for copy_smoke_test to None, run_after=None
[2026-01-01T03:35:48.960+0000] {processor.py:183} INFO - Processing /opt/airflow/dags/Copy_smoke_pipeline.py took 0.148 seconds
[2026-01-01T03:36:19.758+0000] {processor.py:161} INFO - Started process (PID=6860) to work on /opt/airflow/dags/Copy_smoke_pipeline.py
[2026-01-01T03:36:19.760+0000] {processor.py:830} INFO - Processing file /opt/airflow/dags/Copy_smoke_pipeline.py for tasks to queue
[2026-01-01T03:36:19.761+0000] {logging_mixin.py:188} INFO - [2026-01-01T03:36:19.761+0000] {dagbag.py:545} INFO - Filling up the DagBag from /opt/airflow/dags/Copy_smoke_pipeline.py
[2026-01-01T03:36:19.784+0000] {processor.py:840} INFO - DAG(s) 'copy_smoke_test' retrieved from /opt/airflow/dags/Copy_smoke_pipeline.py
[2026-01-01T03:36:19.838+0000] {logging_mixin.py:188} INFO - [2026-01-01T03:36:19.837+0000] {dag.py:3089} INFO - Sync 1 DAGs
[2026-01-01T03:36:19.880+0000] {logging_mixin.py:188} INFO - [2026-01-01T03:36:19.879+0000] {dag.py:3947} INFO - Setting next_dagrun for copy_smoke_test to None, run_after=None
[2026-01-01T03:36:19.906+0000] {processor.py:183} INFO - Processing /opt/airflow/dags/Copy_smoke_pipeline.py took 0.157 seconds
[2026-01-01T03:36:50.531+0000] {processor.py:161} INFO - Started process (PID=6885) to work on /opt/airflow/dags/Copy_smoke_pipeline.py
[2026-01-01T03:36:50.533+0000] {processor.py:830} INFO - Processing file /opt/airflow/dags/Copy_smoke_pipeline.py for tasks to queue
[2026-01-01T03:36:50.534+0000] {logging_mixin.py:188} INFO - [2026-01-01T03:36:50.533+0000] {dagbag.py:545} INFO - Filling up the DagBag from /opt/airflow/dags/Copy_smoke_pipeline.py
[2026-01-01T03:36:50.559+0000] {processor.py:840} INFO - DAG(s) 'copy_smoke_test' retrieved from /opt/airflow/dags/Copy_smoke_pipeline.py
[2026-01-01T03:36:50.605+0000] {logging_mixin.py:188} INFO - [2026-01-01T03:36:50.605+0000] {dag.py:3089} INFO - Sync 1 DAGs
[2026-01-01T03:36:50.620+0000] {logging_mixin.py:188} INFO - [2026-01-01T03:36:50.620+0000] {dag.py:3947} INFO - Setting next_dagrun for copy_smoke_test to None, run_after=None
[2026-01-01T03:36:50.650+0000] {processor.py:183} INFO - Processing /opt/airflow/dags/Copy_smoke_pipeline.py took 0.128 seconds
[2026-01-01T03:37:20.870+0000] {processor.py:161} INFO - Started process (PID=6910) to work on /opt/airflow/dags/Copy_smoke_pipeline.py
[2026-01-01T03:37:20.872+0000] {processor.py:830} INFO - Processing file /opt/airflow/dags/Copy_smoke_pipeline.py for tasks to queue
[2026-01-01T03:37:20.873+0000] {logging_mixin.py:188} INFO - [2026-01-01T03:37:20.873+0000] {dagbag.py:545} INFO - Filling up the DagBag from /opt/airflow/dags/Copy_smoke_pipeline.py
[2026-01-01T03:37:20.902+0000] {processor.py:840} INFO - DAG(s) 'copy_smoke_test' retrieved from /opt/airflow/dags/Copy_smoke_pipeline.py
[2026-01-01T03:37:20.960+0000] {logging_mixin.py:188} INFO - [2026-01-01T03:37:20.960+0000] {dag.py:3089} INFO - Sync 1 DAGs
[2026-01-01T03:37:20.983+0000] {logging_mixin.py:188} INFO - [2026-01-01T03:37:20.982+0000] {dag.py:3947} INFO - Setting next_dagrun for copy_smoke_test to None, run_after=None
[2026-01-01T03:37:21.011+0000] {processor.py:183} INFO - Processing /opt/airflow/dags/Copy_smoke_pipeline.py took 0.150 seconds
[2026-01-01T03:37:51.510+0000] {processor.py:161} INFO - Started process (PID=6935) to work on /opt/airflow/dags/Copy_smoke_pipeline.py
[2026-01-01T03:37:51.513+0000] {processor.py:830} INFO - Processing file /opt/airflow/dags/Copy_smoke_pipeline.py for tasks to queue
[2026-01-01T03:37:51.515+0000] {logging_mixin.py:188} INFO - [2026-01-01T03:37:51.514+0000] {dagbag.py:545} INFO - Filling up the DagBag from /opt/airflow/dags/Copy_smoke_pipeline.py
[2026-01-01T03:37:51.545+0000] {processor.py:840} INFO - DAG(s) 'copy_smoke_test' retrieved from /opt/airflow/dags/Copy_smoke_pipeline.py
[2026-01-01T03:37:51.604+0000] {logging_mixin.py:188} INFO - [2026-01-01T03:37:51.603+0000] {dag.py:3089} INFO - Sync 1 DAGs
[2026-01-01T03:37:51.623+0000] {logging_mixin.py:188} INFO - [2026-01-01T03:37:51.622+0000] {dag.py:3947} INFO - Setting next_dagrun for copy_smoke_test to None, run_after=None
[2026-01-01T03:37:51.656+0000] {processor.py:183} INFO - Processing /opt/airflow/dags/Copy_smoke_pipeline.py took 0.157 seconds
[2026-01-01T03:38:22.298+0000] {processor.py:161} INFO - Started process (PID=6960) to work on /opt/airflow/dags/Copy_smoke_pipeline.py
[2026-01-01T03:38:22.299+0000] {processor.py:830} INFO - Processing file /opt/airflow/dags/Copy_smoke_pipeline.py for tasks to queue
[2026-01-01T03:38:22.301+0000] {logging_mixin.py:188} INFO - [2026-01-01T03:38:22.300+0000] {dagbag.py:545} INFO - Filling up the DagBag from /opt/airflow/dags/Copy_smoke_pipeline.py
[2026-01-01T03:38:22.324+0000] {processor.py:840} INFO - DAG(s) 'copy_smoke_test' retrieved from /opt/airflow/dags/Copy_smoke_pipeline.py
[2026-01-01T03:38:22.386+0000] {logging_mixin.py:188} INFO - [2026-01-01T03:38:22.385+0000] {dag.py:3089} INFO - Sync 1 DAGs
[2026-01-01T03:38:22.413+0000] {logging_mixin.py:188} INFO - [2026-01-01T03:38:22.412+0000] {dag.py:3947} INFO - Setting next_dagrun for copy_smoke_test to None, run_after=None
[2026-01-01T03:38:22.451+0000] {processor.py:183} INFO - Processing /opt/airflow/dags/Copy_smoke_pipeline.py took 0.164 seconds
[2026-01-01T03:38:53.094+0000] {processor.py:161} INFO - Started process (PID=6985) to work on /opt/airflow/dags/Copy_smoke_pipeline.py
[2026-01-01T03:38:53.096+0000] {processor.py:830} INFO - Processing file /opt/airflow/dags/Copy_smoke_pipeline.py for tasks to queue
[2026-01-01T03:38:53.098+0000] {logging_mixin.py:188} INFO - [2026-01-01T03:38:53.097+0000] {dagbag.py:545} INFO - Filling up the DagBag from /opt/airflow/dags/Copy_smoke_pipeline.py
[2026-01-01T03:38:53.141+0000] {processor.py:840} INFO - DAG(s) 'copy_smoke_test' retrieved from /opt/airflow/dags/Copy_smoke_pipeline.py
[2026-01-01T03:38:53.206+0000] {logging_mixin.py:188} INFO - [2026-01-01T03:38:53.205+0000] {dag.py:3089} INFO - Sync 1 DAGs
[2026-01-01T03:38:53.225+0000] {logging_mixin.py:188} INFO - [2026-01-01T03:38:53.224+0000] {dag.py:3947} INFO - Setting next_dagrun for copy_smoke_test to None, run_after=None
[2026-01-01T03:38:53.254+0000] {processor.py:183} INFO - Processing /opt/airflow/dags/Copy_smoke_pipeline.py took 0.171 seconds
[2026-01-01T03:39:23.827+0000] {processor.py:161} INFO - Started process (PID=7010) to work on /opt/airflow/dags/Copy_smoke_pipeline.py
[2026-01-01T03:39:23.829+0000] {processor.py:830} INFO - Processing file /opt/airflow/dags/Copy_smoke_pipeline.py for tasks to queue
[2026-01-01T03:39:23.831+0000] {logging_mixin.py:188} INFO - [2026-01-01T03:39:23.830+0000] {dagbag.py:545} INFO - Filling up the DagBag from /opt/airflow/dags/Copy_smoke_pipeline.py
[2026-01-01T03:39:23.854+0000] {processor.py:840} INFO - DAG(s) 'copy_smoke_test' retrieved from /opt/airflow/dags/Copy_smoke_pipeline.py
[2026-01-01T03:39:23.905+0000] {logging_mixin.py:188} INFO - [2026-01-01T03:39:23.904+0000] {dag.py:3089} INFO - Sync 1 DAGs
[2026-01-01T03:39:23.921+0000] {logging_mixin.py:188} INFO - [2026-01-01T03:39:23.921+0000] {dag.py:3947} INFO - Setting next_dagrun for copy_smoke_test to None, run_after=None
[2026-01-01T03:39:23.951+0000] {processor.py:183} INFO - Processing /opt/airflow/dags/Copy_smoke_pipeline.py took 0.133 seconds
[2026-01-01T03:39:54.603+0000] {processor.py:161} INFO - Started process (PID=7035) to work on /opt/airflow/dags/Copy_smoke_pipeline.py
[2026-01-01T03:39:54.605+0000] {processor.py:830} INFO - Processing file /opt/airflow/dags/Copy_smoke_pipeline.py for tasks to queue
[2026-01-01T03:39:54.607+0000] {logging_mixin.py:188} INFO - [2026-01-01T03:39:54.606+0000] {dagbag.py:545} INFO - Filling up the DagBag from /opt/airflow/dags/Copy_smoke_pipeline.py
[2026-01-01T03:39:54.648+0000] {processor.py:840} INFO - DAG(s) 'copy_smoke_test' retrieved from /opt/airflow/dags/Copy_smoke_pipeline.py
[2026-01-01T03:39:54.712+0000] {logging_mixin.py:188} INFO - [2026-01-01T03:39:54.711+0000] {dag.py:3089} INFO - Sync 1 DAGs
[2026-01-01T03:39:54.726+0000] {logging_mixin.py:188} INFO - [2026-01-01T03:39:54.726+0000] {dag.py:3947} INFO - Setting next_dagrun for copy_smoke_test to None, run_after=None
[2026-01-01T03:39:54.842+0000] {processor.py:183} INFO - Processing /opt/airflow/dags/Copy_smoke_pipeline.py took 0.250 seconds
[2026-01-01T03:40:25.418+0000] {processor.py:161} INFO - Started process (PID=7060) to work on /opt/airflow/dags/Copy_smoke_pipeline.py
[2026-01-01T03:40:25.419+0000] {processor.py:830} INFO - Processing file /opt/airflow/dags/Copy_smoke_pipeline.py for tasks to queue
[2026-01-01T03:40:25.421+0000] {logging_mixin.py:188} INFO - [2026-01-01T03:40:25.420+0000] {dagbag.py:545} INFO - Filling up the DagBag from /opt/airflow/dags/Copy_smoke_pipeline.py
[2026-01-01T03:40:25.446+0000] {processor.py:840} INFO - DAG(s) 'copy_smoke_test' retrieved from /opt/airflow/dags/Copy_smoke_pipeline.py
[2026-01-01T03:40:25.492+0000] {logging_mixin.py:188} INFO - [2026-01-01T03:40:25.492+0000] {dag.py:3089} INFO - Sync 1 DAGs
[2026-01-01T03:40:25.508+0000] {logging_mixin.py:188} INFO - [2026-01-01T03:40:25.507+0000] {dag.py:3947} INFO - Setting next_dagrun for copy_smoke_test to None, run_after=None
[2026-01-01T03:40:25.532+0000] {processor.py:183} INFO - Processing /opt/airflow/dags/Copy_smoke_pipeline.py took 0.123 seconds
[2026-01-01T03:40:56.016+0000] {processor.py:161} INFO - Started process (PID=7085) to work on /opt/airflow/dags/Copy_smoke_pipeline.py
[2026-01-01T03:40:56.018+0000] {processor.py:830} INFO - Processing file /opt/airflow/dags/Copy_smoke_pipeline.py for tasks to queue
[2026-01-01T03:40:56.020+0000] {logging_mixin.py:188} INFO - [2026-01-01T03:40:56.019+0000] {dagbag.py:545} INFO - Filling up the DagBag from /opt/airflow/dags/Copy_smoke_pipeline.py
[2026-01-01T03:40:56.049+0000] {processor.py:840} INFO - DAG(s) 'copy_smoke_test' retrieved from /opt/airflow/dags/Copy_smoke_pipeline.py
[2026-01-01T03:40:56.110+0000] {logging_mixin.py:188} INFO - [2026-01-01T03:40:56.109+0000] {dag.py:3089} INFO - Sync 1 DAGs
[2026-01-01T03:40:56.128+0000] {logging_mixin.py:188} INFO - [2026-01-01T03:40:56.127+0000] {dag.py:3947} INFO - Setting next_dagrun for copy_smoke_test to None, run_after=None
[2026-01-01T03:40:56.162+0000] {processor.py:183} INFO - Processing /opt/airflow/dags/Copy_smoke_pipeline.py took 0.154 seconds
[2026-01-01T03:41:26.651+0000] {processor.py:161} INFO - Started process (PID=7110) to work on /opt/airflow/dags/Copy_smoke_pipeline.py
[2026-01-01T03:41:26.652+0000] {processor.py:830} INFO - Processing file /opt/airflow/dags/Copy_smoke_pipeline.py for tasks to queue
[2026-01-01T03:41:26.654+0000] {logging_mixin.py:188} INFO - [2026-01-01T03:41:26.654+0000] {dagbag.py:545} INFO - Filling up the DagBag from /opt/airflow/dags/Copy_smoke_pipeline.py
[2026-01-01T03:41:26.688+0000] {processor.py:840} INFO - DAG(s) 'copy_smoke_test' retrieved from /opt/airflow/dags/Copy_smoke_pipeline.py
[2026-01-01T03:41:26.743+0000] {logging_mixin.py:188} INFO - [2026-01-01T03:41:26.742+0000] {dag.py:3089} INFO - Sync 1 DAGs
[2026-01-01T03:41:26.760+0000] {logging_mixin.py:188} INFO - [2026-01-01T03:41:26.760+0000] {dag.py:3947} INFO - Setting next_dagrun for copy_smoke_test to None, run_after=None
[2026-01-01T03:41:26.794+0000] {processor.py:183} INFO - Processing /opt/airflow/dags/Copy_smoke_pipeline.py took 0.154 seconds
[2026-01-01T03:41:57.661+0000] {processor.py:161} INFO - Started process (PID=7135) to work on /opt/airflow/dags/Copy_smoke_pipeline.py
[2026-01-01T03:41:57.664+0000] {processor.py:830} INFO - Processing file /opt/airflow/dags/Copy_smoke_pipeline.py for tasks to queue
[2026-01-01T03:41:57.667+0000] {logging_mixin.py:188} INFO - [2026-01-01T03:41:57.666+0000] {dagbag.py:545} INFO - Filling up the DagBag from /opt/airflow/dags/Copy_smoke_pipeline.py
[2026-01-01T03:41:57.722+0000] {processor.py:840} INFO - DAG(s) 'copy_smoke_test' retrieved from /opt/airflow/dags/Copy_smoke_pipeline.py
[2026-01-01T03:41:57.801+0000] {logging_mixin.py:188} INFO - [2026-01-01T03:41:57.801+0000] {dag.py:3089} INFO - Sync 1 DAGs
[2026-01-01T03:41:57.833+0000] {logging_mixin.py:188} INFO - [2026-01-01T03:41:57.832+0000] {dag.py:3947} INFO - Setting next_dagrun for copy_smoke_test to None, run_after=None
[2026-01-01T03:41:57.870+0000] {processor.py:183} INFO - Processing /opt/airflow/dags/Copy_smoke_pipeline.py took 0.234 seconds
[2026-01-01T03:42:28.379+0000] {processor.py:161} INFO - Started process (PID=7160) to work on /opt/airflow/dags/Copy_smoke_pipeline.py
[2026-01-01T03:42:28.381+0000] {processor.py:830} INFO - Processing file /opt/airflow/dags/Copy_smoke_pipeline.py for tasks to queue
[2026-01-01T03:42:28.382+0000] {logging_mixin.py:188} INFO - [2026-01-01T03:42:28.382+0000] {dagbag.py:545} INFO - Filling up the DagBag from /opt/airflow/dags/Copy_smoke_pipeline.py
[2026-01-01T03:42:28.412+0000] {processor.py:840} INFO - DAG(s) 'copy_smoke_test' retrieved from /opt/airflow/dags/Copy_smoke_pipeline.py
[2026-01-01T03:42:28.483+0000] {logging_mixin.py:188} INFO - [2026-01-01T03:42:28.482+0000] {dag.py:3089} INFO - Sync 1 DAGs
[2026-01-01T03:42:28.502+0000] {logging_mixin.py:188} INFO - [2026-01-01T03:42:28.502+0000] {dag.py:3947} INFO - Setting next_dagrun for copy_smoke_test to None, run_after=None
[2026-01-01T03:42:28.541+0000] {processor.py:183} INFO - Processing /opt/airflow/dags/Copy_smoke_pipeline.py took 0.173 seconds
[2026-01-01T03:42:59.291+0000] {processor.py:161} INFO - Started process (PID=7185) to work on /opt/airflow/dags/Copy_smoke_pipeline.py
[2026-01-01T03:42:59.294+0000] {processor.py:830} INFO - Processing file /opt/airflow/dags/Copy_smoke_pipeline.py for tasks to queue
[2026-01-01T03:42:59.296+0000] {logging_mixin.py:188} INFO - [2026-01-01T03:42:59.296+0000] {dagbag.py:545} INFO - Filling up the DagBag from /opt/airflow/dags/Copy_smoke_pipeline.py
[2026-01-01T03:42:59.330+0000] {processor.py:840} INFO - DAG(s) 'copy_smoke_test' retrieved from /opt/airflow/dags/Copy_smoke_pipeline.py
[2026-01-01T03:42:59.422+0000] {logging_mixin.py:188} INFO - [2026-01-01T03:42:59.422+0000] {dag.py:3089} INFO - Sync 1 DAGs
[2026-01-01T03:42:59.469+0000] {logging_mixin.py:188} INFO - [2026-01-01T03:42:59.469+0000] {dag.py:3947} INFO - Setting next_dagrun for copy_smoke_test to None, run_after=None
[2026-01-01T03:42:59.529+0000] {processor.py:183} INFO - Processing /opt/airflow/dags/Copy_smoke_pipeline.py took 0.258 seconds
[2026-01-01T03:43:30.006+0000] {processor.py:161} INFO - Started process (PID=7210) to work on /opt/airflow/dags/Copy_smoke_pipeline.py
[2026-01-01T03:43:30.009+0000] {processor.py:830} INFO - Processing file /opt/airflow/dags/Copy_smoke_pipeline.py for tasks to queue
[2026-01-01T03:43:30.010+0000] {logging_mixin.py:188} INFO - [2026-01-01T03:43:30.010+0000] {dagbag.py:545} INFO - Filling up the DagBag from /opt/airflow/dags/Copy_smoke_pipeline.py
[2026-01-01T03:43:30.040+0000] {processor.py:840} INFO - DAG(s) 'copy_smoke_test' retrieved from /opt/airflow/dags/Copy_smoke_pipeline.py
[2026-01-01T03:43:30.112+0000] {logging_mixin.py:188} INFO - [2026-01-01T03:43:30.111+0000] {dag.py:3089} INFO - Sync 1 DAGs
[2026-01-01T03:43:30.159+0000] {logging_mixin.py:188} INFO - [2026-01-01T03:43:30.159+0000] {dag.py:3947} INFO - Setting next_dagrun for copy_smoke_test to None, run_after=None
[2026-01-01T03:43:30.192+0000] {processor.py:183} INFO - Processing /opt/airflow/dags/Copy_smoke_pipeline.py took 0.200 seconds
[2026-01-01T03:44:00.644+0000] {processor.py:161} INFO - Started process (PID=7235) to work on /opt/airflow/dags/Copy_smoke_pipeline.py
[2026-01-01T03:44:00.646+0000] {processor.py:830} INFO - Processing file /opt/airflow/dags/Copy_smoke_pipeline.py for tasks to queue
[2026-01-01T03:44:00.648+0000] {logging_mixin.py:188} INFO - [2026-01-01T03:44:00.647+0000] {dagbag.py:545} INFO - Filling up the DagBag from /opt/airflow/dags/Copy_smoke_pipeline.py
[2026-01-01T03:44:00.681+0000] {processor.py:840} INFO - DAG(s) 'copy_smoke_test' retrieved from /opt/airflow/dags/Copy_smoke_pipeline.py
[2026-01-01T03:44:00.723+0000] {logging_mixin.py:188} INFO - [2026-01-01T03:44:00.722+0000] {dag.py:3089} INFO - Sync 1 DAGs
[2026-01-01T03:44:00.758+0000] {logging_mixin.py:188} INFO - [2026-01-01T03:44:00.758+0000] {dag.py:3947} INFO - Setting next_dagrun for copy_smoke_test to None, run_after=None
[2026-01-01T03:44:00.797+0000] {processor.py:183} INFO - Processing /opt/airflow/dags/Copy_smoke_pipeline.py took 0.164 seconds
[2026-01-01T03:44:31.284+0000] {processor.py:161} INFO - Started process (PID=7260) to work on /opt/airflow/dags/Copy_smoke_pipeline.py
[2026-01-01T03:44:31.286+0000] {processor.py:830} INFO - Processing file /opt/airflow/dags/Copy_smoke_pipeline.py for tasks to queue
[2026-01-01T03:44:31.287+0000] {logging_mixin.py:188} INFO - [2026-01-01T03:44:31.287+0000] {dagbag.py:545} INFO - Filling up the DagBag from /opt/airflow/dags/Copy_smoke_pipeline.py
[2026-01-01T03:44:31.315+0000] {processor.py:840} INFO - DAG(s) 'copy_smoke_test' retrieved from /opt/airflow/dags/Copy_smoke_pipeline.py
[2026-01-01T03:44:31.369+0000] {logging_mixin.py:188} INFO - [2026-01-01T03:44:31.369+0000] {dag.py:3089} INFO - Sync 1 DAGs
[2026-01-01T03:44:31.387+0000] {logging_mixin.py:188} INFO - [2026-01-01T03:44:31.387+0000] {dag.py:3947} INFO - Setting next_dagrun for copy_smoke_test to None, run_after=None
[2026-01-01T03:44:31.425+0000] {processor.py:183} INFO - Processing /opt/airflow/dags/Copy_smoke_pipeline.py took 0.152 seconds
[2026-01-01T03:45:02.034+0000] {processor.py:161} INFO - Started process (PID=7285) to work on /opt/airflow/dags/Copy_smoke_pipeline.py
[2026-01-01T03:45:02.036+0000] {processor.py:830} INFO - Processing file /opt/airflow/dags/Copy_smoke_pipeline.py for tasks to queue
[2026-01-01T03:45:02.038+0000] {logging_mixin.py:188} INFO - [2026-01-01T03:45:02.037+0000] {dagbag.py:545} INFO - Filling up the DagBag from /opt/airflow/dags/Copy_smoke_pipeline.py
[2026-01-01T03:45:02.068+0000] {processor.py:840} INFO - DAG(s) 'copy_smoke_test' retrieved from /opt/airflow/dags/Copy_smoke_pipeline.py
[2026-01-01T03:45:02.123+0000] {logging_mixin.py:188} INFO - [2026-01-01T03:45:02.123+0000] {dag.py:3089} INFO - Sync 1 DAGs
[2026-01-01T03:45:02.147+0000] {logging_mixin.py:188} INFO - [2026-01-01T03:45:02.146+0000] {dag.py:3947} INFO - Setting next_dagrun for copy_smoke_test to None, run_after=None
[2026-01-01T03:45:02.182+0000] {processor.py:183} INFO - Processing /opt/airflow/dags/Copy_smoke_pipeline.py took 0.164 seconds
[2026-01-01T03:45:32.621+0000] {processor.py:161} INFO - Started process (PID=7310) to work on /opt/airflow/dags/Copy_smoke_pipeline.py
[2026-01-01T03:45:32.622+0000] {processor.py:830} INFO - Processing file /opt/airflow/dags/Copy_smoke_pipeline.py for tasks to queue
[2026-01-01T03:45:32.623+0000] {logging_mixin.py:188} INFO - [2026-01-01T03:45:32.623+0000] {dagbag.py:545} INFO - Filling up the DagBag from /opt/airflow/dags/Copy_smoke_pipeline.py
[2026-01-01T03:45:32.648+0000] {processor.py:840} INFO - DAG(s) 'copy_smoke_test' retrieved from /opt/airflow/dags/Copy_smoke_pipeline.py
[2026-01-01T03:45:32.691+0000] {logging_mixin.py:188} INFO - [2026-01-01T03:45:32.691+0000] {dag.py:3089} INFO - Sync 1 DAGs
[2026-01-01T03:45:32.705+0000] {logging_mixin.py:188} INFO - [2026-01-01T03:45:32.705+0000] {dag.py:3947} INFO - Setting next_dagrun for copy_smoke_test to None, run_after=None
[2026-01-01T03:45:32.731+0000] {processor.py:183} INFO - Processing /opt/airflow/dags/Copy_smoke_pipeline.py took 0.119 seconds
[2026-01-01T03:46:03.344+0000] {processor.py:161} INFO - Started process (PID=7335) to work on /opt/airflow/dags/Copy_smoke_pipeline.py
[2026-01-01T03:46:03.346+0000] {processor.py:830} INFO - Processing file /opt/airflow/dags/Copy_smoke_pipeline.py for tasks to queue
[2026-01-01T03:46:03.348+0000] {logging_mixin.py:188} INFO - [2026-01-01T03:46:03.347+0000] {dagbag.py:545} INFO - Filling up the DagBag from /opt/airflow/dags/Copy_smoke_pipeline.py
[2026-01-01T03:46:03.377+0000] {processor.py:840} INFO - DAG(s) 'copy_smoke_test' retrieved from /opt/airflow/dags/Copy_smoke_pipeline.py
[2026-01-01T03:46:03.456+0000] {logging_mixin.py:188} INFO - [2026-01-01T03:46:03.456+0000] {dag.py:3089} INFO - Sync 1 DAGs
[2026-01-01T03:46:03.486+0000] {logging_mixin.py:188} INFO - [2026-01-01T03:46:03.485+0000] {dag.py:3947} INFO - Setting next_dagrun for copy_smoke_test to None, run_after=None
[2026-01-01T03:46:03.532+0000] {processor.py:183} INFO - Processing /opt/airflow/dags/Copy_smoke_pipeline.py took 0.206 seconds
[2026-01-01T03:46:33.929+0000] {processor.py:161} INFO - Started process (PID=7360) to work on /opt/airflow/dags/Copy_smoke_pipeline.py
[2026-01-01T03:46:33.931+0000] {processor.py:830} INFO - Processing file /opt/airflow/dags/Copy_smoke_pipeline.py for tasks to queue
[2026-01-01T03:46:33.933+0000] {logging_mixin.py:188} INFO - [2026-01-01T03:46:33.932+0000] {dagbag.py:545} INFO - Filling up the DagBag from /opt/airflow/dags/Copy_smoke_pipeline.py
[2026-01-01T03:46:33.964+0000] {processor.py:840} INFO - DAG(s) 'copy_smoke_test' retrieved from /opt/airflow/dags/Copy_smoke_pipeline.py
[2026-01-01T03:46:34.020+0000] {logging_mixin.py:188} INFO - [2026-01-01T03:46:34.020+0000] {dag.py:3089} INFO - Sync 1 DAGs
[2026-01-01T03:46:34.076+0000] {logging_mixin.py:188} INFO - [2026-01-01T03:46:34.075+0000] {dag.py:3947} INFO - Setting next_dagrun for copy_smoke_test to None, run_after=None
[2026-01-01T03:46:34.105+0000] {processor.py:183} INFO - Processing /opt/airflow/dags/Copy_smoke_pipeline.py took 0.188 seconds
[2026-01-01T03:47:04.753+0000] {processor.py:161} INFO - Started process (PID=7385) to work on /opt/airflow/dags/Copy_smoke_pipeline.py
[2026-01-01T03:47:04.755+0000] {processor.py:830} INFO - Processing file /opt/airflow/dags/Copy_smoke_pipeline.py for tasks to queue
[2026-01-01T03:47:04.756+0000] {logging_mixin.py:188} INFO - [2026-01-01T03:47:04.755+0000] {dagbag.py:545} INFO - Filling up the DagBag from /opt/airflow/dags/Copy_smoke_pipeline.py
[2026-01-01T03:47:04.787+0000] {processor.py:840} INFO - DAG(s) 'copy_smoke_test' retrieved from /opt/airflow/dags/Copy_smoke_pipeline.py
[2026-01-01T03:47:04.845+0000] {logging_mixin.py:188} INFO - [2026-01-01T03:47:04.845+0000] {dag.py:3089} INFO - Sync 1 DAGs
[2026-01-01T03:47:04.862+0000] {logging_mixin.py:188} INFO - [2026-01-01T03:47:04.861+0000] {dag.py:3947} INFO - Setting next_dagrun for copy_smoke_test to None, run_after=None
[2026-01-01T03:47:04.888+0000] {processor.py:183} INFO - Processing /opt/airflow/dags/Copy_smoke_pipeline.py took 0.144 seconds
[2026-01-01T03:47:35.604+0000] {processor.py:161} INFO - Started process (PID=7410) to work on /opt/airflow/dags/Copy_smoke_pipeline.py
[2026-01-01T03:47:35.606+0000] {processor.py:830} INFO - Processing file /opt/airflow/dags/Copy_smoke_pipeline.py for tasks to queue
[2026-01-01T03:47:35.608+0000] {logging_mixin.py:188} INFO - [2026-01-01T03:47:35.607+0000] {dagbag.py:545} INFO - Filling up the DagBag from /opt/airflow/dags/Copy_smoke_pipeline.py
[2026-01-01T03:47:35.636+0000] {processor.py:840} INFO - DAG(s) 'copy_smoke_test' retrieved from /opt/airflow/dags/Copy_smoke_pipeline.py
[2026-01-01T03:47:35.693+0000] {logging_mixin.py:188} INFO - [2026-01-01T03:47:35.693+0000] {dag.py:3089} INFO - Sync 1 DAGs
[2026-01-01T03:47:35.716+0000] {logging_mixin.py:188} INFO - [2026-01-01T03:47:35.715+0000] {dag.py:3947} INFO - Setting next_dagrun for copy_smoke_test to None, run_after=None
[2026-01-01T03:47:35.776+0000] {processor.py:183} INFO - Processing /opt/airflow/dags/Copy_smoke_pipeline.py took 0.182 seconds
[2026-01-01T03:48:06.741+0000] {processor.py:161} INFO - Started process (PID=7435) to work on /opt/airflow/dags/Copy_smoke_pipeline.py
[2026-01-01T03:48:06.744+0000] {processor.py:830} INFO - Processing file /opt/airflow/dags/Copy_smoke_pipeline.py for tasks to queue
[2026-01-01T03:48:06.748+0000] {logging_mixin.py:188} INFO - [2026-01-01T03:48:06.746+0000] {dagbag.py:545} INFO - Filling up the DagBag from /opt/airflow/dags/Copy_smoke_pipeline.py
[2026-01-01T03:48:06.800+0000] {processor.py:840} INFO - DAG(s) 'copy_smoke_test' retrieved from /opt/airflow/dags/Copy_smoke_pipeline.py
[2026-01-01T03:48:06.886+0000] {logging_mixin.py:188} INFO - [2026-01-01T03:48:06.886+0000] {dag.py:3089} INFO - Sync 1 DAGs
[2026-01-01T03:48:06.907+0000] {logging_mixin.py:188} INFO - [2026-01-01T03:48:06.907+0000] {dag.py:3947} INFO - Setting next_dagrun for copy_smoke_test to None, run_after=None
[2026-01-01T03:48:06.939+0000] {processor.py:183} INFO - Processing /opt/airflow/dags/Copy_smoke_pipeline.py took 0.213 seconds
[2026-01-01T03:48:37.202+0000] {processor.py:161} INFO - Started process (PID=7462) to work on /opt/airflow/dags/Copy_smoke_pipeline.py
[2026-01-01T03:48:37.204+0000] {processor.py:830} INFO - Processing file /opt/airflow/dags/Copy_smoke_pipeline.py for tasks to queue
[2026-01-01T03:48:37.205+0000] {logging_mixin.py:188} INFO - [2026-01-01T03:48:37.205+0000] {dagbag.py:545} INFO - Filling up the DagBag from /opt/airflow/dags/Copy_smoke_pipeline.py
[2026-01-01T03:48:37.233+0000] {processor.py:840} INFO - DAG(s) 'copy_smoke_test' retrieved from /opt/airflow/dags/Copy_smoke_pipeline.py
[2026-01-01T03:48:37.287+0000] {logging_mixin.py:188} INFO - [2026-01-01T03:48:37.287+0000] {dag.py:3089} INFO - Sync 1 DAGs
[2026-01-01T03:48:37.308+0000] {logging_mixin.py:188} INFO - [2026-01-01T03:48:37.308+0000] {dag.py:3947} INFO - Setting next_dagrun for copy_smoke_test to None, run_after=None
[2026-01-01T03:48:37.355+0000] {processor.py:183} INFO - Processing /opt/airflow/dags/Copy_smoke_pipeline.py took 0.164 seconds
[2026-01-01T03:49:07.469+0000] {processor.py:161} INFO - Started process (PID=7487) to work on /opt/airflow/dags/Copy_smoke_pipeline.py
[2026-01-01T03:49:07.471+0000] {processor.py:830} INFO - Processing file /opt/airflow/dags/Copy_smoke_pipeline.py for tasks to queue
[2026-01-01T03:49:07.472+0000] {logging_mixin.py:188} INFO - [2026-01-01T03:49:07.471+0000] {dagbag.py:545} INFO - Filling up the DagBag from /opt/airflow/dags/Copy_smoke_pipeline.py
[2026-01-01T03:49:07.497+0000] {processor.py:840} INFO - DAG(s) 'copy_smoke_test' retrieved from /opt/airflow/dags/Copy_smoke_pipeline.py
[2026-01-01T03:49:07.560+0000] {logging_mixin.py:188} INFO - [2026-01-01T03:49:07.560+0000] {dag.py:3089} INFO - Sync 1 DAGs
[2026-01-01T03:49:07.600+0000] {logging_mixin.py:188} INFO - [2026-01-01T03:49:07.600+0000] {dag.py:3947} INFO - Setting next_dagrun for copy_smoke_test to None, run_after=None
[2026-01-01T03:49:07.647+0000] {processor.py:183} INFO - Processing /opt/airflow/dags/Copy_smoke_pipeline.py took 0.186 seconds
[2026-01-01T03:49:37.969+0000] {processor.py:161} INFO - Started process (PID=7512) to work on /opt/airflow/dags/Copy_smoke_pipeline.py
[2026-01-01T03:49:37.981+0000] {processor.py:830} INFO - Processing file /opt/airflow/dags/Copy_smoke_pipeline.py for tasks to queue
[2026-01-01T03:49:37.987+0000] {logging_mixin.py:188} INFO - [2026-01-01T03:49:37.986+0000] {dagbag.py:545} INFO - Filling up the DagBag from /opt/airflow/dags/Copy_smoke_pipeline.py
[2026-01-01T03:49:38.132+0000] {processor.py:840} INFO - DAG(s) 'copy_smoke_test' retrieved from /opt/airflow/dags/Copy_smoke_pipeline.py
[2026-01-01T03:49:38.256+0000] {logging_mixin.py:188} INFO - [2026-01-01T03:49:38.256+0000] {dag.py:3089} INFO - Sync 1 DAGs
[2026-01-01T03:49:38.308+0000] {logging_mixin.py:188} INFO - [2026-01-01T03:49:38.307+0000] {dag.py:3947} INFO - Setting next_dagrun for copy_smoke_test to None, run_after=None
[2026-01-01T03:49:38.373+0000] {processor.py:183} INFO - Processing /opt/airflow/dags/Copy_smoke_pipeline.py took 0.428 seconds
[2026-01-01T03:50:09.107+0000] {processor.py:161} INFO - Started process (PID=7537) to work on /opt/airflow/dags/Copy_smoke_pipeline.py
[2026-01-01T03:50:09.110+0000] {processor.py:830} INFO - Processing file /opt/airflow/dags/Copy_smoke_pipeline.py for tasks to queue
[2026-01-01T03:50:09.112+0000] {logging_mixin.py:188} INFO - [2026-01-01T03:50:09.111+0000] {dagbag.py:545} INFO - Filling up the DagBag from /opt/airflow/dags/Copy_smoke_pipeline.py
[2026-01-01T03:50:09.144+0000] {processor.py:840} INFO - DAG(s) 'copy_smoke_test' retrieved from /opt/airflow/dags/Copy_smoke_pipeline.py
[2026-01-01T03:50:09.201+0000] {logging_mixin.py:188} INFO - [2026-01-01T03:50:09.201+0000] {dag.py:3089} INFO - Sync 1 DAGs
[2026-01-01T03:50:09.219+0000] {logging_mixin.py:188} INFO - [2026-01-01T03:50:09.218+0000] {dag.py:3947} INFO - Setting next_dagrun for copy_smoke_test to None, run_after=None
[2026-01-01T03:50:09.243+0000] {processor.py:183} INFO - Processing /opt/airflow/dags/Copy_smoke_pipeline.py took 0.149 seconds
[2026-01-01T03:50:39.353+0000] {processor.py:161} INFO - Started process (PID=7562) to work on /opt/airflow/dags/Copy_smoke_pipeline.py
[2026-01-01T03:50:39.355+0000] {processor.py:830} INFO - Processing file /opt/airflow/dags/Copy_smoke_pipeline.py for tasks to queue
[2026-01-01T03:50:39.356+0000] {logging_mixin.py:188} INFO - [2026-01-01T03:50:39.356+0000] {dagbag.py:545} INFO - Filling up the DagBag from /opt/airflow/dags/Copy_smoke_pipeline.py
[2026-01-01T03:50:39.383+0000] {processor.py:840} INFO - DAG(s) 'copy_smoke_test' retrieved from /opt/airflow/dags/Copy_smoke_pipeline.py
[2026-01-01T03:50:39.427+0000] {logging_mixin.py:188} INFO - [2026-01-01T03:50:39.426+0000] {dag.py:3089} INFO - Sync 1 DAGs
[2026-01-01T03:50:39.456+0000] {logging_mixin.py:188} INFO - [2026-01-01T03:50:39.456+0000] {dag.py:3947} INFO - Setting next_dagrun for copy_smoke_test to None, run_after=None
[2026-01-01T03:50:39.491+0000] {processor.py:183} INFO - Processing /opt/airflow/dags/Copy_smoke_pipeline.py took 0.150 seconds
[2026-01-01T03:51:10.334+0000] {processor.py:161} INFO - Started process (PID=7587) to work on /opt/airflow/dags/Copy_smoke_pipeline.py
[2026-01-01T03:51:10.336+0000] {processor.py:830} INFO - Processing file /opt/airflow/dags/Copy_smoke_pipeline.py for tasks to queue
[2026-01-01T03:51:10.337+0000] {logging_mixin.py:188} INFO - [2026-01-01T03:51:10.337+0000] {dagbag.py:545} INFO - Filling up the DagBag from /opt/airflow/dags/Copy_smoke_pipeline.py
[2026-01-01T03:51:10.365+0000] {processor.py:840} INFO - DAG(s) 'copy_smoke_test' retrieved from /opt/airflow/dags/Copy_smoke_pipeline.py
[2026-01-01T03:51:10.419+0000] {logging_mixin.py:188} INFO - [2026-01-01T03:51:10.419+0000] {dag.py:3089} INFO - Sync 1 DAGs
[2026-01-01T03:51:10.437+0000] {logging_mixin.py:188} INFO - [2026-01-01T03:51:10.437+0000] {dag.py:3947} INFO - Setting next_dagrun for copy_smoke_test to None, run_after=None
[2026-01-01T03:51:10.471+0000] {processor.py:183} INFO - Processing /opt/airflow/dags/Copy_smoke_pipeline.py took 0.149 seconds
[2026-01-01T03:51:41.271+0000] {processor.py:161} INFO - Started process (PID=7612) to work on /opt/airflow/dags/Copy_smoke_pipeline.py
[2026-01-01T03:51:41.272+0000] {processor.py:830} INFO - Processing file /opt/airflow/dags/Copy_smoke_pipeline.py for tasks to queue
[2026-01-01T03:51:41.274+0000] {logging_mixin.py:188} INFO - [2026-01-01T03:51:41.273+0000] {dagbag.py:545} INFO - Filling up the DagBag from /opt/airflow/dags/Copy_smoke_pipeline.py
[2026-01-01T03:51:41.301+0000] {processor.py:840} INFO - DAG(s) 'copy_smoke_test' retrieved from /opt/airflow/dags/Copy_smoke_pipeline.py
[2026-01-01T03:51:41.366+0000] {logging_mixin.py:188} INFO - [2026-01-01T03:51:41.365+0000] {dag.py:3089} INFO - Sync 1 DAGs
[2026-01-01T03:51:41.391+0000] {logging_mixin.py:188} INFO - [2026-01-01T03:51:41.390+0000] {dag.py:3947} INFO - Setting next_dagrun for copy_smoke_test to None, run_after=None
[2026-01-01T03:51:41.435+0000] {processor.py:183} INFO - Processing /opt/airflow/dags/Copy_smoke_pipeline.py took 0.176 seconds
[2026-01-01T03:52:12.215+0000] {processor.py:161} INFO - Started process (PID=7637) to work on /opt/airflow/dags/Copy_smoke_pipeline.py
[2026-01-01T03:52:12.217+0000] {processor.py:830} INFO - Processing file /opt/airflow/dags/Copy_smoke_pipeline.py for tasks to queue
[2026-01-01T03:52:12.219+0000] {logging_mixin.py:188} INFO - [2026-01-01T03:52:12.219+0000] {dagbag.py:545} INFO - Filling up the DagBag from /opt/airflow/dags/Copy_smoke_pipeline.py
[2026-01-01T03:52:12.255+0000] {processor.py:840} INFO - DAG(s) 'copy_smoke_test' retrieved from /opt/airflow/dags/Copy_smoke_pipeline.py
[2026-01-01T03:52:12.310+0000] {logging_mixin.py:188} INFO - [2026-01-01T03:52:12.310+0000] {dag.py:3089} INFO - Sync 1 DAGs
[2026-01-01T03:52:12.333+0000] {logging_mixin.py:188} INFO - [2026-01-01T03:52:12.333+0000] {dag.py:3947} INFO - Setting next_dagrun for copy_smoke_test to None, run_after=None
[2026-01-01T03:52:12.377+0000] {processor.py:183} INFO - Processing /opt/airflow/dags/Copy_smoke_pipeline.py took 0.171 seconds
[2026-01-01T03:52:43.084+0000] {processor.py:161} INFO - Started process (PID=7662) to work on /opt/airflow/dags/Copy_smoke_pipeline.py
[2026-01-01T03:52:43.086+0000] {processor.py:830} INFO - Processing file /opt/airflow/dags/Copy_smoke_pipeline.py for tasks to queue
[2026-01-01T03:52:43.088+0000] {logging_mixin.py:188} INFO - [2026-01-01T03:52:43.087+0000] {dagbag.py:545} INFO - Filling up the DagBag from /opt/airflow/dags/Copy_smoke_pipeline.py
[2026-01-01T03:52:43.118+0000] {processor.py:840} INFO - DAG(s) 'copy_smoke_test' retrieved from /opt/airflow/dags/Copy_smoke_pipeline.py
[2026-01-01T03:52:43.163+0000] {logging_mixin.py:188} INFO - [2026-01-01T03:52:43.163+0000] {dag.py:3089} INFO - Sync 1 DAGs
[2026-01-01T03:52:43.178+0000] {logging_mixin.py:188} INFO - [2026-01-01T03:52:43.178+0000] {dag.py:3947} INFO - Setting next_dagrun for copy_smoke_test to None, run_after=None
[2026-01-01T03:52:43.203+0000] {processor.py:183} INFO - Processing /opt/airflow/dags/Copy_smoke_pipeline.py took 0.127 seconds
[2026-01-01T03:53:13.887+0000] {processor.py:161} INFO - Started process (PID=7687) to work on /opt/airflow/dags/Copy_smoke_pipeline.py
[2026-01-01T03:53:13.889+0000] {processor.py:830} INFO - Processing file /opt/airflow/dags/Copy_smoke_pipeline.py for tasks to queue
[2026-01-01T03:53:13.890+0000] {logging_mixin.py:188} INFO - [2026-01-01T03:53:13.890+0000] {dagbag.py:545} INFO - Filling up the DagBag from /opt/airflow/dags/Copy_smoke_pipeline.py
[2026-01-01T03:53:13.912+0000] {processor.py:840} INFO - DAG(s) 'copy_smoke_test' retrieved from /opt/airflow/dags/Copy_smoke_pipeline.py
[2026-01-01T03:53:13.963+0000] {logging_mixin.py:188} INFO - [2026-01-01T03:53:13.963+0000] {dag.py:3089} INFO - Sync 1 DAGs
[2026-01-01T03:53:13.977+0000] {logging_mixin.py:188} INFO - [2026-01-01T03:53:13.977+0000] {dag.py:3947} INFO - Setting next_dagrun for copy_smoke_test to None, run_after=None
[2026-01-01T03:53:14.003+0000] {processor.py:183} INFO - Processing /opt/airflow/dags/Copy_smoke_pipeline.py took 0.124 seconds
[2026-01-01T03:53:44.803+0000] {processor.py:161} INFO - Started process (PID=7712) to work on /opt/airflow/dags/Copy_smoke_pipeline.py
[2026-01-01T03:53:44.805+0000] {processor.py:830} INFO - Processing file /opt/airflow/dags/Copy_smoke_pipeline.py for tasks to queue
[2026-01-01T03:53:44.806+0000] {logging_mixin.py:188} INFO - [2026-01-01T03:53:44.806+0000] {dagbag.py:545} INFO - Filling up the DagBag from /opt/airflow/dags/Copy_smoke_pipeline.py
[2026-01-01T03:53:44.833+0000] {processor.py:840} INFO - DAG(s) 'copy_smoke_test' retrieved from /opt/airflow/dags/Copy_smoke_pipeline.py
[2026-01-01T03:53:44.879+0000] {logging_mixin.py:188} INFO - [2026-01-01T03:53:44.878+0000] {dag.py:3089} INFO - Sync 1 DAGs
[2026-01-01T03:53:44.895+0000] {logging_mixin.py:188} INFO - [2026-01-01T03:53:44.894+0000] {dag.py:3947} INFO - Setting next_dagrun for copy_smoke_test to None, run_after=None
[2026-01-01T03:53:44.923+0000] {processor.py:183} INFO - Processing /opt/airflow/dags/Copy_smoke_pipeline.py took 0.130 seconds
[2026-01-01T03:54:15.696+0000] {processor.py:161} INFO - Started process (PID=7737) to work on /opt/airflow/dags/Copy_smoke_pipeline.py
[2026-01-01T03:54:15.698+0000] {processor.py:830} INFO - Processing file /opt/airflow/dags/Copy_smoke_pipeline.py for tasks to queue
[2026-01-01T03:54:15.699+0000] {logging_mixin.py:188} INFO - [2026-01-01T03:54:15.699+0000] {dagbag.py:545} INFO - Filling up the DagBag from /opt/airflow/dags/Copy_smoke_pipeline.py
[2026-01-01T03:54:15.755+0000] {processor.py:840} INFO - DAG(s) 'copy_smoke_test' retrieved from /opt/airflow/dags/Copy_smoke_pipeline.py
[2026-01-01T03:54:15.800+0000] {logging_mixin.py:188} INFO - [2026-01-01T03:54:15.799+0000] {dag.py:3089} INFO - Sync 1 DAGs
[2026-01-01T03:54:15.816+0000] {logging_mixin.py:188} INFO - [2026-01-01T03:54:15.816+0000] {dag.py:3947} INFO - Setting next_dagrun for copy_smoke_test to None, run_after=None
[2026-01-01T03:54:15.840+0000] {processor.py:183} INFO - Processing /opt/airflow/dags/Copy_smoke_pipeline.py took 0.156 seconds
[2026-01-01T03:54:46.415+0000] {processor.py:161} INFO - Started process (PID=7762) to work on /opt/airflow/dags/Copy_smoke_pipeline.py
[2026-01-01T03:54:46.417+0000] {processor.py:830} INFO - Processing file /opt/airflow/dags/Copy_smoke_pipeline.py for tasks to queue
[2026-01-01T03:54:46.418+0000] {logging_mixin.py:188} INFO - [2026-01-01T03:54:46.418+0000] {dagbag.py:545} INFO - Filling up the DagBag from /opt/airflow/dags/Copy_smoke_pipeline.py
[2026-01-01T03:54:46.455+0000] {processor.py:840} INFO - DAG(s) 'copy_smoke_test' retrieved from /opt/airflow/dags/Copy_smoke_pipeline.py
[2026-01-01T03:54:46.529+0000] {logging_mixin.py:188} INFO - [2026-01-01T03:54:46.528+0000] {dag.py:3089} INFO - Sync 1 DAGs
[2026-01-01T03:54:46.566+0000] {logging_mixin.py:188} INFO - [2026-01-01T03:54:46.565+0000] {dag.py:3947} INFO - Setting next_dagrun for copy_smoke_test to None, run_after=None
[2026-01-01T03:54:46.613+0000] {processor.py:183} INFO - Processing /opt/airflow/dags/Copy_smoke_pipeline.py took 0.207 seconds
[2026-01-01T03:55:17.211+0000] {processor.py:161} INFO - Started process (PID=7787) to work on /opt/airflow/dags/Copy_smoke_pipeline.py
[2026-01-01T03:55:17.213+0000] {processor.py:830} INFO - Processing file /opt/airflow/dags/Copy_smoke_pipeline.py for tasks to queue
[2026-01-01T03:55:17.216+0000] {logging_mixin.py:188} INFO - [2026-01-01T03:55:17.215+0000] {dagbag.py:545} INFO - Filling up the DagBag from /opt/airflow/dags/Copy_smoke_pipeline.py
[2026-01-01T03:55:17.240+0000] {processor.py:840} INFO - DAG(s) 'copy_smoke_test' retrieved from /opt/airflow/dags/Copy_smoke_pipeline.py
[2026-01-01T03:55:17.282+0000] {logging_mixin.py:188} INFO - [2026-01-01T03:55:17.281+0000] {dag.py:3089} INFO - Sync 1 DAGs
[2026-01-01T03:55:17.296+0000] {logging_mixin.py:188} INFO - [2026-01-01T03:55:17.296+0000] {dag.py:3947} INFO - Setting next_dagrun for copy_smoke_test to None, run_after=None
[2026-01-01T03:55:17.320+0000] {processor.py:183} INFO - Processing /opt/airflow/dags/Copy_smoke_pipeline.py took 0.117 seconds
[2026-01-01T03:55:47.990+0000] {processor.py:161} INFO - Started process (PID=7812) to work on /opt/airflow/dags/Copy_smoke_pipeline.py
[2026-01-01T03:55:47.991+0000] {processor.py:830} INFO - Processing file /opt/airflow/dags/Copy_smoke_pipeline.py for tasks to queue
[2026-01-01T03:55:47.993+0000] {logging_mixin.py:188} INFO - [2026-01-01T03:55:47.992+0000] {dagbag.py:545} INFO - Filling up the DagBag from /opt/airflow/dags/Copy_smoke_pipeline.py
[2026-01-01T03:55:48.022+0000] {processor.py:840} INFO - DAG(s) 'copy_smoke_test' retrieved from /opt/airflow/dags/Copy_smoke_pipeline.py
[2026-01-01T03:55:48.063+0000] {logging_mixin.py:188} INFO - [2026-01-01T03:55:48.063+0000] {dag.py:3089} INFO - Sync 1 DAGs
[2026-01-01T03:55:48.080+0000] {logging_mixin.py:188} INFO - [2026-01-01T03:55:48.079+0000] {dag.py:3947} INFO - Setting next_dagrun for copy_smoke_test to None, run_after=None
[2026-01-01T03:55:48.111+0000] {processor.py:183} INFO - Processing /opt/airflow/dags/Copy_smoke_pipeline.py took 0.128 seconds
[2026-01-01T03:56:18.747+0000] {processor.py:161} INFO - Started process (PID=7837) to work on /opt/airflow/dags/Copy_smoke_pipeline.py
[2026-01-01T03:56:18.748+0000] {processor.py:830} INFO - Processing file /opt/airflow/dags/Copy_smoke_pipeline.py for tasks to queue
[2026-01-01T03:56:18.752+0000] {logging_mixin.py:188} INFO - [2026-01-01T03:56:18.750+0000] {dagbag.py:545} INFO - Filling up the DagBag from /opt/airflow/dags/Copy_smoke_pipeline.py
[2026-01-01T03:56:18.834+0000] {processor.py:840} INFO - DAG(s) 'copy_smoke_test' retrieved from /opt/airflow/dags/Copy_smoke_pipeline.py
[2026-01-01T03:56:18.900+0000] {logging_mixin.py:188} INFO - [2026-01-01T03:56:18.900+0000] {dag.py:3089} INFO - Sync 1 DAGs
[2026-01-01T03:56:18.925+0000] {logging_mixin.py:188} INFO - [2026-01-01T03:56:18.925+0000] {dag.py:3947} INFO - Setting next_dagrun for copy_smoke_test to None, run_after=None
[2026-01-01T03:56:18.966+0000] {processor.py:183} INFO - Processing /opt/airflow/dags/Copy_smoke_pipeline.py took 0.231 seconds
[2026-01-01T03:56:49.544+0000] {processor.py:161} INFO - Started process (PID=7862) to work on /opt/airflow/dags/Copy_smoke_pipeline.py
[2026-01-01T03:56:49.546+0000] {processor.py:830} INFO - Processing file /opt/airflow/dags/Copy_smoke_pipeline.py for tasks to queue
[2026-01-01T03:56:49.549+0000] {logging_mixin.py:188} INFO - [2026-01-01T03:56:49.548+0000] {dagbag.py:545} INFO - Filling up the DagBag from /opt/airflow/dags/Copy_smoke_pipeline.py
[2026-01-01T03:56:49.575+0000] {processor.py:840} INFO - DAG(s) 'copy_smoke_test' retrieved from /opt/airflow/dags/Copy_smoke_pipeline.py
[2026-01-01T03:56:49.637+0000] {logging_mixin.py:188} INFO - [2026-01-01T03:56:49.636+0000] {dag.py:3089} INFO - Sync 1 DAGs
[2026-01-01T03:56:49.663+0000] {logging_mixin.py:188} INFO - [2026-01-01T03:56:49.663+0000] {dag.py:3947} INFO - Setting next_dagrun for copy_smoke_test to None, run_after=None
[2026-01-01T03:56:49.694+0000] {processor.py:183} INFO - Processing /opt/airflow/dags/Copy_smoke_pipeline.py took 0.159 seconds
[2026-01-01T03:57:20.281+0000] {processor.py:161} INFO - Started process (PID=7887) to work on /opt/airflow/dags/Copy_smoke_pipeline.py
[2026-01-01T03:57:20.284+0000] {processor.py:830} INFO - Processing file /opt/airflow/dags/Copy_smoke_pipeline.py for tasks to queue
[2026-01-01T03:57:20.286+0000] {logging_mixin.py:188} INFO - [2026-01-01T03:57:20.285+0000] {dagbag.py:545} INFO - Filling up the DagBag from /opt/airflow/dags/Copy_smoke_pipeline.py
[2026-01-01T03:57:20.328+0000] {processor.py:840} INFO - DAG(s) 'copy_smoke_test' retrieved from /opt/airflow/dags/Copy_smoke_pipeline.py
[2026-01-01T03:57:20.392+0000] {logging_mixin.py:188} INFO - [2026-01-01T03:57:20.391+0000] {dag.py:3089} INFO - Sync 1 DAGs
[2026-01-01T03:57:20.407+0000] {logging_mixin.py:188} INFO - [2026-01-01T03:57:20.407+0000] {dag.py:3947} INFO - Setting next_dagrun for copy_smoke_test to None, run_after=None
[2026-01-01T03:57:20.429+0000] {processor.py:183} INFO - Processing /opt/airflow/dags/Copy_smoke_pipeline.py took 0.160 seconds
[2026-01-01T03:57:51.027+0000] {processor.py:161} INFO - Started process (PID=7912) to work on /opt/airflow/dags/Copy_smoke_pipeline.py
[2026-01-01T03:57:51.029+0000] {processor.py:830} INFO - Processing file /opt/airflow/dags/Copy_smoke_pipeline.py for tasks to queue
[2026-01-01T03:57:51.031+0000] {logging_mixin.py:188} INFO - [2026-01-01T03:57:51.030+0000] {dagbag.py:545} INFO - Filling up the DagBag from /opt/airflow/dags/Copy_smoke_pipeline.py
[2026-01-01T03:57:51.065+0000] {processor.py:840} INFO - DAG(s) 'copy_smoke_test' retrieved from /opt/airflow/dags/Copy_smoke_pipeline.py
[2026-01-01T03:57:51.133+0000] {logging_mixin.py:188} INFO - [2026-01-01T03:57:51.132+0000] {dag.py:3089} INFO - Sync 1 DAGs
[2026-01-01T03:57:51.164+0000] {logging_mixin.py:188} INFO - [2026-01-01T03:57:51.164+0000] {dag.py:3947} INFO - Setting next_dagrun for copy_smoke_test to None, run_after=None
[2026-01-01T03:57:51.193+0000] {processor.py:183} INFO - Processing /opt/airflow/dags/Copy_smoke_pipeline.py took 0.180 seconds
[2026-01-01T03:58:21.739+0000] {processor.py:161} INFO - Started process (PID=7937) to work on /opt/airflow/dags/Copy_smoke_pipeline.py
[2026-01-01T03:58:21.740+0000] {processor.py:830} INFO - Processing file /opt/airflow/dags/Copy_smoke_pipeline.py for tasks to queue
[2026-01-01T03:58:21.742+0000] {logging_mixin.py:188} INFO - [2026-01-01T03:58:21.741+0000] {dagbag.py:545} INFO - Filling up the DagBag from /opt/airflow/dags/Copy_smoke_pipeline.py
[2026-01-01T03:58:21.765+0000] {processor.py:840} INFO - DAG(s) 'copy_smoke_test' retrieved from /opt/airflow/dags/Copy_smoke_pipeline.py
[2026-01-01T03:58:21.813+0000] {logging_mixin.py:188} INFO - [2026-01-01T03:58:21.813+0000] {dag.py:3089} INFO - Sync 1 DAGs
[2026-01-01T03:58:21.832+0000] {logging_mixin.py:188} INFO - [2026-01-01T03:58:21.832+0000] {dag.py:3947} INFO - Setting next_dagrun for copy_smoke_test to None, run_after=None
[2026-01-01T03:58:21.862+0000] {processor.py:183} INFO - Processing /opt/airflow/dags/Copy_smoke_pipeline.py took 0.132 seconds
[2026-01-01T03:58:52.104+0000] {processor.py:161} INFO - Started process (PID=7962) to work on /opt/airflow/dags/Copy_smoke_pipeline.py
[2026-01-01T03:58:52.107+0000] {processor.py:830} INFO - Processing file /opt/airflow/dags/Copy_smoke_pipeline.py for tasks to queue
[2026-01-01T03:58:52.109+0000] {logging_mixin.py:188} INFO - [2026-01-01T03:58:52.109+0000] {dagbag.py:545} INFO - Filling up the DagBag from /opt/airflow/dags/Copy_smoke_pipeline.py
[2026-01-01T03:58:52.139+0000] {processor.py:840} INFO - DAG(s) 'copy_smoke_test' retrieved from /opt/airflow/dags/Copy_smoke_pipeline.py
[2026-01-01T03:58:52.192+0000] {logging_mixin.py:188} INFO - [2026-01-01T03:58:52.192+0000] {dag.py:3089} INFO - Sync 1 DAGs
[2026-01-01T03:58:52.207+0000] {logging_mixin.py:188} INFO - [2026-01-01T03:58:52.207+0000] {dag.py:3947} INFO - Setting next_dagrun for copy_smoke_test to None, run_after=None
[2026-01-01T03:58:52.245+0000] {processor.py:183} INFO - Processing /opt/airflow/dags/Copy_smoke_pipeline.py took 0.158 seconds
[2026-01-01T03:59:22.886+0000] {processor.py:161} INFO - Started process (PID=7987) to work on /opt/airflow/dags/Copy_smoke_pipeline.py
[2026-01-01T03:59:22.887+0000] {processor.py:830} INFO - Processing file /opt/airflow/dags/Copy_smoke_pipeline.py for tasks to queue
[2026-01-01T03:59:22.889+0000] {logging_mixin.py:188} INFO - [2026-01-01T03:59:22.888+0000] {dagbag.py:545} INFO - Filling up the DagBag from /opt/airflow/dags/Copy_smoke_pipeline.py
[2026-01-01T03:59:22.915+0000] {processor.py:840} INFO - DAG(s) 'copy_smoke_test' retrieved from /opt/airflow/dags/Copy_smoke_pipeline.py
[2026-01-01T03:59:22.961+0000] {logging_mixin.py:188} INFO - [2026-01-01T03:59:22.961+0000] {dag.py:3089} INFO - Sync 1 DAGs
[2026-01-01T03:59:22.975+0000] {logging_mixin.py:188} INFO - [2026-01-01T03:59:22.975+0000] {dag.py:3947} INFO - Setting next_dagrun for copy_smoke_test to None, run_after=None
[2026-01-01T03:59:22.999+0000] {processor.py:183} INFO - Processing /opt/airflow/dags/Copy_smoke_pipeline.py took 0.123 seconds
[2026-01-01T03:59:53.638+0000] {processor.py:161} INFO - Started process (PID=8012) to work on /opt/airflow/dags/Copy_smoke_pipeline.py
[2026-01-01T03:59:53.640+0000] {processor.py:830} INFO - Processing file /opt/airflow/dags/Copy_smoke_pipeline.py for tasks to queue
[2026-01-01T03:59:53.641+0000] {logging_mixin.py:188} INFO - [2026-01-01T03:59:53.641+0000] {dagbag.py:545} INFO - Filling up the DagBag from /opt/airflow/dags/Copy_smoke_pipeline.py
[2026-01-01T03:59:53.676+0000] {processor.py:840} INFO - DAG(s) 'copy_smoke_test' retrieved from /opt/airflow/dags/Copy_smoke_pipeline.py
[2026-01-01T03:59:53.731+0000] {logging_mixin.py:188} INFO - [2026-01-01T03:59:53.731+0000] {dag.py:3089} INFO - Sync 1 DAGs
[2026-01-01T03:59:53.750+0000] {logging_mixin.py:188} INFO - [2026-01-01T03:59:53.749+0000] {dag.py:3947} INFO - Setting next_dagrun for copy_smoke_test to None, run_after=None
[2026-01-01T03:59:53.779+0000] {processor.py:183} INFO - Processing /opt/airflow/dags/Copy_smoke_pipeline.py took 0.154 seconds
[2026-01-01T04:00:24.352+0000] {processor.py:161} INFO - Started process (PID=8037) to work on /opt/airflow/dags/Copy_smoke_pipeline.py
[2026-01-01T04:00:24.354+0000] {processor.py:830} INFO - Processing file /opt/airflow/dags/Copy_smoke_pipeline.py for tasks to queue
[2026-01-01T04:00:24.356+0000] {logging_mixin.py:188} INFO - [2026-01-01T04:00:24.355+0000] {dagbag.py:545} INFO - Filling up the DagBag from /opt/airflow/dags/Copy_smoke_pipeline.py
[2026-01-01T04:00:24.386+0000] {processor.py:840} INFO - DAG(s) 'copy_smoke_test' retrieved from /opt/airflow/dags/Copy_smoke_pipeline.py
[2026-01-01T04:00:24.438+0000] {logging_mixin.py:188} INFO - [2026-01-01T04:00:24.438+0000] {dag.py:3089} INFO - Sync 1 DAGs
[2026-01-01T04:00:24.457+0000] {logging_mixin.py:188} INFO - [2026-01-01T04:00:24.457+0000] {dag.py:3947} INFO - Setting next_dagrun for copy_smoke_test to None, run_after=None
[2026-01-01T04:00:24.487+0000] {processor.py:183} INFO - Processing /opt/airflow/dags/Copy_smoke_pipeline.py took 0.146 seconds
[2026-01-01T04:00:54.706+0000] {processor.py:161} INFO - Started process (PID=8062) to work on /opt/airflow/dags/Copy_smoke_pipeline.py
[2026-01-01T04:00:54.707+0000] {processor.py:830} INFO - Processing file /opt/airflow/dags/Copy_smoke_pipeline.py for tasks to queue
[2026-01-01T04:00:54.709+0000] {logging_mixin.py:188} INFO - [2026-01-01T04:00:54.708+0000] {dagbag.py:545} INFO - Filling up the DagBag from /opt/airflow/dags/Copy_smoke_pipeline.py
[2026-01-01T04:00:54.738+0000] {processor.py:840} INFO - DAG(s) 'copy_smoke_test' retrieved from /opt/airflow/dags/Copy_smoke_pipeline.py
[2026-01-01T04:00:54.817+0000] {logging_mixin.py:188} INFO - [2026-01-01T04:00:54.817+0000] {dag.py:3089} INFO - Sync 1 DAGs
[2026-01-01T04:00:54.842+0000] {logging_mixin.py:188} INFO - [2026-01-01T04:00:54.842+0000] {dag.py:3947} INFO - Setting next_dagrun for copy_smoke_test to None, run_after=None
[2026-01-01T04:00:54.870+0000] {processor.py:183} INFO - Processing /opt/airflow/dags/Copy_smoke_pipeline.py took 0.172 seconds
[2026-01-01T04:01:24.952+0000] {processor.py:161} INFO - Started process (PID=8087) to work on /opt/airflow/dags/Copy_smoke_pipeline.py
[2026-01-01T04:01:24.954+0000] {processor.py:830} INFO - Processing file /opt/airflow/dags/Copy_smoke_pipeline.py for tasks to queue
[2026-01-01T04:01:24.955+0000] {logging_mixin.py:188} INFO - [2026-01-01T04:01:24.954+0000] {dagbag.py:545} INFO - Filling up the DagBag from /opt/airflow/dags/Copy_smoke_pipeline.py
[2026-01-01T04:01:24.980+0000] {processor.py:840} INFO - DAG(s) 'copy_smoke_test' retrieved from /opt/airflow/dags/Copy_smoke_pipeline.py
[2026-01-01T04:01:25.033+0000] {logging_mixin.py:188} INFO - [2026-01-01T04:01:25.033+0000] {dag.py:3089} INFO - Sync 1 DAGs
[2026-01-01T04:01:25.051+0000] {logging_mixin.py:188} INFO - [2026-01-01T04:01:25.051+0000] {dag.py:3947} INFO - Setting next_dagrun for copy_smoke_test to None, run_after=None
[2026-01-01T04:01:25.077+0000] {processor.py:183} INFO - Processing /opt/airflow/dags/Copy_smoke_pipeline.py took 0.134 seconds
[2026-01-01T04:01:55.966+0000] {processor.py:161} INFO - Started process (PID=8112) to work on /opt/airflow/dags/Copy_smoke_pipeline.py
[2026-01-01T04:01:55.968+0000] {processor.py:830} INFO - Processing file /opt/airflow/dags/Copy_smoke_pipeline.py for tasks to queue
[2026-01-01T04:01:55.970+0000] {logging_mixin.py:188} INFO - [2026-01-01T04:01:55.970+0000] {dagbag.py:545} INFO - Filling up the DagBag from /opt/airflow/dags/Copy_smoke_pipeline.py
[2026-01-01T04:01:55.998+0000] {processor.py:840} INFO - DAG(s) 'copy_smoke_test' retrieved from /opt/airflow/dags/Copy_smoke_pipeline.py
[2026-01-01T04:01:56.045+0000] {logging_mixin.py:188} INFO - [2026-01-01T04:01:56.045+0000] {dag.py:3089} INFO - Sync 1 DAGs
[2026-01-01T04:01:56.065+0000] {logging_mixin.py:188} INFO - [2026-01-01T04:01:56.064+0000] {dag.py:3947} INFO - Setting next_dagrun for copy_smoke_test to None, run_after=None
[2026-01-01T04:01:56.094+0000] {processor.py:183} INFO - Processing /opt/airflow/dags/Copy_smoke_pipeline.py took 0.136 seconds
[2026-01-01T04:02:26.816+0000] {processor.py:161} INFO - Started process (PID=8137) to work on /opt/airflow/dags/Copy_smoke_pipeline.py
[2026-01-01T04:02:26.819+0000] {processor.py:830} INFO - Processing file /opt/airflow/dags/Copy_smoke_pipeline.py for tasks to queue
[2026-01-01T04:02:26.822+0000] {logging_mixin.py:188} INFO - [2026-01-01T04:02:26.821+0000] {dagbag.py:545} INFO - Filling up the DagBag from /opt/airflow/dags/Copy_smoke_pipeline.py
[2026-01-01T04:02:26.869+0000] {processor.py:840} INFO - DAG(s) 'copy_smoke_test' retrieved from /opt/airflow/dags/Copy_smoke_pipeline.py
[2026-01-01T04:02:26.947+0000] {logging_mixin.py:188} INFO - [2026-01-01T04:02:26.946+0000] {dag.py:3089} INFO - Sync 1 DAGs
[2026-01-01T04:02:26.981+0000] {logging_mixin.py:188} INFO - [2026-01-01T04:02:26.980+0000] {dag.py:3947} INFO - Setting next_dagrun for copy_smoke_test to None, run_after=None
[2026-01-01T04:02:27.021+0000] {processor.py:183} INFO - Processing /opt/airflow/dags/Copy_smoke_pipeline.py took 0.220 seconds
[2026-01-01T04:02:57.586+0000] {processor.py:161} INFO - Started process (PID=8162) to work on /opt/airflow/dags/Copy_smoke_pipeline.py
[2026-01-01T04:02:57.590+0000] {processor.py:830} INFO - Processing file /opt/airflow/dags/Copy_smoke_pipeline.py for tasks to queue
[2026-01-01T04:02:57.592+0000] {logging_mixin.py:188} INFO - [2026-01-01T04:02:57.592+0000] {dagbag.py:545} INFO - Filling up the DagBag from /opt/airflow/dags/Copy_smoke_pipeline.py
[2026-01-01T04:02:57.625+0000] {processor.py:840} INFO - DAG(s) 'copy_smoke_test' retrieved from /opt/airflow/dags/Copy_smoke_pipeline.py
[2026-01-01T04:02:57.677+0000] {logging_mixin.py:188} INFO - [2026-01-01T04:02:57.677+0000] {dag.py:3089} INFO - Sync 1 DAGs
[2026-01-01T04:02:57.697+0000] {logging_mixin.py:188} INFO - [2026-01-01T04:02:57.697+0000] {dag.py:3947} INFO - Setting next_dagrun for copy_smoke_test to None, run_after=None
[2026-01-01T04:02:57.723+0000] {processor.py:183} INFO - Processing /opt/airflow/dags/Copy_smoke_pipeline.py took 0.152 seconds
[2026-01-01T04:03:28.315+0000] {processor.py:161} INFO - Started process (PID=8187) to work on /opt/airflow/dags/Copy_smoke_pipeline.py
[2026-01-01T04:03:28.316+0000] {processor.py:830} INFO - Processing file /opt/airflow/dags/Copy_smoke_pipeline.py for tasks to queue
[2026-01-01T04:03:28.318+0000] {logging_mixin.py:188} INFO - [2026-01-01T04:03:28.317+0000] {dagbag.py:545} INFO - Filling up the DagBag from /opt/airflow/dags/Copy_smoke_pipeline.py
[2026-01-01T04:03:28.341+0000] {processor.py:840} INFO - DAG(s) 'copy_smoke_test' retrieved from /opt/airflow/dags/Copy_smoke_pipeline.py
[2026-01-01T04:03:28.383+0000] {logging_mixin.py:188} INFO - [2026-01-01T04:03:28.383+0000] {dag.py:3089} INFO - Sync 1 DAGs
[2026-01-01T04:03:28.397+0000] {logging_mixin.py:188} INFO - [2026-01-01T04:03:28.397+0000] {dag.py:3947} INFO - Setting next_dagrun for copy_smoke_test to None, run_after=None
[2026-01-01T04:03:28.421+0000] {processor.py:183} INFO - Processing /opt/airflow/dags/Copy_smoke_pipeline.py took 0.114 seconds
[2026-01-01T04:03:59.110+0000] {processor.py:161} INFO - Started process (PID=8212) to work on /opt/airflow/dags/Copy_smoke_pipeline.py
[2026-01-01T04:03:59.112+0000] {processor.py:830} INFO - Processing file /opt/airflow/dags/Copy_smoke_pipeline.py for tasks to queue
[2026-01-01T04:03:59.115+0000] {logging_mixin.py:188} INFO - [2026-01-01T04:03:59.114+0000] {dagbag.py:545} INFO - Filling up the DagBag from /opt/airflow/dags/Copy_smoke_pipeline.py
[2026-01-01T04:03:59.151+0000] {processor.py:840} INFO - DAG(s) 'copy_smoke_test' retrieved from /opt/airflow/dags/Copy_smoke_pipeline.py
[2026-01-01T04:03:59.221+0000] {logging_mixin.py:188} INFO - [2026-01-01T04:03:59.221+0000] {dag.py:3089} INFO - Sync 1 DAGs
[2026-01-01T04:03:59.242+0000] {logging_mixin.py:188} INFO - [2026-01-01T04:03:59.242+0000] {dag.py:3947} INFO - Setting next_dagrun for copy_smoke_test to None, run_after=None
[2026-01-01T04:03:59.280+0000] {processor.py:183} INFO - Processing /opt/airflow/dags/Copy_smoke_pipeline.py took 0.182 seconds
[2026-01-01T04:04:29.900+0000] {processor.py:161} INFO - Started process (PID=8237) to work on /opt/airflow/dags/Copy_smoke_pipeline.py
[2026-01-01T04:04:29.901+0000] {processor.py:830} INFO - Processing file /opt/airflow/dags/Copy_smoke_pipeline.py for tasks to queue
[2026-01-01T04:04:29.903+0000] {logging_mixin.py:188} INFO - [2026-01-01T04:04:29.902+0000] {dagbag.py:545} INFO - Filling up the DagBag from /opt/airflow/dags/Copy_smoke_pipeline.py
[2026-01-01T04:04:29.931+0000] {processor.py:840} INFO - DAG(s) 'copy_smoke_test' retrieved from /opt/airflow/dags/Copy_smoke_pipeline.py
[2026-01-01T04:04:29.976+0000] {logging_mixin.py:188} INFO - [2026-01-01T04:04:29.975+0000] {dag.py:3089} INFO - Sync 1 DAGs
[2026-01-01T04:04:29.990+0000] {logging_mixin.py:188} INFO - [2026-01-01T04:04:29.990+0000] {dag.py:3947} INFO - Setting next_dagrun for copy_smoke_test to None, run_after=None
[2026-01-01T04:04:30.016+0000] {processor.py:183} INFO - Processing /opt/airflow/dags/Copy_smoke_pipeline.py took 0.126 seconds
[2026-01-01T04:05:00.758+0000] {processor.py:161} INFO - Started process (PID=8262) to work on /opt/airflow/dags/Copy_smoke_pipeline.py
[2026-01-01T04:05:00.761+0000] {processor.py:830} INFO - Processing file /opt/airflow/dags/Copy_smoke_pipeline.py for tasks to queue
[2026-01-01T04:05:00.766+0000] {logging_mixin.py:188} INFO - [2026-01-01T04:05:00.765+0000] {dagbag.py:545} INFO - Filling up the DagBag from /opt/airflow/dags/Copy_smoke_pipeline.py
[2026-01-01T04:05:00.795+0000] {processor.py:840} INFO - DAG(s) 'copy_smoke_test' retrieved from /opt/airflow/dags/Copy_smoke_pipeline.py
[2026-01-01T04:05:00.840+0000] {logging_mixin.py:188} INFO - [2026-01-01T04:05:00.840+0000] {dag.py:3089} INFO - Sync 1 DAGs
[2026-01-01T04:05:00.865+0000] {logging_mixin.py:188} INFO - [2026-01-01T04:05:00.864+0000] {dag.py:3947} INFO - Setting next_dagrun for copy_smoke_test to None, run_after=None
[2026-01-01T04:05:00.908+0000] {processor.py:183} INFO - Processing /opt/airflow/dags/Copy_smoke_pipeline.py took 0.158 seconds
[2026-01-01T04:05:31.717+0000] {processor.py:161} INFO - Started process (PID=8287) to work on /opt/airflow/dags/Copy_smoke_pipeline.py
[2026-01-01T04:05:31.718+0000] {processor.py:830} INFO - Processing file /opt/airflow/dags/Copy_smoke_pipeline.py for tasks to queue
[2026-01-01T04:05:31.720+0000] {logging_mixin.py:188} INFO - [2026-01-01T04:05:31.719+0000] {dagbag.py:545} INFO - Filling up the DagBag from /opt/airflow/dags/Copy_smoke_pipeline.py
[2026-01-01T04:05:31.747+0000] {processor.py:840} INFO - DAG(s) 'copy_smoke_test' retrieved from /opt/airflow/dags/Copy_smoke_pipeline.py
[2026-01-01T04:05:31.792+0000] {logging_mixin.py:188} INFO - [2026-01-01T04:05:31.792+0000] {dag.py:3089} INFO - Sync 1 DAGs
[2026-01-01T04:05:31.808+0000] {logging_mixin.py:188} INFO - [2026-01-01T04:05:31.808+0000] {dag.py:3947} INFO - Setting next_dagrun for copy_smoke_test to None, run_after=None
[2026-01-01T04:05:31.833+0000] {processor.py:183} INFO - Processing /opt/airflow/dags/Copy_smoke_pipeline.py took 0.126 seconds
[2026-01-01T04:06:02.538+0000] {processor.py:161} INFO - Started process (PID=8312) to work on /opt/airflow/dags/Copy_smoke_pipeline.py
[2026-01-01T04:06:02.539+0000] {processor.py:830} INFO - Processing file /opt/airflow/dags/Copy_smoke_pipeline.py for tasks to queue
[2026-01-01T04:06:02.541+0000] {logging_mixin.py:188} INFO - [2026-01-01T04:06:02.540+0000] {dagbag.py:545} INFO - Filling up the DagBag from /opt/airflow/dags/Copy_smoke_pipeline.py
[2026-01-01T04:06:02.567+0000] {processor.py:840} INFO - DAG(s) 'copy_smoke_test' retrieved from /opt/airflow/dags/Copy_smoke_pipeline.py
[2026-01-01T04:06:02.608+0000] {logging_mixin.py:188} INFO - [2026-01-01T04:06:02.608+0000] {dag.py:3089} INFO - Sync 1 DAGs
[2026-01-01T04:06:02.623+0000] {logging_mixin.py:188} INFO - [2026-01-01T04:06:02.623+0000] {dag.py:3947} INFO - Setting next_dagrun for copy_smoke_test to None, run_after=None
[2026-01-01T04:06:02.647+0000] {processor.py:183} INFO - Processing /opt/airflow/dags/Copy_smoke_pipeline.py took 0.120 seconds
[2026-01-01T04:06:33.580+0000] {processor.py:161} INFO - Started process (PID=8337) to work on /opt/airflow/dags/Copy_smoke_pipeline.py
[2026-01-01T04:06:33.583+0000] {processor.py:830} INFO - Processing file /opt/airflow/dags/Copy_smoke_pipeline.py for tasks to queue
[2026-01-01T04:06:33.585+0000] {logging_mixin.py:188} INFO - [2026-01-01T04:06:33.584+0000] {dagbag.py:545} INFO - Filling up the DagBag from /opt/airflow/dags/Copy_smoke_pipeline.py
[2026-01-01T04:06:33.632+0000] {processor.py:840} INFO - DAG(s) 'copy_smoke_test' retrieved from /opt/airflow/dags/Copy_smoke_pipeline.py
[2026-01-01T04:06:33.717+0000] {logging_mixin.py:188} INFO - [2026-01-01T04:06:33.717+0000] {dag.py:3089} INFO - Sync 1 DAGs
[2026-01-01T04:06:33.745+0000] {logging_mixin.py:188} INFO - [2026-01-01T04:06:33.745+0000] {dag.py:3947} INFO - Setting next_dagrun for copy_smoke_test to None, run_after=None
[2026-01-01T04:06:33.779+0000] {processor.py:183} INFO - Processing /opt/airflow/dags/Copy_smoke_pipeline.py took 0.215 seconds
[2026-01-01T04:07:04.211+0000] {processor.py:161} INFO - Started process (PID=8362) to work on /opt/airflow/dags/Copy_smoke_pipeline.py
[2026-01-01T04:07:04.212+0000] {processor.py:830} INFO - Processing file /opt/airflow/dags/Copy_smoke_pipeline.py for tasks to queue
[2026-01-01T04:07:04.232+0000] {logging_mixin.py:188} INFO - [2026-01-01T04:07:04.231+0000] {dagbag.py:545} INFO - Filling up the DagBag from /opt/airflow/dags/Copy_smoke_pipeline.py
[2026-01-01T04:07:04.257+0000] {processor.py:840} INFO - DAG(s) 'copy_smoke_test' retrieved from /opt/airflow/dags/Copy_smoke_pipeline.py
[2026-01-01T04:07:04.311+0000] {logging_mixin.py:188} INFO - [2026-01-01T04:07:04.311+0000] {dag.py:3089} INFO - Sync 1 DAGs
[2026-01-01T04:07:04.330+0000] {logging_mixin.py:188} INFO - [2026-01-01T04:07:04.330+0000] {dag.py:3947} INFO - Setting next_dagrun for copy_smoke_test to None, run_after=None
[2026-01-01T04:07:04.357+0000] {processor.py:183} INFO - Processing /opt/airflow/dags/Copy_smoke_pipeline.py took 0.155 seconds
[2026-01-01T04:07:34.481+0000] {processor.py:161} INFO - Started process (PID=8387) to work on /opt/airflow/dags/Copy_smoke_pipeline.py
[2026-01-01T04:07:34.483+0000] {processor.py:830} INFO - Processing file /opt/airflow/dags/Copy_smoke_pipeline.py for tasks to queue
[2026-01-01T04:07:34.485+0000] {logging_mixin.py:188} INFO - [2026-01-01T04:07:34.484+0000] {dagbag.py:545} INFO - Filling up the DagBag from /opt/airflow/dags/Copy_smoke_pipeline.py
[2026-01-01T04:07:34.511+0000] {processor.py:840} INFO - DAG(s) 'copy_smoke_test' retrieved from /opt/airflow/dags/Copy_smoke_pipeline.py
[2026-01-01T04:07:34.560+0000] {logging_mixin.py:188} INFO - [2026-01-01T04:07:34.559+0000] {dag.py:3089} INFO - Sync 1 DAGs
[2026-01-01T04:07:34.581+0000] {logging_mixin.py:188} INFO - [2026-01-01T04:07:34.581+0000] {dag.py:3947} INFO - Setting next_dagrun for copy_smoke_test to None, run_after=None
[2026-01-01T04:07:34.610+0000] {processor.py:183} INFO - Processing /opt/airflow/dags/Copy_smoke_pipeline.py took 0.138 seconds
[2026-01-01T04:08:05.346+0000] {processor.py:161} INFO - Started process (PID=8412) to work on /opt/airflow/dags/Copy_smoke_pipeline.py
[2026-01-01T04:08:05.347+0000] {processor.py:830} INFO - Processing file /opt/airflow/dags/Copy_smoke_pipeline.py for tasks to queue
[2026-01-01T04:08:05.349+0000] {logging_mixin.py:188} INFO - [2026-01-01T04:08:05.348+0000] {dagbag.py:545} INFO - Filling up the DagBag from /opt/airflow/dags/Copy_smoke_pipeline.py
[2026-01-01T04:08:05.375+0000] {processor.py:840} INFO - DAG(s) 'copy_smoke_test' retrieved from /opt/airflow/dags/Copy_smoke_pipeline.py
[2026-01-01T04:08:05.417+0000] {logging_mixin.py:188} INFO - [2026-01-01T04:08:05.417+0000] {dag.py:3089} INFO - Sync 1 DAGs
[2026-01-01T04:08:05.432+0000] {logging_mixin.py:188} INFO - [2026-01-01T04:08:05.431+0000] {dag.py:3947} INFO - Setting next_dagrun for copy_smoke_test to None, run_after=None
[2026-01-01T04:08:05.460+0000] {processor.py:183} INFO - Processing /opt/airflow/dags/Copy_smoke_pipeline.py took 0.122 seconds
[2026-01-01T04:08:36.042+0000] {processor.py:161} INFO - Started process (PID=8437) to work on /opt/airflow/dags/Copy_smoke_pipeline.py
[2026-01-01T04:08:36.043+0000] {processor.py:830} INFO - Processing file /opt/airflow/dags/Copy_smoke_pipeline.py for tasks to queue
[2026-01-01T04:08:36.045+0000] {logging_mixin.py:188} INFO - [2026-01-01T04:08:36.045+0000] {dagbag.py:545} INFO - Filling up the DagBag from /opt/airflow/dags/Copy_smoke_pipeline.py
[2026-01-01T04:08:36.075+0000] {processor.py:840} INFO - DAG(s) 'copy_smoke_test' retrieved from /opt/airflow/dags/Copy_smoke_pipeline.py
[2026-01-01T04:08:36.141+0000] {logging_mixin.py:188} INFO - [2026-01-01T04:08:36.141+0000] {dag.py:3089} INFO - Sync 1 DAGs
[2026-01-01T04:08:36.164+0000] {logging_mixin.py:188} INFO - [2026-01-01T04:08:36.163+0000] {dag.py:3947} INFO - Setting next_dagrun for copy_smoke_test to None, run_after=None
[2026-01-01T04:08:36.194+0000] {processor.py:183} INFO - Processing /opt/airflow/dags/Copy_smoke_pipeline.py took 0.162 seconds
[2026-01-01T04:09:06.512+0000] {processor.py:161} INFO - Started process (PID=8462) to work on /opt/airflow/dags/Copy_smoke_pipeline.py
[2026-01-01T04:09:06.514+0000] {processor.py:830} INFO - Processing file /opt/airflow/dags/Copy_smoke_pipeline.py for tasks to queue
[2026-01-01T04:09:06.517+0000] {logging_mixin.py:188} INFO - [2026-01-01T04:09:06.516+0000] {dagbag.py:545} INFO - Filling up the DagBag from /opt/airflow/dags/Copy_smoke_pipeline.py
[2026-01-01T04:09:06.561+0000] {processor.py:840} INFO - DAG(s) 'copy_smoke_test' retrieved from /opt/airflow/dags/Copy_smoke_pipeline.py
[2026-01-01T04:09:06.684+0000] {logging_mixin.py:188} INFO - [2026-01-01T04:09:06.684+0000] {dag.py:3089} INFO - Sync 1 DAGs
[2026-01-01T04:09:06.719+0000] {logging_mixin.py:188} INFO - [2026-01-01T04:09:06.718+0000] {dag.py:3947} INFO - Setting next_dagrun for copy_smoke_test to None, run_after=None
[2026-01-01T04:09:06.750+0000] {processor.py:183} INFO - Processing /opt/airflow/dags/Copy_smoke_pipeline.py took 0.251 seconds
[2026-01-01T04:09:37.586+0000] {processor.py:161} INFO - Started process (PID=8487) to work on /opt/airflow/dags/Copy_smoke_pipeline.py
[2026-01-01T04:09:37.591+0000] {processor.py:830} INFO - Processing file /opt/airflow/dags/Copy_smoke_pipeline.py for tasks to queue
[2026-01-01T04:09:37.593+0000] {logging_mixin.py:188} INFO - [2026-01-01T04:09:37.592+0000] {dagbag.py:545} INFO - Filling up the DagBag from /opt/airflow/dags/Copy_smoke_pipeline.py
[2026-01-01T04:09:37.631+0000] {processor.py:840} INFO - DAG(s) 'copy_smoke_test' retrieved from /opt/airflow/dags/Copy_smoke_pipeline.py
[2026-01-01T04:09:37.732+0000] {logging_mixin.py:188} INFO - [2026-01-01T04:09:37.731+0000] {dag.py:3089} INFO - Sync 1 DAGs
[2026-01-01T04:09:37.757+0000] {logging_mixin.py:188} INFO - [2026-01-01T04:09:37.757+0000] {dag.py:3947} INFO - Setting next_dagrun for copy_smoke_test to None, run_after=None
[2026-01-01T04:09:37.814+0000] {processor.py:183} INFO - Processing /opt/airflow/dags/Copy_smoke_pipeline.py took 0.246 seconds
[2026-01-01T04:10:08.029+0000] {processor.py:161} INFO - Started process (PID=8512) to work on /opt/airflow/dags/Copy_smoke_pipeline.py
[2026-01-01T04:10:08.033+0000] {processor.py:830} INFO - Processing file /opt/airflow/dags/Copy_smoke_pipeline.py for tasks to queue
[2026-01-01T04:10:08.039+0000] {logging_mixin.py:188} INFO - [2026-01-01T04:10:08.038+0000] {dagbag.py:545} INFO - Filling up the DagBag from /opt/airflow/dags/Copy_smoke_pipeline.py
[2026-01-01T04:10:08.125+0000] {processor.py:840} INFO - DAG(s) 'copy_smoke_test' retrieved from /opt/airflow/dags/Copy_smoke_pipeline.py
[2026-01-01T04:10:08.221+0000] {logging_mixin.py:188} INFO - [2026-01-01T04:10:08.220+0000] {dag.py:3089} INFO - Sync 1 DAGs
[2026-01-01T04:10:08.244+0000] {logging_mixin.py:188} INFO - [2026-01-01T04:10:08.244+0000] {dag.py:3947} INFO - Setting next_dagrun for copy_smoke_test to None, run_after=None
[2026-01-01T04:10:08.289+0000] {processor.py:183} INFO - Processing /opt/airflow/dags/Copy_smoke_pipeline.py took 0.278 seconds
[2026-01-01T04:10:39.171+0000] {processor.py:161} INFO - Started process (PID=8537) to work on /opt/airflow/dags/Copy_smoke_pipeline.py
[2026-01-01T04:10:39.174+0000] {processor.py:830} INFO - Processing file /opt/airflow/dags/Copy_smoke_pipeline.py for tasks to queue
[2026-01-01T04:10:39.176+0000] {logging_mixin.py:188} INFO - [2026-01-01T04:10:39.175+0000] {dagbag.py:545} INFO - Filling up the DagBag from /opt/airflow/dags/Copy_smoke_pipeline.py
[2026-01-01T04:10:39.210+0000] {processor.py:840} INFO - DAG(s) 'copy_smoke_test' retrieved from /opt/airflow/dags/Copy_smoke_pipeline.py
[2026-01-01T04:10:39.265+0000] {logging_mixin.py:188} INFO - [2026-01-01T04:10:39.264+0000] {dag.py:3089} INFO - Sync 1 DAGs
[2026-01-01T04:10:39.293+0000] {logging_mixin.py:188} INFO - [2026-01-01T04:10:39.293+0000] {dag.py:3947} INFO - Setting next_dagrun for copy_smoke_test to None, run_after=None
[2026-01-01T04:10:39.398+0000] {processor.py:183} INFO - Processing /opt/airflow/dags/Copy_smoke_pipeline.py took 0.241 seconds
[2026-01-01T04:11:10.272+0000] {processor.py:161} INFO - Started process (PID=8562) to work on /opt/airflow/dags/Copy_smoke_pipeline.py
[2026-01-01T04:11:10.274+0000] {processor.py:830} INFO - Processing file /opt/airflow/dags/Copy_smoke_pipeline.py for tasks to queue
[2026-01-01T04:11:10.275+0000] {logging_mixin.py:188} INFO - [2026-01-01T04:11:10.275+0000] {dagbag.py:545} INFO - Filling up the DagBag from /opt/airflow/dags/Copy_smoke_pipeline.py
[2026-01-01T04:11:10.306+0000] {processor.py:840} INFO - DAG(s) 'copy_smoke_test' retrieved from /opt/airflow/dags/Copy_smoke_pipeline.py
[2026-01-01T04:11:10.378+0000] {logging_mixin.py:188} INFO - [2026-01-01T04:11:10.378+0000] {dag.py:3089} INFO - Sync 1 DAGs
[2026-01-01T04:11:10.403+0000] {logging_mixin.py:188} INFO - [2026-01-01T04:11:10.402+0000] {dag.py:3947} INFO - Setting next_dagrun for copy_smoke_test to None, run_after=None
[2026-01-01T04:11:10.432+0000] {processor.py:183} INFO - Processing /opt/airflow/dags/Copy_smoke_pipeline.py took 0.170 seconds
[2026-01-01T04:11:41.088+0000] {processor.py:161} INFO - Started process (PID=8587) to work on /opt/airflow/dags/Copy_smoke_pipeline.py
[2026-01-01T04:11:41.089+0000] {processor.py:830} INFO - Processing file /opt/airflow/dags/Copy_smoke_pipeline.py for tasks to queue
[2026-01-01T04:11:41.090+0000] {logging_mixin.py:188} INFO - [2026-01-01T04:11:41.090+0000] {dagbag.py:545} INFO - Filling up the DagBag from /opt/airflow/dags/Copy_smoke_pipeline.py
[2026-01-01T04:11:41.119+0000] {processor.py:840} INFO - DAG(s) 'copy_smoke_test' retrieved from /opt/airflow/dags/Copy_smoke_pipeline.py
[2026-01-01T04:11:41.165+0000] {logging_mixin.py:188} INFO - [2026-01-01T04:11:41.165+0000] {dag.py:3089} INFO - Sync 1 DAGs
[2026-01-01T04:11:41.182+0000] {logging_mixin.py:188} INFO - [2026-01-01T04:11:41.182+0000] {dag.py:3947} INFO - Setting next_dagrun for copy_smoke_test to None, run_after=None
[2026-01-01T04:11:41.218+0000] {processor.py:183} INFO - Processing /opt/airflow/dags/Copy_smoke_pipeline.py took 0.138 seconds
[2026-01-01T04:12:11.720+0000] {processor.py:161} INFO - Started process (PID=8612) to work on /opt/airflow/dags/Copy_smoke_pipeline.py
[2026-01-01T04:12:11.722+0000] {processor.py:830} INFO - Processing file /opt/airflow/dags/Copy_smoke_pipeline.py for tasks to queue
[2026-01-01T04:12:11.723+0000] {logging_mixin.py:188} INFO - [2026-01-01T04:12:11.723+0000] {dagbag.py:545} INFO - Filling up the DagBag from /opt/airflow/dags/Copy_smoke_pipeline.py
[2026-01-01T04:12:11.754+0000] {processor.py:840} INFO - DAG(s) 'copy_smoke_test' retrieved from /opt/airflow/dags/Copy_smoke_pipeline.py
[2026-01-01T04:12:11.815+0000] {logging_mixin.py:188} INFO - [2026-01-01T04:12:11.815+0000] {dag.py:3089} INFO - Sync 1 DAGs
[2026-01-01T04:12:11.837+0000] {logging_mixin.py:188} INFO - [2026-01-01T04:12:11.837+0000] {dag.py:3947} INFO - Setting next_dagrun for copy_smoke_test to None, run_after=None
[2026-01-01T04:12:11.869+0000] {processor.py:183} INFO - Processing /opt/airflow/dags/Copy_smoke_pipeline.py took 0.159 seconds
[2026-01-01T04:12:42.545+0000] {processor.py:161} INFO - Started process (PID=8637) to work on /opt/airflow/dags/Copy_smoke_pipeline.py
[2026-01-01T04:12:42.592+0000] {processor.py:830} INFO - Processing file /opt/airflow/dags/Copy_smoke_pipeline.py for tasks to queue
[2026-01-01T04:12:42.594+0000] {logging_mixin.py:188} INFO - [2026-01-01T04:12:42.594+0000] {dagbag.py:545} INFO - Filling up the DagBag from /opt/airflow/dags/Copy_smoke_pipeline.py
[2026-01-01T04:12:42.629+0000] {processor.py:840} INFO - DAG(s) 'copy_smoke_test' retrieved from /opt/airflow/dags/Copy_smoke_pipeline.py
[2026-01-01T04:12:42.699+0000] {logging_mixin.py:188} INFO - [2026-01-01T04:12:42.699+0000] {dag.py:3089} INFO - Sync 1 DAGs
[2026-01-01T04:12:42.718+0000] {logging_mixin.py:188} INFO - [2026-01-01T04:12:42.718+0000] {dag.py:3947} INFO - Setting next_dagrun for copy_smoke_test to None, run_after=None
[2026-01-01T04:12:42.745+0000] {processor.py:183} INFO - Processing /opt/airflow/dags/Copy_smoke_pipeline.py took 0.220 seconds
[2026-01-01T04:13:13.496+0000] {processor.py:161} INFO - Started process (PID=8662) to work on /opt/airflow/dags/Copy_smoke_pipeline.py
[2026-01-01T04:13:13.497+0000] {processor.py:830} INFO - Processing file /opt/airflow/dags/Copy_smoke_pipeline.py for tasks to queue
[2026-01-01T04:13:13.499+0000] {logging_mixin.py:188} INFO - [2026-01-01T04:13:13.498+0000] {dagbag.py:545} INFO - Filling up the DagBag from /opt/airflow/dags/Copy_smoke_pipeline.py
[2026-01-01T04:13:13.525+0000] {processor.py:840} INFO - DAG(s) 'copy_smoke_test' retrieved from /opt/airflow/dags/Copy_smoke_pipeline.py
[2026-01-01T04:13:13.580+0000] {logging_mixin.py:188} INFO - [2026-01-01T04:13:13.579+0000] {dag.py:3089} INFO - Sync 1 DAGs
[2026-01-01T04:13:13.600+0000] {logging_mixin.py:188} INFO - [2026-01-01T04:13:13.599+0000] {dag.py:3947} INFO - Setting next_dagrun for copy_smoke_test to None, run_after=None
[2026-01-01T04:13:13.630+0000] {processor.py:183} INFO - Processing /opt/airflow/dags/Copy_smoke_pipeline.py took 0.146 seconds
[2026-01-01T04:13:44.255+0000] {processor.py:161} INFO - Started process (PID=8687) to work on /opt/airflow/dags/Copy_smoke_pipeline.py
[2026-01-01T04:13:44.257+0000] {processor.py:830} INFO - Processing file /opt/airflow/dags/Copy_smoke_pipeline.py for tasks to queue
[2026-01-01T04:13:44.258+0000] {logging_mixin.py:188} INFO - [2026-01-01T04:13:44.258+0000] {dagbag.py:545} INFO - Filling up the DagBag from /opt/airflow/dags/Copy_smoke_pipeline.py
[2026-01-01T04:13:44.280+0000] {processor.py:840} INFO - DAG(s) 'copy_smoke_test' retrieved from /opt/airflow/dags/Copy_smoke_pipeline.py
[2026-01-01T04:13:44.325+0000] {logging_mixin.py:188} INFO - [2026-01-01T04:13:44.325+0000] {dag.py:3089} INFO - Sync 1 DAGs
[2026-01-01T04:13:44.341+0000] {logging_mixin.py:188} INFO - [2026-01-01T04:13:44.340+0000] {dag.py:3947} INFO - Setting next_dagrun for copy_smoke_test to None, run_after=None
[2026-01-01T04:13:44.366+0000] {processor.py:183} INFO - Processing /opt/airflow/dags/Copy_smoke_pipeline.py took 0.119 seconds
[2026-01-01T04:14:14.649+0000] {processor.py:161} INFO - Started process (PID=8712) to work on /opt/airflow/dags/Copy_smoke_pipeline.py
[2026-01-01T04:14:14.651+0000] {processor.py:830} INFO - Processing file /opt/airflow/dags/Copy_smoke_pipeline.py for tasks to queue
[2026-01-01T04:14:14.654+0000] {logging_mixin.py:188} INFO - [2026-01-01T04:14:14.653+0000] {dagbag.py:545} INFO - Filling up the DagBag from /opt/airflow/dags/Copy_smoke_pipeline.py
[2026-01-01T04:14:14.685+0000] {processor.py:840} INFO - DAG(s) 'copy_smoke_test' retrieved from /opt/airflow/dags/Copy_smoke_pipeline.py
[2026-01-01T04:14:14.748+0000] {logging_mixin.py:188} INFO - [2026-01-01T04:14:14.747+0000] {dag.py:3089} INFO - Sync 1 DAGs
[2026-01-01T04:14:14.777+0000] {logging_mixin.py:188} INFO - [2026-01-01T04:14:14.777+0000] {dag.py:3947} INFO - Setting next_dagrun for copy_smoke_test to None, run_after=None
[2026-01-01T04:14:14.816+0000] {processor.py:183} INFO - Processing /opt/airflow/dags/Copy_smoke_pipeline.py took 0.186 seconds
[2026-01-01T04:14:45.674+0000] {processor.py:161} INFO - Started process (PID=8737) to work on /opt/airflow/dags/Copy_smoke_pipeline.py
[2026-01-01T04:14:45.676+0000] {processor.py:830} INFO - Processing file /opt/airflow/dags/Copy_smoke_pipeline.py for tasks to queue
[2026-01-01T04:14:45.678+0000] {logging_mixin.py:188} INFO - [2026-01-01T04:14:45.678+0000] {dagbag.py:545} INFO - Filling up the DagBag from /opt/airflow/dags/Copy_smoke_pipeline.py
[2026-01-01T04:14:45.711+0000] {processor.py:840} INFO - DAG(s) 'copy_smoke_test' retrieved from /opt/airflow/dags/Copy_smoke_pipeline.py
[2026-01-01T04:14:45.789+0000] {logging_mixin.py:188} INFO - [2026-01-01T04:14:45.788+0000] {dag.py:3089} INFO - Sync 1 DAGs
[2026-01-01T04:14:45.819+0000] {logging_mixin.py:188} INFO - [2026-01-01T04:14:45.819+0000] {dag.py:3947} INFO - Setting next_dagrun for copy_smoke_test to None, run_after=None
[2026-01-01T04:14:45.857+0000] {processor.py:183} INFO - Processing /opt/airflow/dags/Copy_smoke_pipeline.py took 0.195 seconds
[2026-01-01T04:15:16.426+0000] {processor.py:161} INFO - Started process (PID=8762) to work on /opt/airflow/dags/Copy_smoke_pipeline.py
[2026-01-01T04:15:16.428+0000] {processor.py:830} INFO - Processing file /opt/airflow/dags/Copy_smoke_pipeline.py for tasks to queue
[2026-01-01T04:15:16.429+0000] {logging_mixin.py:188} INFO - [2026-01-01T04:15:16.428+0000] {dagbag.py:545} INFO - Filling up the DagBag from /opt/airflow/dags/Copy_smoke_pipeline.py
[2026-01-01T04:15:16.456+0000] {processor.py:840} INFO - DAG(s) 'copy_smoke_test' retrieved from /opt/airflow/dags/Copy_smoke_pipeline.py
[2026-01-01T04:15:16.522+0000] {logging_mixin.py:188} INFO - [2026-01-01T04:15:16.521+0000] {dag.py:3089} INFO - Sync 1 DAGs
[2026-01-01T04:15:16.550+0000] {logging_mixin.py:188} INFO - [2026-01-01T04:15:16.549+0000] {dag.py:3947} INFO - Setting next_dagrun for copy_smoke_test to None, run_after=None
[2026-01-01T04:15:16.591+0000] {processor.py:183} INFO - Processing /opt/airflow/dags/Copy_smoke_pipeline.py took 0.175 seconds
[2026-01-01T04:15:47.343+0000] {processor.py:161} INFO - Started process (PID=8787) to work on /opt/airflow/dags/Copy_smoke_pipeline.py
[2026-01-01T04:15:47.345+0000] {processor.py:830} INFO - Processing file /opt/airflow/dags/Copy_smoke_pipeline.py for tasks to queue
[2026-01-01T04:15:47.346+0000] {logging_mixin.py:188} INFO - [2026-01-01T04:15:47.346+0000] {dagbag.py:545} INFO - Filling up the DagBag from /opt/airflow/dags/Copy_smoke_pipeline.py
[2026-01-01T04:15:47.379+0000] {processor.py:840} INFO - DAG(s) 'copy_smoke_test' retrieved from /opt/airflow/dags/Copy_smoke_pipeline.py
[2026-01-01T04:15:47.430+0000] {logging_mixin.py:188} INFO - [2026-01-01T04:15:47.430+0000] {dag.py:3089} INFO - Sync 1 DAGs
[2026-01-01T04:15:47.455+0000] {logging_mixin.py:188} INFO - [2026-01-01T04:15:47.455+0000] {dag.py:3947} INFO - Setting next_dagrun for copy_smoke_test to None, run_after=None
[2026-01-01T04:15:47.494+0000] {processor.py:183} INFO - Processing /opt/airflow/dags/Copy_smoke_pipeline.py took 0.163 seconds
[2026-01-01T04:16:18.136+0000] {processor.py:161} INFO - Started process (PID=8812) to work on /opt/airflow/dags/Copy_smoke_pipeline.py
[2026-01-01T04:16:18.138+0000] {processor.py:830} INFO - Processing file /opt/airflow/dags/Copy_smoke_pipeline.py for tasks to queue
[2026-01-01T04:16:18.140+0000] {logging_mixin.py:188} INFO - [2026-01-01T04:16:18.139+0000] {dagbag.py:545} INFO - Filling up the DagBag from /opt/airflow/dags/Copy_smoke_pipeline.py
[2026-01-01T04:16:18.166+0000] {processor.py:840} INFO - DAG(s) 'copy_smoke_test' retrieved from /opt/airflow/dags/Copy_smoke_pipeline.py
[2026-01-01T04:16:18.213+0000] {logging_mixin.py:188} INFO - [2026-01-01T04:16:18.212+0000] {dag.py:3089} INFO - Sync 1 DAGs
[2026-01-01T04:16:18.228+0000] {logging_mixin.py:188} INFO - [2026-01-01T04:16:18.228+0000] {dag.py:3947} INFO - Setting next_dagrun for copy_smoke_test to None, run_after=None
[2026-01-01T04:16:18.296+0000] {processor.py:183} INFO - Processing /opt/airflow/dags/Copy_smoke_pipeline.py took 0.171 seconds
[2026-01-01T04:16:48.935+0000] {processor.py:161} INFO - Started process (PID=8837) to work on /opt/airflow/dags/Copy_smoke_pipeline.py
[2026-01-01T04:16:48.937+0000] {processor.py:830} INFO - Processing file /opt/airflow/dags/Copy_smoke_pipeline.py for tasks to queue
[2026-01-01T04:16:48.939+0000] {logging_mixin.py:188} INFO - [2026-01-01T04:16:48.938+0000] {dagbag.py:545} INFO - Filling up the DagBag from /opt/airflow/dags/Copy_smoke_pipeline.py
[2026-01-01T04:16:48.967+0000] {processor.py:840} INFO - DAG(s) 'copy_smoke_test' retrieved from /opt/airflow/dags/Copy_smoke_pipeline.py
[2026-01-01T04:16:49.026+0000] {logging_mixin.py:188} INFO - [2026-01-01T04:16:49.025+0000] {dag.py:3089} INFO - Sync 1 DAGs
[2026-01-01T04:16:49.042+0000] {logging_mixin.py:188} INFO - [2026-01-01T04:16:49.042+0000] {dag.py:3947} INFO - Setting next_dagrun for copy_smoke_test to None, run_after=None
[2026-01-01T04:16:49.070+0000] {processor.py:183} INFO - Processing /opt/airflow/dags/Copy_smoke_pipeline.py took 0.144 seconds
[2026-01-01T04:17:19.586+0000] {processor.py:161} INFO - Started process (PID=8862) to work on /opt/airflow/dags/Copy_smoke_pipeline.py
[2026-01-01T04:17:19.589+0000] {processor.py:830} INFO - Processing file /opt/airflow/dags/Copy_smoke_pipeline.py for tasks to queue
[2026-01-01T04:17:19.592+0000] {logging_mixin.py:188} INFO - [2026-01-01T04:17:19.591+0000] {dagbag.py:545} INFO - Filling up the DagBag from /opt/airflow/dags/Copy_smoke_pipeline.py
[2026-01-01T04:17:19.622+0000] {processor.py:840} INFO - DAG(s) 'copy_smoke_test' retrieved from /opt/airflow/dags/Copy_smoke_pipeline.py
[2026-01-01T04:17:19.697+0000] {logging_mixin.py:188} INFO - [2026-01-01T04:17:19.697+0000] {dag.py:3089} INFO - Sync 1 DAGs
[2026-01-01T04:17:19.730+0000] {logging_mixin.py:188} INFO - [2026-01-01T04:17:19.730+0000] {dag.py:3947} INFO - Setting next_dagrun for copy_smoke_test to None, run_after=None
[2026-01-01T04:17:19.774+0000] {processor.py:183} INFO - Processing /opt/airflow/dags/Copy_smoke_pipeline.py took 0.199 seconds
[2026-01-01T04:17:50.448+0000] {processor.py:161} INFO - Started process (PID=8887) to work on /opt/airflow/dags/Copy_smoke_pipeline.py
[2026-01-01T04:17:50.450+0000] {processor.py:830} INFO - Processing file /opt/airflow/dags/Copy_smoke_pipeline.py for tasks to queue
[2026-01-01T04:17:50.452+0000] {logging_mixin.py:188} INFO - [2026-01-01T04:17:50.451+0000] {dagbag.py:545} INFO - Filling up the DagBag from /opt/airflow/dags/Copy_smoke_pipeline.py
[2026-01-01T04:17:50.481+0000] {processor.py:840} INFO - DAG(s) 'copy_smoke_test' retrieved from /opt/airflow/dags/Copy_smoke_pipeline.py
[2026-01-01T04:17:50.550+0000] {logging_mixin.py:188} INFO - [2026-01-01T04:17:50.549+0000] {dag.py:3089} INFO - Sync 1 DAGs
[2026-01-01T04:17:50.571+0000] {logging_mixin.py:188} INFO - [2026-01-01T04:17:50.571+0000] {dag.py:3947} INFO - Setting next_dagrun for copy_smoke_test to None, run_after=None
[2026-01-01T04:17:50.602+0000] {processor.py:183} INFO - Processing /opt/airflow/dags/Copy_smoke_pipeline.py took 0.171 seconds
[2026-01-01T04:18:21.222+0000] {processor.py:161} INFO - Started process (PID=8912) to work on /opt/airflow/dags/Copy_smoke_pipeline.py
[2026-01-01T04:18:21.224+0000] {processor.py:830} INFO - Processing file /opt/airflow/dags/Copy_smoke_pipeline.py for tasks to queue
[2026-01-01T04:18:21.226+0000] {logging_mixin.py:188} INFO - [2026-01-01T04:18:21.225+0000] {dagbag.py:545} INFO - Filling up the DagBag from /opt/airflow/dags/Copy_smoke_pipeline.py
[2026-01-01T04:18:21.252+0000] {processor.py:840} INFO - DAG(s) 'copy_smoke_test' retrieved from /opt/airflow/dags/Copy_smoke_pipeline.py
[2026-01-01T04:18:21.318+0000] {logging_mixin.py:188} INFO - [2026-01-01T04:18:21.318+0000] {dag.py:3089} INFO - Sync 1 DAGs
[2026-01-01T04:18:21.347+0000] {logging_mixin.py:188} INFO - [2026-01-01T04:18:21.347+0000] {dag.py:3947} INFO - Setting next_dagrun for copy_smoke_test to None, run_after=None
[2026-01-01T04:18:21.379+0000] {processor.py:183} INFO - Processing /opt/airflow/dags/Copy_smoke_pipeline.py took 0.168 seconds
[2026-01-01T04:18:52.074+0000] {processor.py:161} INFO - Started process (PID=8937) to work on /opt/airflow/dags/Copy_smoke_pipeline.py
[2026-01-01T04:18:52.076+0000] {processor.py:830} INFO - Processing file /opt/airflow/dags/Copy_smoke_pipeline.py for tasks to queue
[2026-01-01T04:18:52.078+0000] {logging_mixin.py:188} INFO - [2026-01-01T04:18:52.077+0000] {dagbag.py:545} INFO - Filling up the DagBag from /opt/airflow/dags/Copy_smoke_pipeline.py
[2026-01-01T04:18:52.107+0000] {processor.py:840} INFO - DAG(s) 'copy_smoke_test' retrieved from /opt/airflow/dags/Copy_smoke_pipeline.py
[2026-01-01T04:18:52.154+0000] {logging_mixin.py:188} INFO - [2026-01-01T04:18:52.154+0000] {dag.py:3089} INFO - Sync 1 DAGs
[2026-01-01T04:18:52.168+0000] {logging_mixin.py:188} INFO - [2026-01-01T04:18:52.168+0000] {dag.py:3947} INFO - Setting next_dagrun for copy_smoke_test to None, run_after=None
[2026-01-01T04:18:52.193+0000] {processor.py:183} INFO - Processing /opt/airflow/dags/Copy_smoke_pipeline.py took 0.130 seconds
[2026-01-01T04:19:22.906+0000] {processor.py:161} INFO - Started process (PID=8962) to work on /opt/airflow/dags/Copy_smoke_pipeline.py
[2026-01-01T04:19:22.908+0000] {processor.py:830} INFO - Processing file /opt/airflow/dags/Copy_smoke_pipeline.py for tasks to queue
[2026-01-01T04:19:22.909+0000] {logging_mixin.py:188} INFO - [2026-01-01T04:19:22.909+0000] {dagbag.py:545} INFO - Filling up the DagBag from /opt/airflow/dags/Copy_smoke_pipeline.py
[2026-01-01T04:19:22.937+0000] {processor.py:840} INFO - DAG(s) 'copy_smoke_test' retrieved from /opt/airflow/dags/Copy_smoke_pipeline.py
[2026-01-01T04:19:22.985+0000] {logging_mixin.py:188} INFO - [2026-01-01T04:19:22.985+0000] {dag.py:3089} INFO - Sync 1 DAGs
[2026-01-01T04:19:23.002+0000] {logging_mixin.py:188} INFO - [2026-01-01T04:19:23.002+0000] {dag.py:3947} INFO - Setting next_dagrun for copy_smoke_test to None, run_after=None
[2026-01-01T04:19:23.032+0000] {processor.py:183} INFO - Processing /opt/airflow/dags/Copy_smoke_pipeline.py took 0.135 seconds
[2026-01-01T04:19:53.510+0000] {processor.py:161} INFO - Started process (PID=8987) to work on /opt/airflow/dags/Copy_smoke_pipeline.py
[2026-01-01T04:19:53.511+0000] {processor.py:830} INFO - Processing file /opt/airflow/dags/Copy_smoke_pipeline.py for tasks to queue
[2026-01-01T04:19:53.513+0000] {logging_mixin.py:188} INFO - [2026-01-01T04:19:53.512+0000] {dagbag.py:545} INFO - Filling up the DagBag from /opt/airflow/dags/Copy_smoke_pipeline.py
[2026-01-01T04:19:53.538+0000] {processor.py:840} INFO - DAG(s) 'copy_smoke_test' retrieved from /opt/airflow/dags/Copy_smoke_pipeline.py
[2026-01-01T04:19:53.582+0000] {logging_mixin.py:188} INFO - [2026-01-01T04:19:53.582+0000] {dag.py:3089} INFO - Sync 1 DAGs
[2026-01-01T04:19:53.597+0000] {logging_mixin.py:188} INFO - [2026-01-01T04:19:53.597+0000] {dag.py:3947} INFO - Setting next_dagrun for copy_smoke_test to None, run_after=None
[2026-01-01T04:19:53.625+0000] {processor.py:183} INFO - Processing /opt/airflow/dags/Copy_smoke_pipeline.py took 0.124 seconds
[2026-01-01T04:20:24.315+0000] {processor.py:161} INFO - Started process (PID=9012) to work on /opt/airflow/dags/Copy_smoke_pipeline.py
[2026-01-01T04:20:24.316+0000] {processor.py:830} INFO - Processing file /opt/airflow/dags/Copy_smoke_pipeline.py for tasks to queue
[2026-01-01T04:20:24.318+0000] {logging_mixin.py:188} INFO - [2026-01-01T04:20:24.317+0000] {dagbag.py:545} INFO - Filling up the DagBag from /opt/airflow/dags/Copy_smoke_pipeline.py
[2026-01-01T04:20:24.347+0000] {processor.py:840} INFO - DAG(s) 'copy_smoke_test' retrieved from /opt/airflow/dags/Copy_smoke_pipeline.py
[2026-01-01T04:20:24.392+0000] {logging_mixin.py:188} INFO - [2026-01-01T04:20:24.391+0000] {dag.py:3089} INFO - Sync 1 DAGs
[2026-01-01T04:20:24.407+0000] {logging_mixin.py:188} INFO - [2026-01-01T04:20:24.407+0000] {dag.py:3947} INFO - Setting next_dagrun for copy_smoke_test to None, run_after=None
[2026-01-01T04:20:24.433+0000] {processor.py:183} INFO - Processing /opt/airflow/dags/Copy_smoke_pipeline.py took 0.126 seconds
[2026-01-01T04:20:55.344+0000] {processor.py:161} INFO - Started process (PID=9037) to work on /opt/airflow/dags/Copy_smoke_pipeline.py
[2026-01-01T04:20:55.346+0000] {processor.py:830} INFO - Processing file /opt/airflow/dags/Copy_smoke_pipeline.py for tasks to queue
[2026-01-01T04:20:55.348+0000] {logging_mixin.py:188} INFO - [2026-01-01T04:20:55.347+0000] {dagbag.py:545} INFO - Filling up the DagBag from /opt/airflow/dags/Copy_smoke_pipeline.py
[2026-01-01T04:20:55.377+0000] {processor.py:840} INFO - DAG(s) 'copy_smoke_test' retrieved from /opt/airflow/dags/Copy_smoke_pipeline.py
[2026-01-01T04:20:55.421+0000] {logging_mixin.py:188} INFO - [2026-01-01T04:20:55.420+0000] {dag.py:3089} INFO - Sync 1 DAGs
[2026-01-01T04:20:55.436+0000] {logging_mixin.py:188} INFO - [2026-01-01T04:20:55.435+0000] {dag.py:3947} INFO - Setting next_dagrun for copy_smoke_test to None, run_after=None
[2026-01-01T04:20:55.465+0000] {processor.py:183} INFO - Processing /opt/airflow/dags/Copy_smoke_pipeline.py took 0.129 seconds
[2026-01-01T04:21:26.027+0000] {processor.py:161} INFO - Started process (PID=9062) to work on /opt/airflow/dags/Copy_smoke_pipeline.py
[2026-01-01T04:21:26.028+0000] {processor.py:830} INFO - Processing file /opt/airflow/dags/Copy_smoke_pipeline.py for tasks to queue
[2026-01-01T04:21:26.030+0000] {logging_mixin.py:188} INFO - [2026-01-01T04:21:26.030+0000] {dagbag.py:545} INFO - Filling up the DagBag from /opt/airflow/dags/Copy_smoke_pipeline.py
[2026-01-01T04:21:26.058+0000] {processor.py:840} INFO - DAG(s) 'copy_smoke_test' retrieved from /opt/airflow/dags/Copy_smoke_pipeline.py
[2026-01-01T04:21:26.124+0000] {logging_mixin.py:188} INFO - [2026-01-01T04:21:26.124+0000] {dag.py:3089} INFO - Sync 1 DAGs
[2026-01-01T04:21:26.149+0000] {logging_mixin.py:188} INFO - [2026-01-01T04:21:26.149+0000] {dag.py:3947} INFO - Setting next_dagrun for copy_smoke_test to None, run_after=None
[2026-01-01T04:21:26.184+0000] {processor.py:183} INFO - Processing /opt/airflow/dags/Copy_smoke_pipeline.py took 0.167 seconds
[2026-01-01T04:21:56.853+0000] {processor.py:161} INFO - Started process (PID=9087) to work on /opt/airflow/dags/Copy_smoke_pipeline.py
[2026-01-01T04:21:56.856+0000] {processor.py:830} INFO - Processing file /opt/airflow/dags/Copy_smoke_pipeline.py for tasks to queue
[2026-01-01T04:21:56.858+0000] {logging_mixin.py:188} INFO - [2026-01-01T04:21:56.857+0000] {dagbag.py:545} INFO - Filling up the DagBag from /opt/airflow/dags/Copy_smoke_pipeline.py
[2026-01-01T04:21:56.895+0000] {processor.py:840} INFO - DAG(s) 'copy_smoke_test' retrieved from /opt/airflow/dags/Copy_smoke_pipeline.py
[2026-01-01T04:21:56.951+0000] {logging_mixin.py:188} INFO - [2026-01-01T04:21:56.951+0000] {dag.py:3089} INFO - Sync 1 DAGs
[2026-01-01T04:21:56.971+0000] {logging_mixin.py:188} INFO - [2026-01-01T04:21:56.971+0000] {dag.py:3947} INFO - Setting next_dagrun for copy_smoke_test to None, run_after=None
[2026-01-01T04:21:57.007+0000] {processor.py:183} INFO - Processing /opt/airflow/dags/Copy_smoke_pipeline.py took 0.172 seconds
[2026-01-01T04:22:27.657+0000] {processor.py:161} INFO - Started process (PID=9112) to work on /opt/airflow/dags/Copy_smoke_pipeline.py
[2026-01-01T04:22:27.659+0000] {processor.py:830} INFO - Processing file /opt/airflow/dags/Copy_smoke_pipeline.py for tasks to queue
[2026-01-01T04:22:27.661+0000] {logging_mixin.py:188} INFO - [2026-01-01T04:22:27.661+0000] {dagbag.py:545} INFO - Filling up the DagBag from /opt/airflow/dags/Copy_smoke_pipeline.py
[2026-01-01T04:22:27.693+0000] {processor.py:840} INFO - DAG(s) 'copy_smoke_test' retrieved from /opt/airflow/dags/Copy_smoke_pipeline.py
[2026-01-01T04:22:27.752+0000] {logging_mixin.py:188} INFO - [2026-01-01T04:22:27.752+0000] {dag.py:3089} INFO - Sync 1 DAGs
[2026-01-01T04:22:27.771+0000] {logging_mixin.py:188} INFO - [2026-01-01T04:22:27.771+0000] {dag.py:3947} INFO - Setting next_dagrun for copy_smoke_test to None, run_after=None
[2026-01-01T04:22:27.804+0000] {processor.py:183} INFO - Processing /opt/airflow/dags/Copy_smoke_pipeline.py took 0.163 seconds
[2026-01-01T04:22:58.478+0000] {processor.py:161} INFO - Started process (PID=9137) to work on /opt/airflow/dags/Copy_smoke_pipeline.py
[2026-01-01T04:22:58.479+0000] {processor.py:830} INFO - Processing file /opt/airflow/dags/Copy_smoke_pipeline.py for tasks to queue
[2026-01-01T04:22:58.480+0000] {logging_mixin.py:188} INFO - [2026-01-01T04:22:58.480+0000] {dagbag.py:545} INFO - Filling up the DagBag from /opt/airflow/dags/Copy_smoke_pipeline.py
[2026-01-01T04:22:58.510+0000] {processor.py:840} INFO - DAG(s) 'copy_smoke_test' retrieved from /opt/airflow/dags/Copy_smoke_pipeline.py
[2026-01-01T04:22:58.557+0000] {logging_mixin.py:188} INFO - [2026-01-01T04:22:58.557+0000] {dag.py:3089} INFO - Sync 1 DAGs
[2026-01-01T04:22:58.575+0000] {logging_mixin.py:188} INFO - [2026-01-01T04:22:58.574+0000] {dag.py:3947} INFO - Setting next_dagrun for copy_smoke_test to None, run_after=None
[2026-01-01T04:22:58.599+0000] {processor.py:183} INFO - Processing /opt/airflow/dags/Copy_smoke_pipeline.py took 0.130 seconds
[2026-01-01T04:23:29.198+0000] {processor.py:161} INFO - Started process (PID=9162) to work on /opt/airflow/dags/Copy_smoke_pipeline.py
[2026-01-01T04:23:29.199+0000] {processor.py:830} INFO - Processing file /opt/airflow/dags/Copy_smoke_pipeline.py for tasks to queue
[2026-01-01T04:23:29.200+0000] {logging_mixin.py:188} INFO - [2026-01-01T04:23:29.200+0000] {dagbag.py:545} INFO - Filling up the DagBag from /opt/airflow/dags/Copy_smoke_pipeline.py
[2026-01-01T04:23:29.225+0000] {processor.py:840} INFO - DAG(s) 'copy_smoke_test' retrieved from /opt/airflow/dags/Copy_smoke_pipeline.py
[2026-01-01T04:23:29.267+0000] {logging_mixin.py:188} INFO - [2026-01-01T04:23:29.266+0000] {dag.py:3089} INFO - Sync 1 DAGs
[2026-01-01T04:23:29.282+0000] {logging_mixin.py:188} INFO - [2026-01-01T04:23:29.282+0000] {dag.py:3947} INFO - Setting next_dagrun for copy_smoke_test to None, run_after=None
[2026-01-01T04:23:29.306+0000] {processor.py:183} INFO - Processing /opt/airflow/dags/Copy_smoke_pipeline.py took 0.115 seconds
[2026-01-01T04:24:00.079+0000] {processor.py:161} INFO - Started process (PID=9187) to work on /opt/airflow/dags/Copy_smoke_pipeline.py
[2026-01-01T04:24:00.081+0000] {processor.py:830} INFO - Processing file /opt/airflow/dags/Copy_smoke_pipeline.py for tasks to queue
[2026-01-01T04:24:00.083+0000] {logging_mixin.py:188} INFO - [2026-01-01T04:24:00.082+0000] {dagbag.py:545} INFO - Filling up the DagBag from /opt/airflow/dags/Copy_smoke_pipeline.py
[2026-01-01T04:24:00.160+0000] {processor.py:840} INFO - DAG(s) 'copy_smoke_test' retrieved from /opt/airflow/dags/Copy_smoke_pipeline.py
[2026-01-01T04:24:00.227+0000] {logging_mixin.py:188} INFO - [2026-01-01T04:24:00.227+0000] {dag.py:3089} INFO - Sync 1 DAGs
[2026-01-01T04:24:00.255+0000] {logging_mixin.py:188} INFO - [2026-01-01T04:24:00.254+0000] {dag.py:3947} INFO - Setting next_dagrun for copy_smoke_test to None, run_after=None
[2026-01-01T04:24:00.330+0000] {processor.py:183} INFO - Processing /opt/airflow/dags/Copy_smoke_pipeline.py took 0.268 seconds
[2026-01-01T04:24:30.841+0000] {processor.py:161} INFO - Started process (PID=9212) to work on /opt/airflow/dags/Copy_smoke_pipeline.py
[2026-01-01T04:24:30.842+0000] {processor.py:830} INFO - Processing file /opt/airflow/dags/Copy_smoke_pipeline.py for tasks to queue
[2026-01-01T04:24:30.843+0000] {logging_mixin.py:188} INFO - [2026-01-01T04:24:30.843+0000] {dagbag.py:545} INFO - Filling up the DagBag from /opt/airflow/dags/Copy_smoke_pipeline.py
[2026-01-01T04:24:30.871+0000] {processor.py:840} INFO - DAG(s) 'copy_smoke_test' retrieved from /opt/airflow/dags/Copy_smoke_pipeline.py
[2026-01-01T04:24:30.924+0000] {logging_mixin.py:188} INFO - [2026-01-01T04:24:30.924+0000] {dag.py:3089} INFO - Sync 1 DAGs
[2026-01-01T04:24:30.944+0000] {logging_mixin.py:188} INFO - [2026-01-01T04:24:30.944+0000] {dag.py:3947} INFO - Setting next_dagrun for copy_smoke_test to None, run_after=None
[2026-01-01T04:24:30.970+0000] {processor.py:183} INFO - Processing /opt/airflow/dags/Copy_smoke_pipeline.py took 0.137 seconds
[2026-01-01T04:25:01.174+0000] {processor.py:161} INFO - Started process (PID=9237) to work on /opt/airflow/dags/Copy_smoke_pipeline.py
[2026-01-01T04:25:01.181+0000] {processor.py:830} INFO - Processing file /opt/airflow/dags/Copy_smoke_pipeline.py for tasks to queue
[2026-01-01T04:25:01.189+0000] {logging_mixin.py:188} INFO - [2026-01-01T04:25:01.184+0000] {dagbag.py:545} INFO - Filling up the DagBag from /opt/airflow/dags/Copy_smoke_pipeline.py
[2026-01-01T04:25:01.392+0000] {processor.py:840} INFO - DAG(s) 'copy_smoke_test' retrieved from /opt/airflow/dags/Copy_smoke_pipeline.py
[2026-01-01T04:25:01.523+0000] {logging_mixin.py:188} INFO - [2026-01-01T04:25:01.522+0000] {dag.py:3089} INFO - Sync 1 DAGs
[2026-01-01T04:25:01.570+0000] {logging_mixin.py:188} INFO - [2026-01-01T04:25:01.570+0000] {dag.py:3947} INFO - Setting next_dagrun for copy_smoke_test to None, run_after=None
[2026-01-01T04:25:01.615+0000] {processor.py:183} INFO - Processing /opt/airflow/dags/Copy_smoke_pipeline.py took 0.491 seconds
[2026-01-01T04:25:32.493+0000] {processor.py:161} INFO - Started process (PID=9262) to work on /opt/airflow/dags/Copy_smoke_pipeline.py
[2026-01-01T04:25:32.494+0000] {processor.py:830} INFO - Processing file /opt/airflow/dags/Copy_smoke_pipeline.py for tasks to queue
[2026-01-01T04:25:32.496+0000] {logging_mixin.py:188} INFO - [2026-01-01T04:25:32.496+0000] {dagbag.py:545} INFO - Filling up the DagBag from /opt/airflow/dags/Copy_smoke_pipeline.py
[2026-01-01T04:25:32.526+0000] {processor.py:840} INFO - DAG(s) 'copy_smoke_test' retrieved from /opt/airflow/dags/Copy_smoke_pipeline.py
[2026-01-01T04:25:32.577+0000] {logging_mixin.py:188} INFO - [2026-01-01T04:25:32.577+0000] {dag.py:3089} INFO - Sync 1 DAGs
[2026-01-01T04:25:32.592+0000] {logging_mixin.py:188} INFO - [2026-01-01T04:25:32.592+0000] {dag.py:3947} INFO - Setting next_dagrun for copy_smoke_test to None, run_after=None
[2026-01-01T04:25:32.616+0000] {processor.py:183} INFO - Processing /opt/airflow/dags/Copy_smoke_pipeline.py took 0.133 seconds
[2026-01-01T04:26:03.448+0000] {processor.py:161} INFO - Started process (PID=9287) to work on /opt/airflow/dags/Copy_smoke_pipeline.py
[2026-01-01T04:26:03.450+0000] {processor.py:830} INFO - Processing file /opt/airflow/dags/Copy_smoke_pipeline.py for tasks to queue
[2026-01-01T04:26:03.452+0000] {logging_mixin.py:188} INFO - [2026-01-01T04:26:03.451+0000] {dagbag.py:545} INFO - Filling up the DagBag from /opt/airflow/dags/Copy_smoke_pipeline.py
[2026-01-01T04:26:03.479+0000] {processor.py:840} INFO - DAG(s) 'copy_smoke_test' retrieved from /opt/airflow/dags/Copy_smoke_pipeline.py
[2026-01-01T04:26:03.529+0000] {logging_mixin.py:188} INFO - [2026-01-01T04:26:03.529+0000] {dag.py:3089} INFO - Sync 1 DAGs
[2026-01-01T04:26:03.547+0000] {logging_mixin.py:188} INFO - [2026-01-01T04:26:03.546+0000] {dag.py:3947} INFO - Setting next_dagrun for copy_smoke_test to None, run_after=None
[2026-01-01T04:26:03.876+0000] {processor.py:183} INFO - Processing /opt/airflow/dags/Copy_smoke_pipeline.py took 0.435 seconds
[2026-01-01T04:26:34.637+0000] {processor.py:161} INFO - Started process (PID=9312) to work on /opt/airflow/dags/Copy_smoke_pipeline.py
[2026-01-01T04:26:34.639+0000] {processor.py:830} INFO - Processing file /opt/airflow/dags/Copy_smoke_pipeline.py for tasks to queue
[2026-01-01T04:26:34.641+0000] {logging_mixin.py:188} INFO - [2026-01-01T04:26:34.640+0000] {dagbag.py:545} INFO - Filling up the DagBag from /opt/airflow/dags/Copy_smoke_pipeline.py
[2026-01-01T04:26:34.664+0000] {processor.py:840} INFO - DAG(s) 'copy_smoke_test' retrieved from /opt/airflow/dags/Copy_smoke_pipeline.py
[2026-01-01T04:26:34.706+0000] {logging_mixin.py:188} INFO - [2026-01-01T04:26:34.706+0000] {dag.py:3089} INFO - Sync 1 DAGs
[2026-01-01T04:26:34.722+0000] {logging_mixin.py:188} INFO - [2026-01-01T04:26:34.721+0000] {dag.py:3947} INFO - Setting next_dagrun for copy_smoke_test to None, run_after=None
[2026-01-01T04:26:34.788+0000] {processor.py:183} INFO - Processing /opt/airflow/dags/Copy_smoke_pipeline.py took 0.160 seconds
[2026-01-01T04:27:05.289+0000] {processor.py:161} INFO - Started process (PID=9337) to work on /opt/airflow/dags/Copy_smoke_pipeline.py
[2026-01-01T04:27:05.290+0000] {processor.py:830} INFO - Processing file /opt/airflow/dags/Copy_smoke_pipeline.py for tasks to queue
[2026-01-01T04:27:05.292+0000] {logging_mixin.py:188} INFO - [2026-01-01T04:27:05.291+0000] {dagbag.py:545} INFO - Filling up the DagBag from /opt/airflow/dags/Copy_smoke_pipeline.py
[2026-01-01T04:27:05.319+0000] {processor.py:840} INFO - DAG(s) 'copy_smoke_test' retrieved from /opt/airflow/dags/Copy_smoke_pipeline.py
[2026-01-01T04:27:05.372+0000] {logging_mixin.py:188} INFO - [2026-01-01T04:27:05.372+0000] {dag.py:3089} INFO - Sync 1 DAGs
[2026-01-01T04:27:05.392+0000] {logging_mixin.py:188} INFO - [2026-01-01T04:27:05.391+0000] {dag.py:3947} INFO - Setting next_dagrun for copy_smoke_test to None, run_after=None
[2026-01-01T04:27:05.427+0000] {processor.py:183} INFO - Processing /opt/airflow/dags/Copy_smoke_pipeline.py took 0.150 seconds
[2026-01-01T04:27:35.700+0000] {processor.py:161} INFO - Started process (PID=9362) to work on /opt/airflow/dags/Copy_smoke_pipeline.py
[2026-01-01T04:27:35.702+0000] {processor.py:830} INFO - Processing file /opt/airflow/dags/Copy_smoke_pipeline.py for tasks to queue
[2026-01-01T04:27:35.703+0000] {logging_mixin.py:188} INFO - [2026-01-01T04:27:35.703+0000] {dagbag.py:545} INFO - Filling up the DagBag from /opt/airflow/dags/Copy_smoke_pipeline.py
[2026-01-01T04:27:35.731+0000] {processor.py:840} INFO - DAG(s) 'copy_smoke_test' retrieved from /opt/airflow/dags/Copy_smoke_pipeline.py
[2026-01-01T04:27:35.778+0000] {logging_mixin.py:188} INFO - [2026-01-01T04:27:35.777+0000] {dag.py:3089} INFO - Sync 1 DAGs
[2026-01-01T04:27:35.794+0000] {logging_mixin.py:188} INFO - [2026-01-01T04:27:35.794+0000] {dag.py:3947} INFO - Setting next_dagrun for copy_smoke_test to None, run_after=None
[2026-01-01T04:27:35.818+0000] {processor.py:183} INFO - Processing /opt/airflow/dags/Copy_smoke_pipeline.py took 0.127 seconds
[2026-01-01T04:28:06.448+0000] {processor.py:161} INFO - Started process (PID=9387) to work on /opt/airflow/dags/Copy_smoke_pipeline.py
[2026-01-01T04:28:06.451+0000] {processor.py:830} INFO - Processing file /opt/airflow/dags/Copy_smoke_pipeline.py for tasks to queue
[2026-01-01T04:28:06.452+0000] {logging_mixin.py:188} INFO - [2026-01-01T04:28:06.452+0000] {dagbag.py:545} INFO - Filling up the DagBag from /opt/airflow/dags/Copy_smoke_pipeline.py
[2026-01-01T04:28:06.485+0000] {processor.py:840} INFO - DAG(s) 'copy_smoke_test' retrieved from /opt/airflow/dags/Copy_smoke_pipeline.py
[2026-01-01T04:28:06.553+0000] {logging_mixin.py:188} INFO - [2026-01-01T04:28:06.553+0000] {dag.py:3089} INFO - Sync 1 DAGs
[2026-01-01T04:28:06.577+0000] {logging_mixin.py:188} INFO - [2026-01-01T04:28:06.577+0000] {dag.py:3947} INFO - Setting next_dagrun for copy_smoke_test to None, run_after=None
[2026-01-01T04:28:06.609+0000] {processor.py:183} INFO - Processing /opt/airflow/dags/Copy_smoke_pipeline.py took 0.179 seconds
[2026-01-01T04:28:37.435+0000] {processor.py:161} INFO - Started process (PID=9412) to work on /opt/airflow/dags/Copy_smoke_pipeline.py
[2026-01-01T04:28:37.437+0000] {processor.py:830} INFO - Processing file /opt/airflow/dags/Copy_smoke_pipeline.py for tasks to queue
[2026-01-01T04:28:37.440+0000] {logging_mixin.py:188} INFO - [2026-01-01T04:28:37.439+0000] {dagbag.py:545} INFO - Filling up the DagBag from /opt/airflow/dags/Copy_smoke_pipeline.py
[2026-01-01T04:28:37.470+0000] {processor.py:840} INFO - DAG(s) 'copy_smoke_test' retrieved from /opt/airflow/dags/Copy_smoke_pipeline.py
[2026-01-01T04:28:37.531+0000] {logging_mixin.py:188} INFO - [2026-01-01T04:28:37.531+0000] {dag.py:3089} INFO - Sync 1 DAGs
[2026-01-01T04:28:37.559+0000] {logging_mixin.py:188} INFO - [2026-01-01T04:28:37.559+0000] {dag.py:3947} INFO - Setting next_dagrun for copy_smoke_test to None, run_after=None
[2026-01-01T04:28:37.593+0000] {processor.py:183} INFO - Processing /opt/airflow/dags/Copy_smoke_pipeline.py took 0.168 seconds
[2026-01-01T04:29:08.195+0000] {processor.py:161} INFO - Started process (PID=9437) to work on /opt/airflow/dags/Copy_smoke_pipeline.py
[2026-01-01T04:29:08.197+0000] {processor.py:830} INFO - Processing file /opt/airflow/dags/Copy_smoke_pipeline.py for tasks to queue
[2026-01-01T04:29:08.198+0000] {logging_mixin.py:188} INFO - [2026-01-01T04:29:08.197+0000] {dagbag.py:545} INFO - Filling up the DagBag from /opt/airflow/dags/Copy_smoke_pipeline.py
[2026-01-01T04:29:08.224+0000] {processor.py:840} INFO - DAG(s) 'copy_smoke_test' retrieved from /opt/airflow/dags/Copy_smoke_pipeline.py
[2026-01-01T04:29:08.263+0000] {logging_mixin.py:188} INFO - [2026-01-01T04:29:08.263+0000] {dag.py:3089} INFO - Sync 1 DAGs
[2026-01-01T04:29:08.284+0000] {logging_mixin.py:188} INFO - [2026-01-01T04:29:08.284+0000] {dag.py:3947} INFO - Setting next_dagrun for copy_smoke_test to None, run_after=None
[2026-01-01T04:29:08.311+0000] {processor.py:183} INFO - Processing /opt/airflow/dags/Copy_smoke_pipeline.py took 0.124 seconds
[2026-01-01T04:29:38.915+0000] {processor.py:161} INFO - Started process (PID=9462) to work on /opt/airflow/dags/Copy_smoke_pipeline.py
[2026-01-01T04:29:38.917+0000] {processor.py:830} INFO - Processing file /opt/airflow/dags/Copy_smoke_pipeline.py for tasks to queue
[2026-01-01T04:29:38.919+0000] {logging_mixin.py:188} INFO - [2026-01-01T04:29:38.918+0000] {dagbag.py:545} INFO - Filling up the DagBag from /opt/airflow/dags/Copy_smoke_pipeline.py
[2026-01-01T04:29:38.949+0000] {processor.py:840} INFO - DAG(s) 'copy_smoke_test' retrieved from /opt/airflow/dags/Copy_smoke_pipeline.py
[2026-01-01T04:29:38.997+0000] {logging_mixin.py:188} INFO - [2026-01-01T04:29:38.996+0000] {dag.py:3089} INFO - Sync 1 DAGs
[2026-01-01T04:29:39.016+0000] {logging_mixin.py:188} INFO - [2026-01-01T04:29:39.016+0000] {dag.py:3947} INFO - Setting next_dagrun for copy_smoke_test to None, run_after=None
[2026-01-01T04:29:39.047+0000] {processor.py:183} INFO - Processing /opt/airflow/dags/Copy_smoke_pipeline.py took 0.140 seconds
[2026-01-01T04:30:09.890+0000] {processor.py:161} INFO - Started process (PID=9487) to work on /opt/airflow/dags/Copy_smoke_pipeline.py
[2026-01-01T04:30:09.891+0000] {processor.py:830} INFO - Processing file /opt/airflow/dags/Copy_smoke_pipeline.py for tasks to queue
[2026-01-01T04:30:09.893+0000] {logging_mixin.py:188} INFO - [2026-01-01T04:30:09.892+0000] {dagbag.py:545} INFO - Filling up the DagBag from /opt/airflow/dags/Copy_smoke_pipeline.py
[2026-01-01T04:30:09.917+0000] {processor.py:840} INFO - DAG(s) 'copy_smoke_test' retrieved from /opt/airflow/dags/Copy_smoke_pipeline.py
[2026-01-01T04:30:09.963+0000] {logging_mixin.py:188} INFO - [2026-01-01T04:30:09.963+0000] {dag.py:3089} INFO - Sync 1 DAGs
[2026-01-01T04:30:09.978+0000] {logging_mixin.py:188} INFO - [2026-01-01T04:30:09.978+0000] {dag.py:3947} INFO - Setting next_dagrun for copy_smoke_test to None, run_after=None
[2026-01-01T04:30:10.007+0000] {processor.py:183} INFO - Processing /opt/airflow/dags/Copy_smoke_pipeline.py took 0.126 seconds
[2026-01-01T04:30:40.598+0000] {processor.py:161} INFO - Started process (PID=9512) to work on /opt/airflow/dags/Copy_smoke_pipeline.py
[2026-01-01T04:30:40.600+0000] {processor.py:830} INFO - Processing file /opt/airflow/dags/Copy_smoke_pipeline.py for tasks to queue
[2026-01-01T04:30:40.602+0000] {logging_mixin.py:188} INFO - [2026-01-01T04:30:40.601+0000] {dagbag.py:545} INFO - Filling up the DagBag from /opt/airflow/dags/Copy_smoke_pipeline.py
[2026-01-01T04:30:40.630+0000] {processor.py:840} INFO - DAG(s) 'copy_smoke_test' retrieved from /opt/airflow/dags/Copy_smoke_pipeline.py
[2026-01-01T04:30:40.681+0000] {logging_mixin.py:188} INFO - [2026-01-01T04:30:40.681+0000] {dag.py:3089} INFO - Sync 1 DAGs
[2026-01-01T04:30:40.698+0000] {logging_mixin.py:188} INFO - [2026-01-01T04:30:40.697+0000] {dag.py:3947} INFO - Setting next_dagrun for copy_smoke_test to None, run_after=None
[2026-01-01T04:30:40.725+0000] {processor.py:183} INFO - Processing /opt/airflow/dags/Copy_smoke_pipeline.py took 0.135 seconds
[2026-01-01T04:31:11.296+0000] {processor.py:161} INFO - Started process (PID=9537) to work on /opt/airflow/dags/Copy_smoke_pipeline.py
[2026-01-01T04:31:11.298+0000] {processor.py:830} INFO - Processing file /opt/airflow/dags/Copy_smoke_pipeline.py for tasks to queue
[2026-01-01T04:31:11.299+0000] {logging_mixin.py:188} INFO - [2026-01-01T04:31:11.299+0000] {dagbag.py:545} INFO - Filling up the DagBag from /opt/airflow/dags/Copy_smoke_pipeline.py
[2026-01-01T04:31:11.326+0000] {processor.py:840} INFO - DAG(s) 'copy_smoke_test' retrieved from /opt/airflow/dags/Copy_smoke_pipeline.py
[2026-01-01T04:31:11.372+0000] {logging_mixin.py:188} INFO - [2026-01-01T04:31:11.372+0000] {dag.py:3089} INFO - Sync 1 DAGs
[2026-01-01T04:31:11.387+0000] {logging_mixin.py:188} INFO - [2026-01-01T04:31:11.387+0000] {dag.py:3947} INFO - Setting next_dagrun for copy_smoke_test to None, run_after=None
[2026-01-01T04:31:11.412+0000] {processor.py:183} INFO - Processing /opt/airflow/dags/Copy_smoke_pipeline.py took 0.125 seconds
[2026-01-01T04:31:42.351+0000] {processor.py:161} INFO - Started process (PID=9562) to work on /opt/airflow/dags/Copy_smoke_pipeline.py
[2026-01-01T04:31:42.353+0000] {processor.py:830} INFO - Processing file /opt/airflow/dags/Copy_smoke_pipeline.py for tasks to queue
[2026-01-01T04:31:42.354+0000] {logging_mixin.py:188} INFO - [2026-01-01T04:31:42.354+0000] {dagbag.py:545} INFO - Filling up the DagBag from /opt/airflow/dags/Copy_smoke_pipeline.py
[2026-01-01T04:31:42.380+0000] {processor.py:840} INFO - DAG(s) 'copy_smoke_test' retrieved from /opt/airflow/dags/Copy_smoke_pipeline.py
[2026-01-01T04:31:42.430+0000] {logging_mixin.py:188} INFO - [2026-01-01T04:31:42.430+0000] {dag.py:3089} INFO - Sync 1 DAGs
[2026-01-01T04:31:42.448+0000] {logging_mixin.py:188} INFO - [2026-01-01T04:31:42.447+0000] {dag.py:3947} INFO - Setting next_dagrun for copy_smoke_test to None, run_after=None
[2026-01-01T04:31:42.476+0000] {processor.py:183} INFO - Processing /opt/airflow/dags/Copy_smoke_pipeline.py took 0.140 seconds
[2026-01-01T04:32:12.705+0000] {processor.py:161} INFO - Started process (PID=9587) to work on /opt/airflow/dags/Copy_smoke_pipeline.py
[2026-01-01T04:32:12.707+0000] {processor.py:830} INFO - Processing file /opt/airflow/dags/Copy_smoke_pipeline.py for tasks to queue
[2026-01-01T04:32:12.710+0000] {logging_mixin.py:188} INFO - [2026-01-01T04:32:12.709+0000] {dagbag.py:545} INFO - Filling up the DagBag from /opt/airflow/dags/Copy_smoke_pipeline.py
[2026-01-01T04:32:12.747+0000] {processor.py:840} INFO - DAG(s) 'copy_smoke_test' retrieved from /opt/airflow/dags/Copy_smoke_pipeline.py
[2026-01-01T04:32:12.815+0000] {logging_mixin.py:188} INFO - [2026-01-01T04:32:12.815+0000] {dag.py:3089} INFO - Sync 1 DAGs
[2026-01-01T04:32:12.837+0000] {logging_mixin.py:188} INFO - [2026-01-01T04:32:12.837+0000] {dag.py:3947} INFO - Setting next_dagrun for copy_smoke_test to None, run_after=None
[2026-01-01T04:32:12.875+0000] {processor.py:183} INFO - Processing /opt/airflow/dags/Copy_smoke_pipeline.py took 0.184 seconds
[2026-01-01T04:32:43.482+0000] {processor.py:161} INFO - Started process (PID=9612) to work on /opt/airflow/dags/Copy_smoke_pipeline.py
[2026-01-01T04:32:43.484+0000] {processor.py:830} INFO - Processing file /opt/airflow/dags/Copy_smoke_pipeline.py for tasks to queue
[2026-01-01T04:32:43.485+0000] {logging_mixin.py:188} INFO - [2026-01-01T04:32:43.485+0000] {dagbag.py:545} INFO - Filling up the DagBag from /opt/airflow/dags/Copy_smoke_pipeline.py
[2026-01-01T04:32:43.517+0000] {processor.py:840} INFO - DAG(s) 'copy_smoke_test' retrieved from /opt/airflow/dags/Copy_smoke_pipeline.py
[2026-01-01T04:32:43.576+0000] {logging_mixin.py:188} INFO - [2026-01-01T04:32:43.575+0000] {dag.py:3089} INFO - Sync 1 DAGs
[2026-01-01T04:32:43.601+0000] {logging_mixin.py:188} INFO - [2026-01-01T04:32:43.601+0000] {dag.py:3947} INFO - Setting next_dagrun for copy_smoke_test to None, run_after=None
[2026-01-01T04:32:43.700+0000] {processor.py:183} INFO - Processing /opt/airflow/dags/Copy_smoke_pipeline.py took 0.232 seconds
[2026-01-01T04:33:14.164+0000] {processor.py:161} INFO - Started process (PID=9637) to work on /opt/airflow/dags/Copy_smoke_pipeline.py
[2026-01-01T04:33:14.166+0000] {processor.py:830} INFO - Processing file /opt/airflow/dags/Copy_smoke_pipeline.py for tasks to queue
[2026-01-01T04:33:14.167+0000] {logging_mixin.py:188} INFO - [2026-01-01T04:33:14.167+0000] {dagbag.py:545} INFO - Filling up the DagBag from /opt/airflow/dags/Copy_smoke_pipeline.py
[2026-01-01T04:33:14.195+0000] {processor.py:840} INFO - DAG(s) 'copy_smoke_test' retrieved from /opt/airflow/dags/Copy_smoke_pipeline.py
[2026-01-01T04:33:14.245+0000] {logging_mixin.py:188} INFO - [2026-01-01T04:33:14.244+0000] {dag.py:3089} INFO - Sync 1 DAGs
[2026-01-01T04:33:14.259+0000] {logging_mixin.py:188} INFO - [2026-01-01T04:33:14.259+0000] {dag.py:3947} INFO - Setting next_dagrun for copy_smoke_test to None, run_after=None
[2026-01-01T04:33:14.286+0000] {processor.py:183} INFO - Processing /opt/airflow/dags/Copy_smoke_pipeline.py took 0.131 seconds
[2026-01-01T04:33:44.922+0000] {processor.py:161} INFO - Started process (PID=9662) to work on /opt/airflow/dags/Copy_smoke_pipeline.py
[2026-01-01T04:33:44.925+0000] {processor.py:830} INFO - Processing file /opt/airflow/dags/Copy_smoke_pipeline.py for tasks to queue
[2026-01-01T04:33:44.927+0000] {logging_mixin.py:188} INFO - [2026-01-01T04:33:44.926+0000] {dagbag.py:545} INFO - Filling up the DagBag from /opt/airflow/dags/Copy_smoke_pipeline.py
[2026-01-01T04:33:44.963+0000] {processor.py:840} INFO - DAG(s) 'copy_smoke_test' retrieved from /opt/airflow/dags/Copy_smoke_pipeline.py
[2026-01-01T04:33:45.025+0000] {logging_mixin.py:188} INFO - [2026-01-01T04:33:45.025+0000] {dag.py:3089} INFO - Sync 1 DAGs
[2026-01-01T04:33:45.054+0000] {logging_mixin.py:188} INFO - [2026-01-01T04:33:45.053+0000] {dag.py:3947} INFO - Setting next_dagrun for copy_smoke_test to None, run_after=None
[2026-01-01T04:33:45.107+0000] {processor.py:183} INFO - Processing /opt/airflow/dags/Copy_smoke_pipeline.py took 0.200 seconds
[2026-01-01T04:34:15.631+0000] {processor.py:161} INFO - Started process (PID=9687) to work on /opt/airflow/dags/Copy_smoke_pipeline.py
[2026-01-01T04:34:15.633+0000] {processor.py:830} INFO - Processing file /opt/airflow/dags/Copy_smoke_pipeline.py for tasks to queue
[2026-01-01T04:34:15.635+0000] {logging_mixin.py:188} INFO - [2026-01-01T04:34:15.634+0000] {dagbag.py:545} INFO - Filling up the DagBag from /opt/airflow/dags/Copy_smoke_pipeline.py
[2026-01-01T04:34:15.658+0000] {processor.py:840} INFO - DAG(s) 'copy_smoke_test' retrieved from /opt/airflow/dags/Copy_smoke_pipeline.py
[2026-01-01T04:34:15.706+0000] {logging_mixin.py:188} INFO - [2026-01-01T04:34:15.705+0000] {dag.py:3089} INFO - Sync 1 DAGs
[2026-01-01T04:34:15.731+0000] {logging_mixin.py:188} INFO - [2026-01-01T04:34:15.731+0000] {dag.py:3947} INFO - Setting next_dagrun for copy_smoke_test to None, run_after=None
[2026-01-01T04:34:15.756+0000] {processor.py:183} INFO - Processing /opt/airflow/dags/Copy_smoke_pipeline.py took 0.136 seconds
[2026-01-01T04:34:46.433+0000] {processor.py:161} INFO - Started process (PID=9712) to work on /opt/airflow/dags/Copy_smoke_pipeline.py
[2026-01-01T04:34:46.435+0000] {processor.py:830} INFO - Processing file /opt/airflow/dags/Copy_smoke_pipeline.py for tasks to queue
[2026-01-01T04:34:46.436+0000] {logging_mixin.py:188} INFO - [2026-01-01T04:34:46.436+0000] {dagbag.py:545} INFO - Filling up the DagBag from /opt/airflow/dags/Copy_smoke_pipeline.py
[2026-01-01T04:34:46.469+0000] {processor.py:840} INFO - DAG(s) 'copy_smoke_test' retrieved from /opt/airflow/dags/Copy_smoke_pipeline.py
[2026-01-01T04:34:46.521+0000] {logging_mixin.py:188} INFO - [2026-01-01T04:34:46.521+0000] {dag.py:3089} INFO - Sync 1 DAGs
[2026-01-01T04:34:46.536+0000] {logging_mixin.py:188} INFO - [2026-01-01T04:34:46.536+0000] {dag.py:3947} INFO - Setting next_dagrun for copy_smoke_test to None, run_after=None
[2026-01-01T04:34:46.559+0000] {processor.py:183} INFO - Processing /opt/airflow/dags/Copy_smoke_pipeline.py took 0.138 seconds
[2026-01-01T04:35:17.071+0000] {processor.py:161} INFO - Started process (PID=9737) to work on /opt/airflow/dags/Copy_smoke_pipeline.py
[2026-01-01T04:35:17.072+0000] {processor.py:830} INFO - Processing file /opt/airflow/dags/Copy_smoke_pipeline.py for tasks to queue
[2026-01-01T04:35:17.074+0000] {logging_mixin.py:188} INFO - [2026-01-01T04:35:17.073+0000] {dagbag.py:545} INFO - Filling up the DagBag from /opt/airflow/dags/Copy_smoke_pipeline.py
[2026-01-01T04:35:17.097+0000] {processor.py:840} INFO - DAG(s) 'copy_smoke_test' retrieved from /opt/airflow/dags/Copy_smoke_pipeline.py
[2026-01-01T04:35:17.142+0000] {logging_mixin.py:188} INFO - [2026-01-01T04:35:17.142+0000] {dag.py:3089} INFO - Sync 1 DAGs
[2026-01-01T04:35:17.157+0000] {logging_mixin.py:188} INFO - [2026-01-01T04:35:17.157+0000] {dag.py:3947} INFO - Setting next_dagrun for copy_smoke_test to None, run_after=None
[2026-01-01T04:35:17.181+0000] {processor.py:183} INFO - Processing /opt/airflow/dags/Copy_smoke_pipeline.py took 0.120 seconds
[2026-01-01T04:35:47.700+0000] {processor.py:161} INFO - Started process (PID=9762) to work on /opt/airflow/dags/Copy_smoke_pipeline.py
[2026-01-01T04:35:47.702+0000] {processor.py:830} INFO - Processing file /opt/airflow/dags/Copy_smoke_pipeline.py for tasks to queue
[2026-01-01T04:35:47.703+0000] {logging_mixin.py:188} INFO - [2026-01-01T04:35:47.703+0000] {dagbag.py:545} INFO - Filling up the DagBag from /opt/airflow/dags/Copy_smoke_pipeline.py
[2026-01-01T04:35:47.731+0000] {processor.py:840} INFO - DAG(s) 'copy_smoke_test' retrieved from /opt/airflow/dags/Copy_smoke_pipeline.py
[2026-01-01T04:35:47.776+0000] {logging_mixin.py:188} INFO - [2026-01-01T04:35:47.776+0000] {dag.py:3089} INFO - Sync 1 DAGs
[2026-01-01T04:35:47.792+0000] {logging_mixin.py:188} INFO - [2026-01-01T04:35:47.791+0000] {dag.py:3947} INFO - Setting next_dagrun for copy_smoke_test to None, run_after=None
[2026-01-01T04:35:47.817+0000] {processor.py:183} INFO - Processing /opt/airflow/dags/Copy_smoke_pipeline.py took 0.131 seconds
[2026-01-01T04:36:18.771+0000] {processor.py:161} INFO - Started process (PID=9787) to work on /opt/airflow/dags/Copy_smoke_pipeline.py
[2026-01-01T04:36:18.773+0000] {processor.py:830} INFO - Processing file /opt/airflow/dags/Copy_smoke_pipeline.py for tasks to queue
[2026-01-01T04:36:18.775+0000] {logging_mixin.py:188} INFO - [2026-01-01T04:36:18.774+0000] {dagbag.py:545} INFO - Filling up the DagBag from /opt/airflow/dags/Copy_smoke_pipeline.py
[2026-01-01T04:36:18.823+0000] {processor.py:840} INFO - DAG(s) 'copy_smoke_test' retrieved from /opt/airflow/dags/Copy_smoke_pipeline.py
[2026-01-01T04:36:18.886+0000] {logging_mixin.py:188} INFO - [2026-01-01T04:36:18.886+0000] {dag.py:3089} INFO - Sync 1 DAGs
[2026-01-01T04:36:18.909+0000] {logging_mixin.py:188} INFO - [2026-01-01T04:36:18.909+0000] {dag.py:3947} INFO - Setting next_dagrun for copy_smoke_test to None, run_after=None
[2026-01-01T04:36:18.945+0000] {processor.py:183} INFO - Processing /opt/airflow/dags/Copy_smoke_pipeline.py took 0.187 seconds
[2026-01-01T04:36:49.481+0000] {processor.py:161} INFO - Started process (PID=9812) to work on /opt/airflow/dags/Copy_smoke_pipeline.py
[2026-01-01T04:36:49.483+0000] {processor.py:830} INFO - Processing file /opt/airflow/dags/Copy_smoke_pipeline.py for tasks to queue
[2026-01-01T04:36:49.484+0000] {logging_mixin.py:188} INFO - [2026-01-01T04:36:49.484+0000] {dagbag.py:545} INFO - Filling up the DagBag from /opt/airflow/dags/Copy_smoke_pipeline.py
[2026-01-01T04:36:49.514+0000] {processor.py:840} INFO - DAG(s) 'copy_smoke_test' retrieved from /opt/airflow/dags/Copy_smoke_pipeline.py
[2026-01-01T04:36:49.570+0000] {logging_mixin.py:188} INFO - [2026-01-01T04:36:49.569+0000] {dag.py:3089} INFO - Sync 1 DAGs
[2026-01-01T04:36:49.587+0000] {logging_mixin.py:188} INFO - [2026-01-01T04:36:49.586+0000] {dag.py:3947} INFO - Setting next_dagrun for copy_smoke_test to None, run_after=None
[2026-01-01T04:36:49.614+0000] {processor.py:183} INFO - Processing /opt/airflow/dags/Copy_smoke_pipeline.py took 0.142 seconds
[2026-01-01T04:37:20.323+0000] {processor.py:161} INFO - Started process (PID=9837) to work on /opt/airflow/dags/Copy_smoke_pipeline.py
[2026-01-01T04:37:20.325+0000] {processor.py:830} INFO - Processing file /opt/airflow/dags/Copy_smoke_pipeline.py for tasks to queue
[2026-01-01T04:37:20.327+0000] {logging_mixin.py:188} INFO - [2026-01-01T04:37:20.326+0000] {dagbag.py:545} INFO - Filling up the DagBag from /opt/airflow/dags/Copy_smoke_pipeline.py
[2026-01-01T04:37:20.360+0000] {processor.py:840} INFO - DAG(s) 'copy_smoke_test' retrieved from /opt/airflow/dags/Copy_smoke_pipeline.py
[2026-01-01T04:37:20.425+0000] {logging_mixin.py:188} INFO - [2026-01-01T04:37:20.425+0000] {dag.py:3089} INFO - Sync 1 DAGs
[2026-01-01T04:37:20.449+0000] {logging_mixin.py:188} INFO - [2026-01-01T04:37:20.449+0000] {dag.py:3947} INFO - Setting next_dagrun for copy_smoke_test to None, run_after=None
[2026-01-01T04:37:20.482+0000] {processor.py:183} INFO - Processing /opt/airflow/dags/Copy_smoke_pipeline.py took 0.174 seconds
[2026-01-01T04:37:51.192+0000] {processor.py:161} INFO - Started process (PID=9862) to work on /opt/airflow/dags/Copy_smoke_pipeline.py
[2026-01-01T04:37:51.194+0000] {processor.py:830} INFO - Processing file /opt/airflow/dags/Copy_smoke_pipeline.py for tasks to queue
[2026-01-01T04:37:51.196+0000] {logging_mixin.py:188} INFO - [2026-01-01T04:37:51.195+0000] {dagbag.py:545} INFO - Filling up the DagBag from /opt/airflow/dags/Copy_smoke_pipeline.py
[2026-01-01T04:37:51.222+0000] {processor.py:840} INFO - DAG(s) 'copy_smoke_test' retrieved from /opt/airflow/dags/Copy_smoke_pipeline.py
[2026-01-01T04:37:51.265+0000] {logging_mixin.py:188} INFO - [2026-01-01T04:37:51.265+0000] {dag.py:3089} INFO - Sync 1 DAGs
[2026-01-01T04:37:51.279+0000] {logging_mixin.py:188} INFO - [2026-01-01T04:37:51.279+0000] {dag.py:3947} INFO - Setting next_dagrun for copy_smoke_test to None, run_after=None
[2026-01-01T04:37:51.302+0000] {processor.py:183} INFO - Processing /opt/airflow/dags/Copy_smoke_pipeline.py took 0.122 seconds
[2026-01-01T04:38:22.068+0000] {processor.py:161} INFO - Started process (PID=9887) to work on /opt/airflow/dags/Copy_smoke_pipeline.py
[2026-01-01T04:38:22.070+0000] {processor.py:830} INFO - Processing file /opt/airflow/dags/Copy_smoke_pipeline.py for tasks to queue
[2026-01-01T04:38:22.071+0000] {logging_mixin.py:188} INFO - [2026-01-01T04:38:22.071+0000] {dagbag.py:545} INFO - Filling up the DagBag from /opt/airflow/dags/Copy_smoke_pipeline.py
[2026-01-01T04:38:22.094+0000] {processor.py:840} INFO - DAG(s) 'copy_smoke_test' retrieved from /opt/airflow/dags/Copy_smoke_pipeline.py
[2026-01-01T04:38:22.137+0000] {logging_mixin.py:188} INFO - [2026-01-01T04:38:22.137+0000] {dag.py:3089} INFO - Sync 1 DAGs
[2026-01-01T04:38:22.151+0000] {logging_mixin.py:188} INFO - [2026-01-01T04:38:22.151+0000] {dag.py:3947} INFO - Setting next_dagrun for copy_smoke_test to None, run_after=None
[2026-01-01T04:38:22.176+0000] {processor.py:183} INFO - Processing /opt/airflow/dags/Copy_smoke_pipeline.py took 0.116 seconds
[2026-01-01T04:38:52.903+0000] {processor.py:161} INFO - Started process (PID=9912) to work on /opt/airflow/dags/Copy_smoke_pipeline.py
[2026-01-01T04:38:52.905+0000] {processor.py:830} INFO - Processing file /opt/airflow/dags/Copy_smoke_pipeline.py for tasks to queue
[2026-01-01T04:38:52.907+0000] {logging_mixin.py:188} INFO - [2026-01-01T04:38:52.907+0000] {dagbag.py:545} INFO - Filling up the DagBag from /opt/airflow/dags/Copy_smoke_pipeline.py
[2026-01-01T04:38:52.936+0000] {processor.py:840} INFO - DAG(s) 'copy_smoke_test' retrieved from /opt/airflow/dags/Copy_smoke_pipeline.py
[2026-01-01T04:38:52.993+0000] {logging_mixin.py:188} INFO - [2026-01-01T04:38:52.993+0000] {dag.py:3089} INFO - Sync 1 DAGs
[2026-01-01T04:38:53.014+0000] {logging_mixin.py:188} INFO - [2026-01-01T04:38:53.014+0000] {dag.py:3947} INFO - Setting next_dagrun for copy_smoke_test to None, run_after=None
[2026-01-01T04:38:53.043+0000] {processor.py:183} INFO - Processing /opt/airflow/dags/Copy_smoke_pipeline.py took 0.155 seconds
[2026-01-01T04:39:23.176+0000] {processor.py:161} INFO - Started process (PID=9937) to work on /opt/airflow/dags/Copy_smoke_pipeline.py
[2026-01-01T04:39:23.177+0000] {processor.py:830} INFO - Processing file /opt/airflow/dags/Copy_smoke_pipeline.py for tasks to queue
[2026-01-01T04:39:23.179+0000] {logging_mixin.py:188} INFO - [2026-01-01T04:39:23.179+0000] {dagbag.py:545} INFO - Filling up the DagBag from /opt/airflow/dags/Copy_smoke_pipeline.py
[2026-01-01T04:39:23.205+0000] {processor.py:840} INFO - DAG(s) 'copy_smoke_test' retrieved from /opt/airflow/dags/Copy_smoke_pipeline.py
[2026-01-01T04:39:23.257+0000] {logging_mixin.py:188} INFO - [2026-01-01T04:39:23.257+0000] {dag.py:3089} INFO - Sync 1 DAGs
[2026-01-01T04:39:23.276+0000] {logging_mixin.py:188} INFO - [2026-01-01T04:39:23.276+0000] {dag.py:3947} INFO - Setting next_dagrun for copy_smoke_test to None, run_after=None
[2026-01-01T04:39:23.304+0000] {processor.py:183} INFO - Processing /opt/airflow/dags/Copy_smoke_pipeline.py took 0.137 seconds
[2026-01-01T04:39:53.441+0000] {processor.py:161} INFO - Started process (PID=9962) to work on /opt/airflow/dags/Copy_smoke_pipeline.py
[2026-01-01T04:39:53.442+0000] {processor.py:830} INFO - Processing file /opt/airflow/dags/Copy_smoke_pipeline.py for tasks to queue
[2026-01-01T04:39:53.444+0000] {logging_mixin.py:188} INFO - [2026-01-01T04:39:53.443+0000] {dagbag.py:545} INFO - Filling up the DagBag from /opt/airflow/dags/Copy_smoke_pipeline.py
[2026-01-01T04:39:53.466+0000] {processor.py:840} INFO - DAG(s) 'copy_smoke_test' retrieved from /opt/airflow/dags/Copy_smoke_pipeline.py
[2026-01-01T04:39:53.508+0000] {logging_mixin.py:188} INFO - [2026-01-01T04:39:53.508+0000] {dag.py:3089} INFO - Sync 1 DAGs
[2026-01-01T04:39:53.523+0000] {logging_mixin.py:188} INFO - [2026-01-01T04:39:53.523+0000] {dag.py:3947} INFO - Setting next_dagrun for copy_smoke_test to None, run_after=None
[2026-01-01T04:39:53.547+0000] {processor.py:183} INFO - Processing /opt/airflow/dags/Copy_smoke_pipeline.py took 0.115 seconds
[2026-01-01T04:40:24.417+0000] {processor.py:161} INFO - Started process (PID=9987) to work on /opt/airflow/dags/Copy_smoke_pipeline.py
[2026-01-01T04:40:24.419+0000] {processor.py:830} INFO - Processing file /opt/airflow/dags/Copy_smoke_pipeline.py for tasks to queue
[2026-01-01T04:40:24.421+0000] {logging_mixin.py:188} INFO - [2026-01-01T04:40:24.420+0000] {dagbag.py:545} INFO - Filling up the DagBag from /opt/airflow/dags/Copy_smoke_pipeline.py
[2026-01-01T04:40:24.454+0000] {processor.py:840} INFO - DAG(s) 'copy_smoke_test' retrieved from /opt/airflow/dags/Copy_smoke_pipeline.py
[2026-01-01T04:40:24.530+0000] {logging_mixin.py:188} INFO - [2026-01-01T04:40:24.529+0000] {dag.py:3089} INFO - Sync 1 DAGs
[2026-01-01T04:40:24.557+0000] {logging_mixin.py:188} INFO - [2026-01-01T04:40:24.557+0000] {dag.py:3947} INFO - Setting next_dagrun for copy_smoke_test to None, run_after=None
[2026-01-01T04:40:24.592+0000] {processor.py:183} INFO - Processing /opt/airflow/dags/Copy_smoke_pipeline.py took 0.192 seconds
[2026-01-01T04:40:55.149+0000] {processor.py:161} INFO - Started process (PID=10012) to work on /opt/airflow/dags/Copy_smoke_pipeline.py
[2026-01-01T04:40:55.151+0000] {processor.py:830} INFO - Processing file /opt/airflow/dags/Copy_smoke_pipeline.py for tasks to queue
[2026-01-01T04:40:55.152+0000] {logging_mixin.py:188} INFO - [2026-01-01T04:40:55.152+0000] {dagbag.py:545} INFO - Filling up the DagBag from /opt/airflow/dags/Copy_smoke_pipeline.py
[2026-01-01T04:40:55.178+0000] {processor.py:840} INFO - DAG(s) 'copy_smoke_test' retrieved from /opt/airflow/dags/Copy_smoke_pipeline.py
[2026-01-01T04:40:55.234+0000] {logging_mixin.py:188} INFO - [2026-01-01T04:40:55.234+0000] {dag.py:3089} INFO - Sync 1 DAGs
[2026-01-01T04:40:55.255+0000] {logging_mixin.py:188} INFO - [2026-01-01T04:40:55.254+0000] {dag.py:3947} INFO - Setting next_dagrun for copy_smoke_test to None, run_after=None
[2026-01-01T04:40:55.288+0000] {processor.py:183} INFO - Processing /opt/airflow/dags/Copy_smoke_pipeline.py took 0.149 seconds
[2026-01-01T04:41:25.900+0000] {processor.py:161} INFO - Started process (PID=10037) to work on /opt/airflow/dags/Copy_smoke_pipeline.py
[2026-01-01T04:41:25.902+0000] {processor.py:830} INFO - Processing file /opt/airflow/dags/Copy_smoke_pipeline.py for tasks to queue
[2026-01-01T04:41:25.904+0000] {logging_mixin.py:188} INFO - [2026-01-01T04:41:25.903+0000] {dagbag.py:545} INFO - Filling up the DagBag from /opt/airflow/dags/Copy_smoke_pipeline.py
[2026-01-01T04:41:25.932+0000] {processor.py:840} INFO - DAG(s) 'copy_smoke_test' retrieved from /opt/airflow/dags/Copy_smoke_pipeline.py
[2026-01-01T04:41:25.989+0000] {logging_mixin.py:188} INFO - [2026-01-01T04:41:25.988+0000] {dag.py:3089} INFO - Sync 1 DAGs
[2026-01-01T04:41:26.011+0000] {logging_mixin.py:188} INFO - [2026-01-01T04:41:26.010+0000] {dag.py:3947} INFO - Setting next_dagrun for copy_smoke_test to None, run_after=None
[2026-01-01T04:41:26.043+0000] {processor.py:183} INFO - Processing /opt/airflow/dags/Copy_smoke_pipeline.py took 0.171 seconds
[2026-01-01T04:41:56.837+0000] {processor.py:161} INFO - Started process (PID=10062) to work on /opt/airflow/dags/Copy_smoke_pipeline.py
[2026-01-01T04:41:56.838+0000] {processor.py:830} INFO - Processing file /opt/airflow/dags/Copy_smoke_pipeline.py for tasks to queue
[2026-01-01T04:41:56.840+0000] {logging_mixin.py:188} INFO - [2026-01-01T04:41:56.839+0000] {dagbag.py:545} INFO - Filling up the DagBag from /opt/airflow/dags/Copy_smoke_pipeline.py
[2026-01-01T04:41:56.868+0000] {processor.py:840} INFO - DAG(s) 'copy_smoke_test' retrieved from /opt/airflow/dags/Copy_smoke_pipeline.py
[2026-01-01T04:41:56.926+0000] {logging_mixin.py:188} INFO - [2026-01-01T04:41:56.926+0000] {dag.py:3089} INFO - Sync 1 DAGs
[2026-01-01T04:41:56.963+0000] {logging_mixin.py:188} INFO - [2026-01-01T04:41:56.962+0000] {dag.py:3947} INFO - Setting next_dagrun for copy_smoke_test to None, run_after=None
[2026-01-01T04:41:56.992+0000] {processor.py:183} INFO - Processing /opt/airflow/dags/Copy_smoke_pipeline.py took 0.165 seconds
[2026-01-01T04:42:27.723+0000] {processor.py:161} INFO - Started process (PID=10087) to work on /opt/airflow/dags/Copy_smoke_pipeline.py
[2026-01-01T04:42:27.724+0000] {processor.py:830} INFO - Processing file /opt/airflow/dags/Copy_smoke_pipeline.py for tasks to queue
[2026-01-01T04:42:27.726+0000] {logging_mixin.py:188} INFO - [2026-01-01T04:42:27.725+0000] {dagbag.py:545} INFO - Filling up the DagBag from /opt/airflow/dags/Copy_smoke_pipeline.py
[2026-01-01T04:42:27.754+0000] {processor.py:840} INFO - DAG(s) 'copy_smoke_test' retrieved from /opt/airflow/dags/Copy_smoke_pipeline.py
[2026-01-01T04:42:27.800+0000] {logging_mixin.py:188} INFO - [2026-01-01T04:42:27.800+0000] {dag.py:3089} INFO - Sync 1 DAGs
[2026-01-01T04:42:27.815+0000] {logging_mixin.py:188} INFO - [2026-01-01T04:42:27.815+0000] {dag.py:3947} INFO - Setting next_dagrun for copy_smoke_test to None, run_after=None
[2026-01-01T04:42:27.839+0000] {processor.py:183} INFO - Processing /opt/airflow/dags/Copy_smoke_pipeline.py took 0.124 seconds
[2026-01-01T04:42:58.502+0000] {processor.py:161} INFO - Started process (PID=10112) to work on /opt/airflow/dags/Copy_smoke_pipeline.py
[2026-01-01T04:42:58.504+0000] {processor.py:830} INFO - Processing file /opt/airflow/dags/Copy_smoke_pipeline.py for tasks to queue
[2026-01-01T04:42:58.511+0000] {logging_mixin.py:188} INFO - [2026-01-01T04:42:58.511+0000] {dagbag.py:545} INFO - Filling up the DagBag from /opt/airflow/dags/Copy_smoke_pipeline.py
[2026-01-01T04:42:58.545+0000] {processor.py:840} INFO - DAG(s) 'copy_smoke_test' retrieved from /opt/airflow/dags/Copy_smoke_pipeline.py
[2026-01-01T04:42:58.597+0000] {logging_mixin.py:188} INFO - [2026-01-01T04:42:58.597+0000] {dag.py:3089} INFO - Sync 1 DAGs
[2026-01-01T04:42:58.615+0000] {logging_mixin.py:188} INFO - [2026-01-01T04:42:58.615+0000] {dag.py:3947} INFO - Setting next_dagrun for copy_smoke_test to None, run_after=None
[2026-01-01T04:42:58.643+0000] {processor.py:183} INFO - Processing /opt/airflow/dags/Copy_smoke_pipeline.py took 0.158 seconds
[2026-01-01T04:43:29.303+0000] {processor.py:161} INFO - Started process (PID=10137) to work on /opt/airflow/dags/Copy_smoke_pipeline.py
[2026-01-01T04:43:29.306+0000] {processor.py:830} INFO - Processing file /opt/airflow/dags/Copy_smoke_pipeline.py for tasks to queue
[2026-01-01T04:43:29.307+0000] {logging_mixin.py:188} INFO - [2026-01-01T04:43:29.307+0000] {dagbag.py:545} INFO - Filling up the DagBag from /opt/airflow/dags/Copy_smoke_pipeline.py
[2026-01-01T04:43:29.336+0000] {processor.py:840} INFO - DAG(s) 'copy_smoke_test' retrieved from /opt/airflow/dags/Copy_smoke_pipeline.py
[2026-01-01T04:43:29.399+0000] {logging_mixin.py:188} INFO - [2026-01-01T04:43:29.399+0000] {dag.py:3089} INFO - Sync 1 DAGs
[2026-01-01T04:43:29.417+0000] {logging_mixin.py:188} INFO - [2026-01-01T04:43:29.417+0000] {dag.py:3947} INFO - Setting next_dagrun for copy_smoke_test to None, run_after=None
[2026-01-01T04:43:29.442+0000] {processor.py:183} INFO - Processing /opt/airflow/dags/Copy_smoke_pipeline.py took 0.152 seconds
[2026-01-01T04:43:59.940+0000] {processor.py:161} INFO - Started process (PID=10162) to work on /opt/airflow/dags/Copy_smoke_pipeline.py
[2026-01-01T04:43:59.941+0000] {processor.py:830} INFO - Processing file /opt/airflow/dags/Copy_smoke_pipeline.py for tasks to queue
[2026-01-01T04:43:59.943+0000] {logging_mixin.py:188} INFO - [2026-01-01T04:43:59.943+0000] {dagbag.py:545} INFO - Filling up the DagBag from /opt/airflow/dags/Copy_smoke_pipeline.py
[2026-01-01T04:43:59.967+0000] {processor.py:840} INFO - DAG(s) 'copy_smoke_test' retrieved from /opt/airflow/dags/Copy_smoke_pipeline.py
[2026-01-01T04:44:00.039+0000] {logging_mixin.py:188} INFO - [2026-01-01T04:44:00.038+0000] {dag.py:3089} INFO - Sync 1 DAGs
[2026-01-01T04:44:00.057+0000] {logging_mixin.py:188} INFO - [2026-01-01T04:44:00.057+0000] {dag.py:3947} INFO - Setting next_dagrun for copy_smoke_test to None, run_after=None
[2026-01-01T04:44:00.138+0000] {processor.py:183} INFO - Processing /opt/airflow/dags/Copy_smoke_pipeline.py took 0.212 seconds
[2026-01-01T04:44:30.932+0000] {processor.py:161} INFO - Started process (PID=10187) to work on /opt/airflow/dags/Copy_smoke_pipeline.py
[2026-01-01T04:44:30.935+0000] {processor.py:830} INFO - Processing file /opt/airflow/dags/Copy_smoke_pipeline.py for tasks to queue
[2026-01-01T04:44:30.938+0000] {logging_mixin.py:188} INFO - [2026-01-01T04:44:30.937+0000] {dagbag.py:545} INFO - Filling up the DagBag from /opt/airflow/dags/Copy_smoke_pipeline.py
[2026-01-01T04:44:30.973+0000] {processor.py:840} INFO - DAG(s) 'copy_smoke_test' retrieved from /opt/airflow/dags/Copy_smoke_pipeline.py
[2026-01-01T04:44:31.037+0000] {logging_mixin.py:188} INFO - [2026-01-01T04:44:31.037+0000] {dag.py:3089} INFO - Sync 1 DAGs
[2026-01-01T04:44:31.056+0000] {logging_mixin.py:188} INFO - [2026-01-01T04:44:31.056+0000] {dag.py:3947} INFO - Setting next_dagrun for copy_smoke_test to None, run_after=None
[2026-01-01T04:44:31.085+0000] {processor.py:183} INFO - Processing /opt/airflow/dags/Copy_smoke_pipeline.py took 0.164 seconds
[2026-01-01T04:45:01.570+0000] {processor.py:161} INFO - Started process (PID=10212) to work on /opt/airflow/dags/Copy_smoke_pipeline.py
[2026-01-01T04:45:01.572+0000] {processor.py:830} INFO - Processing file /opt/airflow/dags/Copy_smoke_pipeline.py for tasks to queue
[2026-01-01T04:45:01.574+0000] {logging_mixin.py:188} INFO - [2026-01-01T04:45:01.574+0000] {dagbag.py:545} INFO - Filling up the DagBag from /opt/airflow/dags/Copy_smoke_pipeline.py
[2026-01-01T04:45:01.613+0000] {processor.py:840} INFO - DAG(s) 'copy_smoke_test' retrieved from /opt/airflow/dags/Copy_smoke_pipeline.py
[2026-01-01T04:45:01.680+0000] {logging_mixin.py:188} INFO - [2026-01-01T04:45:01.680+0000] {dag.py:3089} INFO - Sync 1 DAGs
[2026-01-01T04:45:01.700+0000] {logging_mixin.py:188} INFO - [2026-01-01T04:45:01.700+0000] {dag.py:3947} INFO - Setting next_dagrun for copy_smoke_test to None, run_after=None
[2026-01-01T04:45:01.752+0000] {processor.py:183} INFO - Processing /opt/airflow/dags/Copy_smoke_pipeline.py took 0.201 seconds
[2026-01-01T04:45:32.369+0000] {processor.py:161} INFO - Started process (PID=10237) to work on /opt/airflow/dags/Copy_smoke_pipeline.py
[2026-01-01T04:45:32.371+0000] {processor.py:830} INFO - Processing file /opt/airflow/dags/Copy_smoke_pipeline.py for tasks to queue
[2026-01-01T04:45:32.372+0000] {logging_mixin.py:188} INFO - [2026-01-01T04:45:32.372+0000] {dagbag.py:545} INFO - Filling up the DagBag from /opt/airflow/dags/Copy_smoke_pipeline.py
[2026-01-01T04:45:32.402+0000] {processor.py:840} INFO - DAG(s) 'copy_smoke_test' retrieved from /opt/airflow/dags/Copy_smoke_pipeline.py
[2026-01-01T04:45:32.455+0000] {logging_mixin.py:188} INFO - [2026-01-01T04:45:32.454+0000] {dag.py:3089} INFO - Sync 1 DAGs
[2026-01-01T04:45:32.474+0000] {logging_mixin.py:188} INFO - [2026-01-01T04:45:32.474+0000] {dag.py:3947} INFO - Setting next_dagrun for copy_smoke_test to None, run_after=None
[2026-01-01T04:45:32.505+0000] {processor.py:183} INFO - Processing /opt/airflow/dags/Copy_smoke_pipeline.py took 0.144 seconds
[2026-01-01T04:46:02.795+0000] {processor.py:161} INFO - Started process (PID=10262) to work on /opt/airflow/dags/Copy_smoke_pipeline.py
[2026-01-01T04:46:02.796+0000] {processor.py:830} INFO - Processing file /opt/airflow/dags/Copy_smoke_pipeline.py for tasks to queue
[2026-01-01T04:46:02.798+0000] {logging_mixin.py:188} INFO - [2026-01-01T04:46:02.798+0000] {dagbag.py:545} INFO - Filling up the DagBag from /opt/airflow/dags/Copy_smoke_pipeline.py
[2026-01-01T04:46:02.829+0000] {processor.py:840} INFO - DAG(s) 'copy_smoke_test' retrieved from /opt/airflow/dags/Copy_smoke_pipeline.py
[2026-01-01T04:46:02.892+0000] {logging_mixin.py:188} INFO - [2026-01-01T04:46:02.892+0000] {dag.py:3089} INFO - Sync 1 DAGs
[2026-01-01T04:46:02.911+0000] {logging_mixin.py:188} INFO - [2026-01-01T04:46:02.910+0000] {dag.py:3947} INFO - Setting next_dagrun for copy_smoke_test to None, run_after=None
[2026-01-01T04:46:02.940+0000] {processor.py:183} INFO - Processing /opt/airflow/dags/Copy_smoke_pipeline.py took 0.156 seconds
[2026-01-01T04:46:33.564+0000] {processor.py:161} INFO - Started process (PID=10287) to work on /opt/airflow/dags/Copy_smoke_pipeline.py
[2026-01-01T04:46:33.566+0000] {processor.py:830} INFO - Processing file /opt/airflow/dags/Copy_smoke_pipeline.py for tasks to queue
[2026-01-01T04:46:33.567+0000] {logging_mixin.py:188} INFO - [2026-01-01T04:46:33.567+0000] {dagbag.py:545} INFO - Filling up the DagBag from /opt/airflow/dags/Copy_smoke_pipeline.py
[2026-01-01T04:46:33.596+0000] {processor.py:840} INFO - DAG(s) 'copy_smoke_test' retrieved from /opt/airflow/dags/Copy_smoke_pipeline.py
[2026-01-01T04:46:33.639+0000] {logging_mixin.py:188} INFO - [2026-01-01T04:46:33.639+0000] {dag.py:3089} INFO - Sync 1 DAGs
[2026-01-01T04:46:33.654+0000] {logging_mixin.py:188} INFO - [2026-01-01T04:46:33.653+0000] {dag.py:3947} INFO - Setting next_dagrun for copy_smoke_test to None, run_after=None
[2026-01-01T04:46:33.678+0000] {processor.py:183} INFO - Processing /opt/airflow/dags/Copy_smoke_pipeline.py took 0.124 seconds
[2026-01-01T04:47:04.731+0000] {processor.py:161} INFO - Started process (PID=10312) to work on /opt/airflow/dags/Copy_smoke_pipeline.py
[2026-01-01T04:47:04.734+0000] {processor.py:830} INFO - Processing file /opt/airflow/dags/Copy_smoke_pipeline.py for tasks to queue
[2026-01-01T04:47:04.741+0000] {logging_mixin.py:188} INFO - [2026-01-01T04:47:04.741+0000] {dagbag.py:545} INFO - Filling up the DagBag from /opt/airflow/dags/Copy_smoke_pipeline.py
[2026-01-01T04:47:04.786+0000] {processor.py:840} INFO - DAG(s) 'copy_smoke_test' retrieved from /opt/airflow/dags/Copy_smoke_pipeline.py
[2026-01-01T04:47:04.886+0000] {logging_mixin.py:188} INFO - [2026-01-01T04:47:04.885+0000] {dag.py:3089} INFO - Sync 1 DAGs
[2026-01-01T04:47:04.924+0000] {logging_mixin.py:188} INFO - [2026-01-01T04:47:04.924+0000] {dag.py:3947} INFO - Setting next_dagrun for copy_smoke_test to None, run_after=None
[2026-01-01T04:47:04.965+0000] {processor.py:183} INFO - Processing /opt/airflow/dags/Copy_smoke_pipeline.py took 0.254 seconds
[2026-01-01T04:47:35.268+0000] {processor.py:161} INFO - Started process (PID=10337) to work on /opt/airflow/dags/Copy_smoke_pipeline.py
[2026-01-01T04:47:35.270+0000] {processor.py:830} INFO - Processing file /opt/airflow/dags/Copy_smoke_pipeline.py for tasks to queue
[2026-01-01T04:47:35.271+0000] {logging_mixin.py:188} INFO - [2026-01-01T04:47:35.271+0000] {dagbag.py:545} INFO - Filling up the DagBag from /opt/airflow/dags/Copy_smoke_pipeline.py
[2026-01-01T04:47:35.301+0000] {processor.py:840} INFO - DAG(s) 'copy_smoke_test' retrieved from /opt/airflow/dags/Copy_smoke_pipeline.py
[2026-01-01T04:47:35.359+0000] {logging_mixin.py:188} INFO - [2026-01-01T04:47:35.358+0000] {dag.py:3089} INFO - Sync 1 DAGs
[2026-01-01T04:47:35.386+0000] {logging_mixin.py:188} INFO - [2026-01-01T04:47:35.385+0000] {dag.py:3947} INFO - Setting next_dagrun for copy_smoke_test to None, run_after=None
[2026-01-01T04:47:35.424+0000] {processor.py:183} INFO - Processing /opt/airflow/dags/Copy_smoke_pipeline.py took 0.166 seconds
[2026-01-01T04:48:06.366+0000] {processor.py:161} INFO - Started process (PID=10362) to work on /opt/airflow/dags/Copy_smoke_pipeline.py
[2026-01-01T04:48:06.368+0000] {processor.py:830} INFO - Processing file /opt/airflow/dags/Copy_smoke_pipeline.py for tasks to queue
[2026-01-01T04:48:06.371+0000] {logging_mixin.py:188} INFO - [2026-01-01T04:48:06.370+0000] {dagbag.py:545} INFO - Filling up the DagBag from /opt/airflow/dags/Copy_smoke_pipeline.py
[2026-01-01T04:48:06.394+0000] {processor.py:840} INFO - DAG(s) 'copy_smoke_test' retrieved from /opt/airflow/dags/Copy_smoke_pipeline.py
[2026-01-01T04:48:06.461+0000] {logging_mixin.py:188} INFO - [2026-01-01T04:48:06.459+0000] {dag.py:3089} INFO - Sync 1 DAGs
[2026-01-01T04:48:06.488+0000] {logging_mixin.py:188} INFO - [2026-01-01T04:48:06.487+0000] {dag.py:3947} INFO - Setting next_dagrun for copy_smoke_test to None, run_after=None
[2026-01-01T04:48:06.524+0000] {processor.py:183} INFO - Processing /opt/airflow/dags/Copy_smoke_pipeline.py took 0.171 seconds
[2026-01-01T04:48:37.170+0000] {processor.py:161} INFO - Started process (PID=10387) to work on /opt/airflow/dags/Copy_smoke_pipeline.py
[2026-01-01T04:48:37.172+0000] {processor.py:830} INFO - Processing file /opt/airflow/dags/Copy_smoke_pipeline.py for tasks to queue
[2026-01-01T04:48:37.173+0000] {logging_mixin.py:188} INFO - [2026-01-01T04:48:37.173+0000] {dagbag.py:545} INFO - Filling up the DagBag from /opt/airflow/dags/Copy_smoke_pipeline.py
[2026-01-01T04:48:37.203+0000] {processor.py:840} INFO - DAG(s) 'copy_smoke_test' retrieved from /opt/airflow/dags/Copy_smoke_pipeline.py
[2026-01-01T04:48:37.259+0000] {logging_mixin.py:188} INFO - [2026-01-01T04:48:37.258+0000] {dag.py:3089} INFO - Sync 1 DAGs
[2026-01-01T04:48:37.277+0000] {logging_mixin.py:188} INFO - [2026-01-01T04:48:37.276+0000] {dag.py:3947} INFO - Setting next_dagrun for copy_smoke_test to None, run_after=None
[2026-01-01T04:48:37.309+0000] {processor.py:183} INFO - Processing /opt/airflow/dags/Copy_smoke_pipeline.py took 0.151 seconds
[2026-01-01T04:49:07.854+0000] {processor.py:161} INFO - Started process (PID=10412) to work on /opt/airflow/dags/Copy_smoke_pipeline.py
[2026-01-01T04:49:07.856+0000] {processor.py:830} INFO - Processing file /opt/airflow/dags/Copy_smoke_pipeline.py for tasks to queue
[2026-01-01T04:49:07.857+0000] {logging_mixin.py:188} INFO - [2026-01-01T04:49:07.857+0000] {dagbag.py:545} INFO - Filling up the DagBag from /opt/airflow/dags/Copy_smoke_pipeline.py
[2026-01-01T04:49:07.885+0000] {processor.py:840} INFO - DAG(s) 'copy_smoke_test' retrieved from /opt/airflow/dags/Copy_smoke_pipeline.py
[2026-01-01T04:49:07.939+0000] {logging_mixin.py:188} INFO - [2026-01-01T04:49:07.939+0000] {dag.py:3089} INFO - Sync 1 DAGs
[2026-01-01T04:49:07.954+0000] {logging_mixin.py:188} INFO - [2026-01-01T04:49:07.954+0000] {dag.py:3947} INFO - Setting next_dagrun for copy_smoke_test to None, run_after=None
[2026-01-01T04:49:07.979+0000] {processor.py:183} INFO - Processing /opt/airflow/dags/Copy_smoke_pipeline.py took 0.134 seconds
[2026-01-01T04:49:38.570+0000] {processor.py:161} INFO - Started process (PID=10437) to work on /opt/airflow/dags/Copy_smoke_pipeline.py
[2026-01-01T04:49:38.572+0000] {processor.py:830} INFO - Processing file /opt/airflow/dags/Copy_smoke_pipeline.py for tasks to queue
[2026-01-01T04:49:38.573+0000] {logging_mixin.py:188} INFO - [2026-01-01T04:49:38.573+0000] {dagbag.py:545} INFO - Filling up the DagBag from /opt/airflow/dags/Copy_smoke_pipeline.py
[2026-01-01T04:49:38.598+0000] {processor.py:840} INFO - DAG(s) 'copy_smoke_test' retrieved from /opt/airflow/dags/Copy_smoke_pipeline.py
[2026-01-01T04:49:38.647+0000] {logging_mixin.py:188} INFO - [2026-01-01T04:49:38.647+0000] {dag.py:3089} INFO - Sync 1 DAGs
[2026-01-01T04:49:38.662+0000] {logging_mixin.py:188} INFO - [2026-01-01T04:49:38.662+0000] {dag.py:3947} INFO - Setting next_dagrun for copy_smoke_test to None, run_after=None
[2026-01-01T04:49:38.688+0000] {processor.py:183} INFO - Processing /opt/airflow/dags/Copy_smoke_pipeline.py took 0.128 seconds
[2026-01-01T04:50:09.546+0000] {processor.py:161} INFO - Started process (PID=10462) to work on /opt/airflow/dags/Copy_smoke_pipeline.py
[2026-01-01T04:50:09.548+0000] {processor.py:830} INFO - Processing file /opt/airflow/dags/Copy_smoke_pipeline.py for tasks to queue
[2026-01-01T04:50:09.550+0000] {logging_mixin.py:188} INFO - [2026-01-01T04:50:09.549+0000] {dagbag.py:545} INFO - Filling up the DagBag from /opt/airflow/dags/Copy_smoke_pipeline.py
[2026-01-01T04:50:09.580+0000] {processor.py:840} INFO - DAG(s) 'copy_smoke_test' retrieved from /opt/airflow/dags/Copy_smoke_pipeline.py
[2026-01-01T04:50:09.626+0000] {logging_mixin.py:188} INFO - [2026-01-01T04:50:09.626+0000] {dag.py:3089} INFO - Sync 1 DAGs
[2026-01-01T04:50:09.642+0000] {logging_mixin.py:188} INFO - [2026-01-01T04:50:09.642+0000] {dag.py:3947} INFO - Setting next_dagrun for copy_smoke_test to None, run_after=None
[2026-01-01T04:50:09.787+0000] {processor.py:183} INFO - Processing /opt/airflow/dags/Copy_smoke_pipeline.py took 0.254 seconds
[2026-01-01T04:50:40.312+0000] {processor.py:161} INFO - Started process (PID=10487) to work on /opt/airflow/dags/Copy_smoke_pipeline.py
[2026-01-01T04:50:40.314+0000] {processor.py:830} INFO - Processing file /opt/airflow/dags/Copy_smoke_pipeline.py for tasks to queue
[2026-01-01T04:50:40.316+0000] {logging_mixin.py:188} INFO - [2026-01-01T04:50:40.315+0000] {dagbag.py:545} INFO - Filling up the DagBag from /opt/airflow/dags/Copy_smoke_pipeline.py
[2026-01-01T04:50:40.340+0000] {processor.py:840} INFO - DAG(s) 'copy_smoke_test' retrieved from /opt/airflow/dags/Copy_smoke_pipeline.py
[2026-01-01T04:50:40.385+0000] {logging_mixin.py:188} INFO - [2026-01-01T04:50:40.385+0000] {dag.py:3089} INFO - Sync 1 DAGs
[2026-01-01T04:50:40.400+0000] {logging_mixin.py:188} INFO - [2026-01-01T04:50:40.399+0000] {dag.py:3947} INFO - Setting next_dagrun for copy_smoke_test to None, run_after=None
[2026-01-01T04:50:40.424+0000] {processor.py:183} INFO - Processing /opt/airflow/dags/Copy_smoke_pipeline.py took 0.121 seconds
[2026-01-01T04:51:10.601+0000] {processor.py:161} INFO - Started process (PID=10512) to work on /opt/airflow/dags/Copy_smoke_pipeline.py
[2026-01-01T04:51:10.603+0000] {processor.py:830} INFO - Processing file /opt/airflow/dags/Copy_smoke_pipeline.py for tasks to queue
[2026-01-01T04:51:10.604+0000] {logging_mixin.py:188} INFO - [2026-01-01T04:51:10.604+0000] {dagbag.py:545} INFO - Filling up the DagBag from /opt/airflow/dags/Copy_smoke_pipeline.py
[2026-01-01T04:51:10.631+0000] {processor.py:840} INFO - DAG(s) 'copy_smoke_test' retrieved from /opt/airflow/dags/Copy_smoke_pipeline.py
[2026-01-01T04:51:10.677+0000] {logging_mixin.py:188} INFO - [2026-01-01T04:51:10.677+0000] {dag.py:3089} INFO - Sync 1 DAGs
[2026-01-01T04:51:10.694+0000] {logging_mixin.py:188} INFO - [2026-01-01T04:51:10.694+0000] {dag.py:3947} INFO - Setting next_dagrun for copy_smoke_test to None, run_after=None
[2026-01-01T04:51:10.722+0000] {processor.py:183} INFO - Processing /opt/airflow/dags/Copy_smoke_pipeline.py took 0.130 seconds
[2026-01-01T04:51:41.242+0000] {processor.py:161} INFO - Started process (PID=10537) to work on /opt/airflow/dags/Copy_smoke_pipeline.py
[2026-01-01T04:51:41.244+0000] {processor.py:830} INFO - Processing file /opt/airflow/dags/Copy_smoke_pipeline.py for tasks to queue
[2026-01-01T04:51:41.245+0000] {logging_mixin.py:188} INFO - [2026-01-01T04:51:41.244+0000] {dagbag.py:545} INFO - Filling up the DagBag from /opt/airflow/dags/Copy_smoke_pipeline.py
[2026-01-01T04:51:41.268+0000] {processor.py:840} INFO - DAG(s) 'copy_smoke_test' retrieved from /opt/airflow/dags/Copy_smoke_pipeline.py
[2026-01-01T04:51:41.318+0000] {logging_mixin.py:188} INFO - [2026-01-01T04:51:41.317+0000] {dag.py:3089} INFO - Sync 1 DAGs
[2026-01-01T04:51:41.335+0000] {logging_mixin.py:188} INFO - [2026-01-01T04:51:41.334+0000] {dag.py:3947} INFO - Setting next_dagrun for copy_smoke_test to None, run_after=None
[2026-01-01T04:51:41.360+0000] {processor.py:183} INFO - Processing /opt/airflow/dags/Copy_smoke_pipeline.py took 0.126 seconds
[2026-01-01T04:52:12.200+0000] {processor.py:161} INFO - Started process (PID=10562) to work on /opt/airflow/dags/Copy_smoke_pipeline.py
[2026-01-01T04:52:12.201+0000] {processor.py:830} INFO - Processing file /opt/airflow/dags/Copy_smoke_pipeline.py for tasks to queue
[2026-01-01T04:52:12.203+0000] {logging_mixin.py:188} INFO - [2026-01-01T04:52:12.202+0000] {dagbag.py:545} INFO - Filling up the DagBag from /opt/airflow/dags/Copy_smoke_pipeline.py
[2026-01-01T04:52:12.226+0000] {processor.py:840} INFO - DAG(s) 'copy_smoke_test' retrieved from /opt/airflow/dags/Copy_smoke_pipeline.py
[2026-01-01T04:52:12.270+0000] {logging_mixin.py:188} INFO - [2026-01-01T04:52:12.270+0000] {dag.py:3089} INFO - Sync 1 DAGs
[2026-01-01T04:52:12.286+0000] {logging_mixin.py:188} INFO - [2026-01-01T04:52:12.285+0000] {dag.py:3947} INFO - Setting next_dagrun for copy_smoke_test to None, run_after=None
[2026-01-01T04:52:12.310+0000] {processor.py:183} INFO - Processing /opt/airflow/dags/Copy_smoke_pipeline.py took 0.120 seconds
[2026-01-01T04:52:42.913+0000] {processor.py:161} INFO - Started process (PID=10587) to work on /opt/airflow/dags/Copy_smoke_pipeline.py
[2026-01-01T04:52:42.915+0000] {processor.py:830} INFO - Processing file /opt/airflow/dags/Copy_smoke_pipeline.py for tasks to queue
[2026-01-01T04:52:42.916+0000] {logging_mixin.py:188} INFO - [2026-01-01T04:52:42.916+0000] {dagbag.py:545} INFO - Filling up the DagBag from /opt/airflow/dags/Copy_smoke_pipeline.py
[2026-01-01T04:52:42.941+0000] {processor.py:840} INFO - DAG(s) 'copy_smoke_test' retrieved from /opt/airflow/dags/Copy_smoke_pipeline.py
[2026-01-01T04:52:42.985+0000] {logging_mixin.py:188} INFO - [2026-01-01T04:52:42.984+0000] {dag.py:3089} INFO - Sync 1 DAGs
[2026-01-01T04:52:42.999+0000] {logging_mixin.py:188} INFO - [2026-01-01T04:52:42.998+0000] {dag.py:3947} INFO - Setting next_dagrun for copy_smoke_test to None, run_after=None
[2026-01-01T04:52:43.025+0000] {processor.py:183} INFO - Processing /opt/airflow/dags/Copy_smoke_pipeline.py took 0.120 seconds
[2026-01-01T04:53:13.716+0000] {processor.py:161} INFO - Started process (PID=10612) to work on /opt/airflow/dags/Copy_smoke_pipeline.py
[2026-01-01T04:53:13.717+0000] {processor.py:830} INFO - Processing file /opt/airflow/dags/Copy_smoke_pipeline.py for tasks to queue
[2026-01-01T04:53:13.719+0000] {logging_mixin.py:188} INFO - [2026-01-01T04:53:13.718+0000] {dagbag.py:545} INFO - Filling up the DagBag from /opt/airflow/dags/Copy_smoke_pipeline.py
[2026-01-01T04:53:13.747+0000] {processor.py:840} INFO - DAG(s) 'copy_smoke_test' retrieved from /opt/airflow/dags/Copy_smoke_pipeline.py
[2026-01-01T04:53:13.791+0000] {logging_mixin.py:188} INFO - [2026-01-01T04:53:13.791+0000] {dag.py:3089} INFO - Sync 1 DAGs
[2026-01-01T04:53:13.807+0000] {logging_mixin.py:188} INFO - [2026-01-01T04:53:13.807+0000] {dag.py:3947} INFO - Setting next_dagrun for copy_smoke_test to None, run_after=None
[2026-01-01T04:53:13.831+0000] {processor.py:183} INFO - Processing /opt/airflow/dags/Copy_smoke_pipeline.py took 0.123 seconds
[2026-01-01T04:53:44.545+0000] {processor.py:161} INFO - Started process (PID=10637) to work on /opt/airflow/dags/Copy_smoke_pipeline.py
[2026-01-01T04:53:44.547+0000] {processor.py:830} INFO - Processing file /opt/airflow/dags/Copy_smoke_pipeline.py for tasks to queue
[2026-01-01T04:53:44.549+0000] {logging_mixin.py:188} INFO - [2026-01-01T04:53:44.548+0000] {dagbag.py:545} INFO - Filling up the DagBag from /opt/airflow/dags/Copy_smoke_pipeline.py
[2026-01-01T04:53:44.577+0000] {processor.py:840} INFO - DAG(s) 'copy_smoke_test' retrieved from /opt/airflow/dags/Copy_smoke_pipeline.py
[2026-01-01T04:53:44.627+0000] {logging_mixin.py:188} INFO - [2026-01-01T04:53:44.627+0000] {dag.py:3089} INFO - Sync 1 DAGs
[2026-01-01T04:53:44.643+0000] {logging_mixin.py:188} INFO - [2026-01-01T04:53:44.643+0000] {dag.py:3947} INFO - Setting next_dagrun for copy_smoke_test to None, run_after=None
[2026-01-01T04:53:44.669+0000] {processor.py:183} INFO - Processing /opt/airflow/dags/Copy_smoke_pipeline.py took 0.135 seconds
[2026-01-01T04:54:15.161+0000] {processor.py:161} INFO - Started process (PID=10662) to work on /opt/airflow/dags/Copy_smoke_pipeline.py
[2026-01-01T04:54:15.162+0000] {processor.py:830} INFO - Processing file /opt/airflow/dags/Copy_smoke_pipeline.py for tasks to queue
[2026-01-01T04:54:15.164+0000] {logging_mixin.py:188} INFO - [2026-01-01T04:54:15.163+0000] {dagbag.py:545} INFO - Filling up the DagBag from /opt/airflow/dags/Copy_smoke_pipeline.py
[2026-01-01T04:54:15.189+0000] {processor.py:840} INFO - DAG(s) 'copy_smoke_test' retrieved from /opt/airflow/dags/Copy_smoke_pipeline.py
[2026-01-01T04:54:15.232+0000] {logging_mixin.py:188} INFO - [2026-01-01T04:54:15.232+0000] {dag.py:3089} INFO - Sync 1 DAGs
[2026-01-01T04:54:15.246+0000] {logging_mixin.py:188} INFO - [2026-01-01T04:54:15.246+0000] {dag.py:3947} INFO - Setting next_dagrun for copy_smoke_test to None, run_after=None
[2026-01-01T04:54:15.272+0000] {processor.py:183} INFO - Processing /opt/airflow/dags/Copy_smoke_pipeline.py took 0.119 seconds
[2026-01-01T04:54:45.964+0000] {processor.py:161} INFO - Started process (PID=10687) to work on /opt/airflow/dags/Copy_smoke_pipeline.py
[2026-01-01T04:54:45.967+0000] {processor.py:830} INFO - Processing file /opt/airflow/dags/Copy_smoke_pipeline.py for tasks to queue
[2026-01-01T04:54:45.969+0000] {logging_mixin.py:188} INFO - [2026-01-01T04:54:45.968+0000] {dagbag.py:545} INFO - Filling up the DagBag from /opt/airflow/dags/Copy_smoke_pipeline.py
[2026-01-01T04:54:46.023+0000] {processor.py:840} INFO - DAG(s) 'copy_smoke_test' retrieved from /opt/airflow/dags/Copy_smoke_pipeline.py
[2026-01-01T04:54:46.087+0000] {logging_mixin.py:188} INFO - [2026-01-01T04:54:46.087+0000] {dag.py:3089} INFO - Sync 1 DAGs
[2026-01-01T04:54:46.104+0000] {logging_mixin.py:188} INFO - [2026-01-01T04:54:46.104+0000] {dag.py:3947} INFO - Setting next_dagrun for copy_smoke_test to None, run_after=None
[2026-01-01T04:54:46.130+0000] {processor.py:183} INFO - Processing /opt/airflow/dags/Copy_smoke_pipeline.py took 0.187 seconds
[2026-01-01T04:55:16.856+0000] {processor.py:161} INFO - Started process (PID=10712) to work on /opt/airflow/dags/Copy_smoke_pipeline.py
[2026-01-01T04:55:16.858+0000] {processor.py:830} INFO - Processing file /opt/airflow/dags/Copy_smoke_pipeline.py for tasks to queue
[2026-01-01T04:55:16.859+0000] {logging_mixin.py:188} INFO - [2026-01-01T04:55:16.859+0000] {dagbag.py:545} INFO - Filling up the DagBag from /opt/airflow/dags/Copy_smoke_pipeline.py
[2026-01-01T04:55:16.887+0000] {processor.py:840} INFO - DAG(s) 'copy_smoke_test' retrieved from /opt/airflow/dags/Copy_smoke_pipeline.py
[2026-01-01T04:55:16.936+0000] {logging_mixin.py:188} INFO - [2026-01-01T04:55:16.936+0000] {dag.py:3089} INFO - Sync 1 DAGs
[2026-01-01T04:55:16.955+0000] {logging_mixin.py:188} INFO - [2026-01-01T04:55:16.955+0000] {dag.py:3947} INFO - Setting next_dagrun for copy_smoke_test to None, run_after=None
[2026-01-01T04:55:16.979+0000] {processor.py:183} INFO - Processing /opt/airflow/dags/Copy_smoke_pipeline.py took 0.133 seconds
[2026-01-01T04:55:47.666+0000] {processor.py:161} INFO - Started process (PID=10737) to work on /opt/airflow/dags/Copy_smoke_pipeline.py
[2026-01-01T04:55:47.667+0000] {processor.py:830} INFO - Processing file /opt/airflow/dags/Copy_smoke_pipeline.py for tasks to queue
[2026-01-01T04:55:47.669+0000] {logging_mixin.py:188} INFO - [2026-01-01T04:55:47.668+0000] {dagbag.py:545} INFO - Filling up the DagBag from /opt/airflow/dags/Copy_smoke_pipeline.py
[2026-01-01T04:55:47.701+0000] {processor.py:840} INFO - DAG(s) 'copy_smoke_test' retrieved from /opt/airflow/dags/Copy_smoke_pipeline.py
[2026-01-01T04:55:47.837+0000] {logging_mixin.py:188} INFO - [2026-01-01T04:55:47.837+0000] {dag.py:3089} INFO - Sync 1 DAGs
[2026-01-01T04:55:47.862+0000] {logging_mixin.py:188} INFO - [2026-01-01T04:55:47.861+0000] {dag.py:3947} INFO - Setting next_dagrun for copy_smoke_test to None, run_after=None
[2026-01-01T04:55:47.897+0000] {processor.py:183} INFO - Processing /opt/airflow/dags/Copy_smoke_pipeline.py took 0.240 seconds
[2026-01-01T04:56:18.624+0000] {processor.py:161} INFO - Started process (PID=10762) to work on /opt/airflow/dags/Copy_smoke_pipeline.py
[2026-01-01T04:56:18.626+0000] {processor.py:830} INFO - Processing file /opt/airflow/dags/Copy_smoke_pipeline.py for tasks to queue
[2026-01-01T04:56:18.627+0000] {logging_mixin.py:188} INFO - [2026-01-01T04:56:18.627+0000] {dagbag.py:545} INFO - Filling up the DagBag from /opt/airflow/dags/Copy_smoke_pipeline.py
[2026-01-01T04:56:18.650+0000] {processor.py:840} INFO - DAG(s) 'copy_smoke_test' retrieved from /opt/airflow/dags/Copy_smoke_pipeline.py
[2026-01-01T04:56:18.696+0000] {logging_mixin.py:188} INFO - [2026-01-01T04:56:18.695+0000] {dag.py:3089} INFO - Sync 1 DAGs
[2026-01-01T04:56:18.710+0000] {logging_mixin.py:188} INFO - [2026-01-01T04:56:18.710+0000] {dag.py:3947} INFO - Setting next_dagrun for copy_smoke_test to None, run_after=None
[2026-01-01T04:56:18.735+0000] {processor.py:183} INFO - Processing /opt/airflow/dags/Copy_smoke_pipeline.py took 0.120 seconds
[2026-01-01T04:56:49.432+0000] {processor.py:161} INFO - Started process (PID=10787) to work on /opt/airflow/dags/Copy_smoke_pipeline.py
[2026-01-01T04:56:49.434+0000] {processor.py:830} INFO - Processing file /opt/airflow/dags/Copy_smoke_pipeline.py for tasks to queue
[2026-01-01T04:56:49.436+0000] {logging_mixin.py:188} INFO - [2026-01-01T04:56:49.436+0000] {dagbag.py:545} INFO - Filling up the DagBag from /opt/airflow/dags/Copy_smoke_pipeline.py
[2026-01-01T04:56:49.466+0000] {processor.py:840} INFO - DAG(s) 'copy_smoke_test' retrieved from /opt/airflow/dags/Copy_smoke_pipeline.py
[2026-01-01T04:56:49.536+0000] {logging_mixin.py:188} INFO - [2026-01-01T04:56:49.535+0000] {dag.py:3089} INFO - Sync 1 DAGs
[2026-01-01T04:56:49.565+0000] {logging_mixin.py:188} INFO - [2026-01-01T04:56:49.565+0000] {dag.py:3947} INFO - Setting next_dagrun for copy_smoke_test to None, run_after=None
[2026-01-01T04:56:49.606+0000] {processor.py:183} INFO - Processing /opt/airflow/dags/Copy_smoke_pipeline.py took 0.188 seconds
[2026-01-01T04:57:20.022+0000] {processor.py:161} INFO - Started process (PID=10812) to work on /opt/airflow/dags/Copy_smoke_pipeline.py
[2026-01-01T04:57:20.023+0000] {processor.py:830} INFO - Processing file /opt/airflow/dags/Copy_smoke_pipeline.py for tasks to queue
[2026-01-01T04:57:20.025+0000] {logging_mixin.py:188} INFO - [2026-01-01T04:57:20.024+0000] {dagbag.py:545} INFO - Filling up the DagBag from /opt/airflow/dags/Copy_smoke_pipeline.py
[2026-01-01T04:57:20.047+0000] {processor.py:840} INFO - DAG(s) 'copy_smoke_test' retrieved from /opt/airflow/dags/Copy_smoke_pipeline.py
[2026-01-01T04:57:20.102+0000] {logging_mixin.py:188} INFO - [2026-01-01T04:57:20.100+0000] {dag.py:3089} INFO - Sync 1 DAGs
[2026-01-01T04:57:20.122+0000] {logging_mixin.py:188} INFO - [2026-01-01T04:57:20.121+0000] {dag.py:3947} INFO - Setting next_dagrun for copy_smoke_test to None, run_after=None
[2026-01-01T04:57:20.154+0000] {processor.py:183} INFO - Processing /opt/airflow/dags/Copy_smoke_pipeline.py took 0.141 seconds
[2026-01-01T04:57:50.778+0000] {processor.py:161} INFO - Started process (PID=10837) to work on /opt/airflow/dags/Copy_smoke_pipeline.py
[2026-01-01T04:57:50.779+0000] {processor.py:830} INFO - Processing file /opt/airflow/dags/Copy_smoke_pipeline.py for tasks to queue
[2026-01-01T04:57:50.781+0000] {logging_mixin.py:188} INFO - [2026-01-01T04:57:50.780+0000] {dagbag.py:545} INFO - Filling up the DagBag from /opt/airflow/dags/Copy_smoke_pipeline.py
[2026-01-01T04:57:50.807+0000] {processor.py:840} INFO - DAG(s) 'copy_smoke_test' retrieved from /opt/airflow/dags/Copy_smoke_pipeline.py
[2026-01-01T04:57:50.863+0000] {logging_mixin.py:188} INFO - [2026-01-01T04:57:50.863+0000] {dag.py:3089} INFO - Sync 1 DAGs
[2026-01-01T04:57:50.880+0000] {logging_mixin.py:188} INFO - [2026-01-01T04:57:50.879+0000] {dag.py:3947} INFO - Setting next_dagrun for copy_smoke_test to None, run_after=None
[2026-01-01T04:57:50.907+0000] {processor.py:183} INFO - Processing /opt/airflow/dags/Copy_smoke_pipeline.py took 0.137 seconds
[2026-01-01T04:58:21.723+0000] {processor.py:161} INFO - Started process (PID=10862) to work on /opt/airflow/dags/Copy_smoke_pipeline.py
[2026-01-01T04:58:21.725+0000] {processor.py:830} INFO - Processing file /opt/airflow/dags/Copy_smoke_pipeline.py for tasks to queue
[2026-01-01T04:58:21.726+0000] {logging_mixin.py:188} INFO - [2026-01-01T04:58:21.726+0000] {dagbag.py:545} INFO - Filling up the DagBag from /opt/airflow/dags/Copy_smoke_pipeline.py
[2026-01-01T04:58:21.756+0000] {processor.py:840} INFO - DAG(s) 'copy_smoke_test' retrieved from /opt/airflow/dags/Copy_smoke_pipeline.py
[2026-01-01T04:58:21.812+0000] {logging_mixin.py:188} INFO - [2026-01-01T04:58:21.812+0000] {dag.py:3089} INFO - Sync 1 DAGs
[2026-01-01T04:58:21.834+0000] {logging_mixin.py:188} INFO - [2026-01-01T04:58:21.833+0000] {dag.py:3947} INFO - Setting next_dagrun for copy_smoke_test to None, run_after=None
[2026-01-01T04:58:21.859+0000] {processor.py:183} INFO - Processing /opt/airflow/dags/Copy_smoke_pipeline.py took 0.146 seconds
[2026-01-01T04:58:52.504+0000] {processor.py:161} INFO - Started process (PID=10887) to work on /opt/airflow/dags/Copy_smoke_pipeline.py
[2026-01-01T04:58:52.506+0000] {processor.py:830} INFO - Processing file /opt/airflow/dags/Copy_smoke_pipeline.py for tasks to queue
[2026-01-01T04:58:52.508+0000] {logging_mixin.py:188} INFO - [2026-01-01T04:58:52.507+0000] {dagbag.py:545} INFO - Filling up the DagBag from /opt/airflow/dags/Copy_smoke_pipeline.py
[2026-01-01T04:58:52.533+0000] {processor.py:840} INFO - DAG(s) 'copy_smoke_test' retrieved from /opt/airflow/dags/Copy_smoke_pipeline.py
[2026-01-01T04:58:52.577+0000] {logging_mixin.py:188} INFO - [2026-01-01T04:58:52.577+0000] {dag.py:3089} INFO - Sync 1 DAGs
[2026-01-01T04:58:52.594+0000] {logging_mixin.py:188} INFO - [2026-01-01T04:58:52.594+0000] {dag.py:3947} INFO - Setting next_dagrun for copy_smoke_test to None, run_after=None
[2026-01-01T04:58:52.619+0000] {processor.py:183} INFO - Processing /opt/airflow/dags/Copy_smoke_pipeline.py took 0.122 seconds
[2026-01-01T04:59:23.380+0000] {processor.py:161} INFO - Started process (PID=10912) to work on /opt/airflow/dags/Copy_smoke_pipeline.py
[2026-01-01T04:59:23.381+0000] {processor.py:830} INFO - Processing file /opt/airflow/dags/Copy_smoke_pipeline.py for tasks to queue
[2026-01-01T04:59:23.383+0000] {logging_mixin.py:188} INFO - [2026-01-01T04:59:23.382+0000] {dagbag.py:545} INFO - Filling up the DagBag from /opt/airflow/dags/Copy_smoke_pipeline.py
[2026-01-01T04:59:23.411+0000] {processor.py:840} INFO - DAG(s) 'copy_smoke_test' retrieved from /opt/airflow/dags/Copy_smoke_pipeline.py
[2026-01-01T04:59:23.454+0000] {logging_mixin.py:188} INFO - [2026-01-01T04:59:23.453+0000] {dag.py:3089} INFO - Sync 1 DAGs
[2026-01-01T04:59:23.468+0000] {logging_mixin.py:188} INFO - [2026-01-01T04:59:23.467+0000] {dag.py:3947} INFO - Setting next_dagrun for copy_smoke_test to None, run_after=None
[2026-01-01T04:59:23.492+0000] {processor.py:183} INFO - Processing /opt/airflow/dags/Copy_smoke_pipeline.py took 0.121 seconds
[2026-01-01T05:00:36.740+0000] {processor.py:161} INFO - Started process (PID=10930) to work on /opt/airflow/dags/Copy_smoke_pipeline.py
[2026-01-01T05:00:36.742+0000] {processor.py:830} INFO - Processing file /opt/airflow/dags/Copy_smoke_pipeline.py for tasks to queue
[2026-01-01T05:00:36.744+0000] {logging_mixin.py:188} INFO - [2026-01-01T05:00:36.743+0000] {dagbag.py:545} INFO - Filling up the DagBag from /opt/airflow/dags/Copy_smoke_pipeline.py
[2026-01-01T05:00:36.778+0000] {processor.py:840} INFO - DAG(s) 'copy_smoke_test' retrieved from /opt/airflow/dags/Copy_smoke_pipeline.py
[2026-01-01T05:00:57.852+0000] {logging_mixin.py:188} INFO - [2026-01-01T05:00:57.851+0000] {dag.py:3089} INFO - Sync 1 DAGs
[2026-01-01T05:01:01.702+0000] {logging_mixin.py:188} INFO - [2026-01-01T05:01:01.702+0000] {dag.py:3947} INFO - Setting next_dagrun for copy_smoke_test to None, run_after=None
[2026-01-01T05:01:15.885+0000] {processor.py:183} INFO - Processing /opt/airflow/dags/Copy_smoke_pipeline.py took 39.303 seconds
[2026-01-01T05:01:48.640+0000] {processor.py:161} INFO - Started process (PID=10955) to work on /opt/airflow/dags/Copy_smoke_pipeline.py
[2026-01-01T05:01:48.643+0000] {processor.py:830} INFO - Processing file /opt/airflow/dags/Copy_smoke_pipeline.py for tasks to queue
[2026-01-01T05:01:48.645+0000] {logging_mixin.py:188} INFO - [2026-01-01T05:01:48.644+0000] {dagbag.py:545} INFO - Filling up the DagBag from /opt/airflow/dags/Copy_smoke_pipeline.py
[2026-01-01T05:01:48.680+0000] {processor.py:840} INFO - DAG(s) 'copy_smoke_test' retrieved from /opt/airflow/dags/Copy_smoke_pipeline.py
[2026-01-01T05:01:48.743+0000] {logging_mixin.py:188} INFO - [2026-01-01T05:01:48.742+0000] {dag.py:3089} INFO - Sync 1 DAGs
[2026-01-01T05:01:48.768+0000] {logging_mixin.py:188} INFO - [2026-01-01T05:01:48.768+0000] {dag.py:3947} INFO - Setting next_dagrun for copy_smoke_test to None, run_after=None
[2026-01-01T05:01:48.835+0000] {processor.py:183} INFO - Processing /opt/airflow/dags/Copy_smoke_pipeline.py took 0.209 seconds
[2026-01-01T05:02:19.518+0000] {processor.py:161} INFO - Started process (PID=10980) to work on /opt/airflow/dags/Copy_smoke_pipeline.py
[2026-01-01T05:02:19.520+0000] {processor.py:830} INFO - Processing file /opt/airflow/dags/Copy_smoke_pipeline.py for tasks to queue
[2026-01-01T05:02:19.522+0000] {logging_mixin.py:188} INFO - [2026-01-01T05:02:19.521+0000] {dagbag.py:545} INFO - Filling up the DagBag from /opt/airflow/dags/Copy_smoke_pipeline.py
[2026-01-01T05:02:19.553+0000] {processor.py:840} INFO - DAG(s) 'copy_smoke_test' retrieved from /opt/airflow/dags/Copy_smoke_pipeline.py
[2026-01-01T05:02:19.605+0000] {logging_mixin.py:188} INFO - [2026-01-01T05:02:19.605+0000] {dag.py:3089} INFO - Sync 1 DAGs
[2026-01-01T05:02:19.634+0000] {logging_mixin.py:188} INFO - [2026-01-01T05:02:19.634+0000] {dag.py:3947} INFO - Setting next_dagrun for copy_smoke_test to None, run_after=None
[2026-01-01T05:02:19.672+0000] {processor.py:183} INFO - Processing /opt/airflow/dags/Copy_smoke_pipeline.py took 0.168 seconds
[2026-01-01T05:02:50.274+0000] {processor.py:161} INFO - Started process (PID=11005) to work on /opt/airflow/dags/Copy_smoke_pipeline.py
[2026-01-01T05:02:50.276+0000] {processor.py:830} INFO - Processing file /opt/airflow/dags/Copy_smoke_pipeline.py for tasks to queue
[2026-01-01T05:02:50.277+0000] {logging_mixin.py:188} INFO - [2026-01-01T05:02:50.277+0000] {dagbag.py:545} INFO - Filling up the DagBag from /opt/airflow/dags/Copy_smoke_pipeline.py
[2026-01-01T05:02:50.305+0000] {processor.py:840} INFO - DAG(s) 'copy_smoke_test' retrieved from /opt/airflow/dags/Copy_smoke_pipeline.py
[2026-01-01T05:02:50.358+0000] {logging_mixin.py:188} INFO - [2026-01-01T05:02:50.357+0000] {dag.py:3089} INFO - Sync 1 DAGs
[2026-01-01T05:02:50.384+0000] {logging_mixin.py:188} INFO - [2026-01-01T05:02:50.384+0000] {dag.py:3947} INFO - Setting next_dagrun for copy_smoke_test to None, run_after=None
[2026-01-01T05:02:50.419+0000] {processor.py:183} INFO - Processing /opt/airflow/dags/Copy_smoke_pipeline.py took 0.158 seconds
[2026-01-01T05:03:21.280+0000] {processor.py:161} INFO - Started process (PID=11030) to work on /opt/airflow/dags/Copy_smoke_pipeline.py
[2026-01-01T05:03:21.281+0000] {processor.py:830} INFO - Processing file /opt/airflow/dags/Copy_smoke_pipeline.py for tasks to queue
[2026-01-01T05:03:21.283+0000] {logging_mixin.py:188} INFO - [2026-01-01T05:03:21.282+0000] {dagbag.py:545} INFO - Filling up the DagBag from /opt/airflow/dags/Copy_smoke_pipeline.py
[2026-01-01T05:03:21.308+0000] {processor.py:840} INFO - DAG(s) 'copy_smoke_test' retrieved from /opt/airflow/dags/Copy_smoke_pipeline.py
[2026-01-01T05:03:21.372+0000] {logging_mixin.py:188} INFO - [2026-01-01T05:03:21.371+0000] {dag.py:3089} INFO - Sync 1 DAGs
[2026-01-01T05:03:21.393+0000] {logging_mixin.py:188} INFO - [2026-01-01T05:03:21.393+0000] {dag.py:3947} INFO - Setting next_dagrun for copy_smoke_test to None, run_after=None
[2026-01-01T05:03:21.423+0000] {processor.py:183} INFO - Processing /opt/airflow/dags/Copy_smoke_pipeline.py took 0.154 seconds
[2026-01-01T05:03:51.940+0000] {processor.py:161} INFO - Started process (PID=11055) to work on /opt/airflow/dags/Copy_smoke_pipeline.py
[2026-01-01T05:03:51.941+0000] {processor.py:830} INFO - Processing file /opt/airflow/dags/Copy_smoke_pipeline.py for tasks to queue
[2026-01-01T05:03:51.942+0000] {logging_mixin.py:188} INFO - [2026-01-01T05:03:51.942+0000] {dagbag.py:545} INFO - Filling up the DagBag from /opt/airflow/dags/Copy_smoke_pipeline.py
[2026-01-01T05:03:51.966+0000] {processor.py:840} INFO - DAG(s) 'copy_smoke_test' retrieved from /opt/airflow/dags/Copy_smoke_pipeline.py
[2026-01-01T05:03:52.028+0000] {logging_mixin.py:188} INFO - [2026-01-01T05:03:52.027+0000] {dag.py:3089} INFO - Sync 1 DAGs
[2026-01-01T05:03:52.047+0000] {logging_mixin.py:188} INFO - [2026-01-01T05:03:52.047+0000] {dag.py:3947} INFO - Setting next_dagrun for copy_smoke_test to None, run_after=None
[2026-01-01T05:03:52.082+0000] {processor.py:183} INFO - Processing /opt/airflow/dags/Copy_smoke_pipeline.py took 0.151 seconds
[2026-01-01T05:04:22.838+0000] {processor.py:161} INFO - Started process (PID=11080) to work on /opt/airflow/dags/Copy_smoke_pipeline.py
[2026-01-01T05:04:22.840+0000] {processor.py:830} INFO - Processing file /opt/airflow/dags/Copy_smoke_pipeline.py for tasks to queue
[2026-01-01T05:04:22.842+0000] {logging_mixin.py:188} INFO - [2026-01-01T05:04:22.842+0000] {dagbag.py:545} INFO - Filling up the DagBag from /opt/airflow/dags/Copy_smoke_pipeline.py
[2026-01-01T05:04:22.872+0000] {processor.py:840} INFO - DAG(s) 'copy_smoke_test' retrieved from /opt/airflow/dags/Copy_smoke_pipeline.py
[2026-01-01T05:04:22.931+0000] {logging_mixin.py:188} INFO - [2026-01-01T05:04:22.931+0000] {dag.py:3089} INFO - Sync 1 DAGs
[2026-01-01T05:04:22.953+0000] {logging_mixin.py:188} INFO - [2026-01-01T05:04:22.953+0000] {dag.py:3947} INFO - Setting next_dagrun for copy_smoke_test to None, run_after=None
[2026-01-01T05:04:22.982+0000] {processor.py:183} INFO - Processing /opt/airflow/dags/Copy_smoke_pipeline.py took 0.154 seconds
[2026-01-01T05:04:53.646+0000] {processor.py:161} INFO - Started process (PID=11105) to work on /opt/airflow/dags/Copy_smoke_pipeline.py
[2026-01-01T05:04:53.647+0000] {processor.py:830} INFO - Processing file /opt/airflow/dags/Copy_smoke_pipeline.py for tasks to queue
[2026-01-01T05:04:53.649+0000] {logging_mixin.py:188} INFO - [2026-01-01T05:04:53.648+0000] {dagbag.py:545} INFO - Filling up the DagBag from /opt/airflow/dags/Copy_smoke_pipeline.py
[2026-01-01T05:04:53.680+0000] {processor.py:840} INFO - DAG(s) 'copy_smoke_test' retrieved from /opt/airflow/dags/Copy_smoke_pipeline.py
[2026-01-01T05:04:53.736+0000] {logging_mixin.py:188} INFO - [2026-01-01T05:04:53.736+0000] {dag.py:3089} INFO - Sync 1 DAGs
[2026-01-01T05:04:53.751+0000] {logging_mixin.py:188} INFO - [2026-01-01T05:04:53.751+0000] {dag.py:3947} INFO - Setting next_dagrun for copy_smoke_test to None, run_after=None
[2026-01-01T05:04:53.779+0000] {processor.py:183} INFO - Processing /opt/airflow/dags/Copy_smoke_pipeline.py took 0.145 seconds
[2026-01-01T05:05:24.433+0000] {processor.py:161} INFO - Started process (PID=11130) to work on /opt/airflow/dags/Copy_smoke_pipeline.py
[2026-01-01T05:05:24.434+0000] {processor.py:830} INFO - Processing file /opt/airflow/dags/Copy_smoke_pipeline.py for tasks to queue
[2026-01-01T05:05:24.436+0000] {logging_mixin.py:188} INFO - [2026-01-01T05:05:24.435+0000] {dagbag.py:545} INFO - Filling up the DagBag from /opt/airflow/dags/Copy_smoke_pipeline.py
[2026-01-01T05:05:24.475+0000] {processor.py:840} INFO - DAG(s) 'copy_smoke_test' retrieved from /opt/airflow/dags/Copy_smoke_pipeline.py
[2026-01-01T05:05:24.546+0000] {logging_mixin.py:188} INFO - [2026-01-01T05:05:24.545+0000] {dag.py:3089} INFO - Sync 1 DAGs
[2026-01-01T05:05:24.567+0000] {logging_mixin.py:188} INFO - [2026-01-01T05:05:24.567+0000] {dag.py:3947} INFO - Setting next_dagrun for copy_smoke_test to None, run_after=None
[2026-01-01T05:05:24.601+0000] {processor.py:183} INFO - Processing /opt/airflow/dags/Copy_smoke_pipeline.py took 0.179 seconds
[2026-01-01T05:05:55.407+0000] {processor.py:161} INFO - Started process (PID=11155) to work on /opt/airflow/dags/Copy_smoke_pipeline.py
[2026-01-01T05:05:55.410+0000] {processor.py:830} INFO - Processing file /opt/airflow/dags/Copy_smoke_pipeline.py for tasks to queue
[2026-01-01T05:05:55.429+0000] {logging_mixin.py:188} INFO - [2026-01-01T05:05:55.429+0000] {dagbag.py:545} INFO - Filling up the DagBag from /opt/airflow/dags/Copy_smoke_pipeline.py
[2026-01-01T05:05:55.503+0000] {processor.py:840} INFO - DAG(s) 'copy_smoke_test' retrieved from /opt/airflow/dags/Copy_smoke_pipeline.py
[2026-01-01T05:05:55.581+0000] {logging_mixin.py:188} INFO - [2026-01-01T05:05:55.581+0000] {dag.py:3089} INFO - Sync 1 DAGs
[2026-01-01T05:05:55.605+0000] {logging_mixin.py:188} INFO - [2026-01-01T05:05:55.605+0000] {dag.py:3947} INFO - Setting next_dagrun for copy_smoke_test to None, run_after=None
[2026-01-01T05:05:55.648+0000] {processor.py:183} INFO - Processing /opt/airflow/dags/Copy_smoke_pipeline.py took 0.305 seconds
[2026-01-01T05:06:26.582+0000] {processor.py:161} INFO - Started process (PID=11180) to work on /opt/airflow/dags/Copy_smoke_pipeline.py
[2026-01-01T05:06:26.585+0000] {processor.py:830} INFO - Processing file /opt/airflow/dags/Copy_smoke_pipeline.py for tasks to queue
[2026-01-01T05:06:26.588+0000] {logging_mixin.py:188} INFO - [2026-01-01T05:06:26.587+0000] {dagbag.py:545} INFO - Filling up the DagBag from /opt/airflow/dags/Copy_smoke_pipeline.py
[2026-01-01T05:06:26.628+0000] {processor.py:840} INFO - DAG(s) 'copy_smoke_test' retrieved from /opt/airflow/dags/Copy_smoke_pipeline.py
[2026-01-01T05:06:26.702+0000] {logging_mixin.py:188} INFO - [2026-01-01T05:06:26.701+0000] {dag.py:3089} INFO - Sync 1 DAGs
[2026-01-01T05:06:26.737+0000] {logging_mixin.py:188} INFO - [2026-01-01T05:06:26.736+0000] {dag.py:3947} INFO - Setting next_dagrun for copy_smoke_test to None, run_after=None
[2026-01-01T05:06:26.820+0000] {processor.py:183} INFO - Processing /opt/airflow/dags/Copy_smoke_pipeline.py took 0.254 seconds
[2026-01-01T05:06:57.688+0000] {processor.py:161} INFO - Started process (PID=11205) to work on /opt/airflow/dags/Copy_smoke_pipeline.py
[2026-01-01T05:06:57.690+0000] {processor.py:830} INFO - Processing file /opt/airflow/dags/Copy_smoke_pipeline.py for tasks to queue
[2026-01-01T05:06:57.692+0000] {logging_mixin.py:188} INFO - [2026-01-01T05:06:57.691+0000] {dagbag.py:545} INFO - Filling up the DagBag from /opt/airflow/dags/Copy_smoke_pipeline.py
[2026-01-01T05:06:57.739+0000] {processor.py:840} INFO - DAG(s) 'copy_smoke_test' retrieved from /opt/airflow/dags/Copy_smoke_pipeline.py
[2026-01-01T05:06:57.849+0000] {logging_mixin.py:188} INFO - [2026-01-01T05:06:57.849+0000] {dag.py:3089} INFO - Sync 1 DAGs
[2026-01-01T05:06:57.905+0000] {logging_mixin.py:188} INFO - [2026-01-01T05:06:57.905+0000] {dag.py:3947} INFO - Setting next_dagrun for copy_smoke_test to None, run_after=None
[2026-01-01T05:06:57.976+0000] {processor.py:183} INFO - Processing /opt/airflow/dags/Copy_smoke_pipeline.py took 0.306 seconds
[2026-01-01T05:07:28.611+0000] {processor.py:161} INFO - Started process (PID=11230) to work on /opt/airflow/dags/Copy_smoke_pipeline.py
[2026-01-01T05:07:28.612+0000] {processor.py:830} INFO - Processing file /opt/airflow/dags/Copy_smoke_pipeline.py for tasks to queue
[2026-01-01T05:07:28.614+0000] {logging_mixin.py:188} INFO - [2026-01-01T05:07:28.613+0000] {dagbag.py:545} INFO - Filling up the DagBag from /opt/airflow/dags/Copy_smoke_pipeline.py
[2026-01-01T05:07:28.641+0000] {processor.py:840} INFO - DAG(s) 'copy_smoke_test' retrieved from /opt/airflow/dags/Copy_smoke_pipeline.py
[2026-01-01T05:07:28.700+0000] {logging_mixin.py:188} INFO - [2026-01-01T05:07:28.700+0000] {dag.py:3089} INFO - Sync 1 DAGs
[2026-01-01T05:07:28.722+0000] {logging_mixin.py:188} INFO - [2026-01-01T05:07:28.722+0000] {dag.py:3947} INFO - Setting next_dagrun for copy_smoke_test to None, run_after=None
[2026-01-01T05:07:28.753+0000] {processor.py:183} INFO - Processing /opt/airflow/dags/Copy_smoke_pipeline.py took 0.154 seconds
[2026-01-01T05:07:59.404+0000] {processor.py:161} INFO - Started process (PID=11255) to work on /opt/airflow/dags/Copy_smoke_pipeline.py
[2026-01-01T05:07:59.407+0000] {processor.py:830} INFO - Processing file /opt/airflow/dags/Copy_smoke_pipeline.py for tasks to queue
[2026-01-01T05:07:59.409+0000] {logging_mixin.py:188} INFO - [2026-01-01T05:07:59.408+0000] {dagbag.py:545} INFO - Filling up the DagBag from /opt/airflow/dags/Copy_smoke_pipeline.py
[2026-01-01T05:07:59.446+0000] {processor.py:840} INFO - DAG(s) 'copy_smoke_test' retrieved from /opt/airflow/dags/Copy_smoke_pipeline.py
[2026-01-01T05:07:59.513+0000] {logging_mixin.py:188} INFO - [2026-01-01T05:07:59.512+0000] {dag.py:3089} INFO - Sync 1 DAGs
[2026-01-01T05:07:59.538+0000] {logging_mixin.py:188} INFO - [2026-01-01T05:07:59.538+0000] {dag.py:3947} INFO - Setting next_dagrun for copy_smoke_test to None, run_after=None
[2026-01-01T05:07:59.585+0000] {processor.py:183} INFO - Processing /opt/airflow/dags/Copy_smoke_pipeline.py took 0.195 seconds
[2026-01-01T05:08:30.286+0000] {processor.py:161} INFO - Started process (PID=11280) to work on /opt/airflow/dags/Copy_smoke_pipeline.py
[2026-01-01T05:08:30.287+0000] {processor.py:830} INFO - Processing file /opt/airflow/dags/Copy_smoke_pipeline.py for tasks to queue
[2026-01-01T05:08:30.288+0000] {logging_mixin.py:188} INFO - [2026-01-01T05:08:30.288+0000] {dagbag.py:545} INFO - Filling up the DagBag from /opt/airflow/dags/Copy_smoke_pipeline.py
[2026-01-01T05:08:30.317+0000] {processor.py:840} INFO - DAG(s) 'copy_smoke_test' retrieved from /opt/airflow/dags/Copy_smoke_pipeline.py
[2026-01-01T05:08:30.379+0000] {logging_mixin.py:188} INFO - [2026-01-01T05:08:30.379+0000] {dag.py:3089} INFO - Sync 1 DAGs
[2026-01-01T05:08:30.398+0000] {logging_mixin.py:188} INFO - [2026-01-01T05:08:30.398+0000] {dag.py:3947} INFO - Setting next_dagrun for copy_smoke_test to None, run_after=None
[2026-01-01T05:08:30.429+0000] {processor.py:183} INFO - Processing /opt/airflow/dags/Copy_smoke_pipeline.py took 0.152 seconds
[2026-01-01T05:09:01.053+0000] {processor.py:161} INFO - Started process (PID=11305) to work on /opt/airflow/dags/Copy_smoke_pipeline.py
[2026-01-01T05:09:01.060+0000] {processor.py:830} INFO - Processing file /opt/airflow/dags/Copy_smoke_pipeline.py for tasks to queue
[2026-01-01T05:09:01.062+0000] {logging_mixin.py:188} INFO - [2026-01-01T05:09:01.061+0000] {dagbag.py:545} INFO - Filling up the DagBag from /opt/airflow/dags/Copy_smoke_pipeline.py
[2026-01-01T05:09:01.100+0000] {processor.py:840} INFO - DAG(s) 'copy_smoke_test' retrieved from /opt/airflow/dags/Copy_smoke_pipeline.py
[2026-01-01T05:09:01.171+0000] {logging_mixin.py:188} INFO - [2026-01-01T05:09:01.170+0000] {dag.py:3089} INFO - Sync 1 DAGs
[2026-01-01T05:09:01.208+0000] {logging_mixin.py:188} INFO - [2026-01-01T05:09:01.207+0000] {dag.py:3947} INFO - Setting next_dagrun for copy_smoke_test to None, run_after=None
[2026-01-01T05:09:01.276+0000] {processor.py:183} INFO - Processing /opt/airflow/dags/Copy_smoke_pipeline.py took 0.237 seconds
[2026-01-01T05:09:31.953+0000] {processor.py:161} INFO - Started process (PID=11330) to work on /opt/airflow/dags/Copy_smoke_pipeline.py
[2026-01-01T05:09:31.955+0000] {processor.py:830} INFO - Processing file /opt/airflow/dags/Copy_smoke_pipeline.py for tasks to queue
[2026-01-01T05:09:31.956+0000] {logging_mixin.py:188} INFO - [2026-01-01T05:09:31.956+0000] {dagbag.py:545} INFO - Filling up the DagBag from /opt/airflow/dags/Copy_smoke_pipeline.py
[2026-01-01T05:09:31.983+0000] {processor.py:840} INFO - DAG(s) 'copy_smoke_test' retrieved from /opt/airflow/dags/Copy_smoke_pipeline.py
[2026-01-01T05:09:32.028+0000] {logging_mixin.py:188} INFO - [2026-01-01T05:09:32.028+0000] {dag.py:3089} INFO - Sync 1 DAGs
[2026-01-01T05:09:32.055+0000] {logging_mixin.py:188} INFO - [2026-01-01T05:09:32.055+0000] {dag.py:3947} INFO - Setting next_dagrun for copy_smoke_test to None, run_after=None
[2026-01-01T05:09:32.082+0000] {processor.py:183} INFO - Processing /opt/airflow/dags/Copy_smoke_pipeline.py took 0.137 seconds
[2026-01-01T05:10:02.724+0000] {processor.py:161} INFO - Started process (PID=11355) to work on /opt/airflow/dags/Copy_smoke_pipeline.py
[2026-01-01T05:10:02.725+0000] {processor.py:830} INFO - Processing file /opt/airflow/dags/Copy_smoke_pipeline.py for tasks to queue
[2026-01-01T05:10:02.727+0000] {logging_mixin.py:188} INFO - [2026-01-01T05:10:02.726+0000] {dagbag.py:545} INFO - Filling up the DagBag from /opt/airflow/dags/Copy_smoke_pipeline.py
[2026-01-01T05:10:02.753+0000] {processor.py:840} INFO - DAG(s) 'copy_smoke_test' retrieved from /opt/airflow/dags/Copy_smoke_pipeline.py
[2026-01-01T05:10:02.807+0000] {logging_mixin.py:188} INFO - [2026-01-01T05:10:02.807+0000] {dag.py:3089} INFO - Sync 1 DAGs
[2026-01-01T05:10:02.834+0000] {logging_mixin.py:188} INFO - [2026-01-01T05:10:02.834+0000] {dag.py:3947} INFO - Setting next_dagrun for copy_smoke_test to None, run_after=None
[2026-01-01T05:10:02.879+0000] {processor.py:183} INFO - Processing /opt/airflow/dags/Copy_smoke_pipeline.py took 0.169 seconds
[2026-01-01T05:10:33.503+0000] {processor.py:161} INFO - Started process (PID=11380) to work on /opt/airflow/dags/Copy_smoke_pipeline.py
[2026-01-01T05:10:33.505+0000] {processor.py:830} INFO - Processing file /opt/airflow/dags/Copy_smoke_pipeline.py for tasks to queue
[2026-01-01T05:10:33.507+0000] {logging_mixin.py:188} INFO - [2026-01-01T05:10:33.506+0000] {dagbag.py:545} INFO - Filling up the DagBag from /opt/airflow/dags/Copy_smoke_pipeline.py
[2026-01-01T05:10:33.545+0000] {processor.py:840} INFO - DAG(s) 'copy_smoke_test' retrieved from /opt/airflow/dags/Copy_smoke_pipeline.py
[2026-01-01T05:10:33.594+0000] {logging_mixin.py:188} INFO - [2026-01-01T05:10:33.594+0000] {dag.py:3089} INFO - Sync 1 DAGs
[2026-01-01T05:10:33.612+0000] {logging_mixin.py:188} INFO - [2026-01-01T05:10:33.611+0000] {dag.py:3947} INFO - Setting next_dagrun for copy_smoke_test to None, run_after=None
[2026-01-01T05:10:33.644+0000] {processor.py:183} INFO - Processing /opt/airflow/dags/Copy_smoke_pipeline.py took 0.153 seconds
[2026-01-01T05:11:04.134+0000] {processor.py:161} INFO - Started process (PID=11405) to work on /opt/airflow/dags/Copy_smoke_pipeline.py
[2026-01-01T05:11:04.136+0000] {processor.py:830} INFO - Processing file /opt/airflow/dags/Copy_smoke_pipeline.py for tasks to queue
[2026-01-01T05:11:04.138+0000] {logging_mixin.py:188} INFO - [2026-01-01T05:11:04.137+0000] {dagbag.py:545} INFO - Filling up the DagBag from /opt/airflow/dags/Copy_smoke_pipeline.py
[2026-01-01T05:11:04.181+0000] {processor.py:840} INFO - DAG(s) 'copy_smoke_test' retrieved from /opt/airflow/dags/Copy_smoke_pipeline.py
[2026-01-01T05:11:04.298+0000] {logging_mixin.py:188} INFO - [2026-01-01T05:11:04.297+0000] {dag.py:3089} INFO - Sync 1 DAGs
[2026-01-01T05:11:04.340+0000] {logging_mixin.py:188} INFO - [2026-01-01T05:11:04.340+0000] {dag.py:3947} INFO - Setting next_dagrun for copy_smoke_test to None, run_after=None
[2026-01-01T05:11:04.389+0000] {processor.py:183} INFO - Processing /opt/airflow/dags/Copy_smoke_pipeline.py took 0.287 seconds
[2026-01-01T05:11:35.120+0000] {processor.py:161} INFO - Started process (PID=11430) to work on /opt/airflow/dags/Copy_smoke_pipeline.py
[2026-01-01T05:11:35.123+0000] {processor.py:830} INFO - Processing file /opt/airflow/dags/Copy_smoke_pipeline.py for tasks to queue
[2026-01-01T05:11:35.126+0000] {logging_mixin.py:188} INFO - [2026-01-01T05:11:35.124+0000] {dagbag.py:545} INFO - Filling up the DagBag from /opt/airflow/dags/Copy_smoke_pipeline.py
[2026-01-01T05:11:35.156+0000] {processor.py:840} INFO - DAG(s) 'copy_smoke_test' retrieved from /opt/airflow/dags/Copy_smoke_pipeline.py
[2026-01-01T05:11:35.209+0000] {logging_mixin.py:188} INFO - [2026-01-01T05:11:35.209+0000] {dag.py:3089} INFO - Sync 1 DAGs
[2026-01-01T05:11:35.236+0000] {logging_mixin.py:188} INFO - [2026-01-01T05:11:35.235+0000] {dag.py:3947} INFO - Setting next_dagrun for copy_smoke_test to None, run_after=None
[2026-01-01T05:11:35.271+0000] {processor.py:183} INFO - Processing /opt/airflow/dags/Copy_smoke_pipeline.py took 0.161 seconds
[2026-01-01T05:12:05.464+0000] {processor.py:161} INFO - Started process (PID=11455) to work on /opt/airflow/dags/Copy_smoke_pipeline.py
[2026-01-01T05:12:05.466+0000] {processor.py:830} INFO - Processing file /opt/airflow/dags/Copy_smoke_pipeline.py for tasks to queue
[2026-01-01T05:12:05.470+0000] {logging_mixin.py:188} INFO - [2026-01-01T05:12:05.468+0000] {dagbag.py:545} INFO - Filling up the DagBag from /opt/airflow/dags/Copy_smoke_pipeline.py
[2026-01-01T05:12:05.516+0000] {processor.py:840} INFO - DAG(s) 'copy_smoke_test' retrieved from /opt/airflow/dags/Copy_smoke_pipeline.py
[2026-01-01T05:12:05.583+0000] {logging_mixin.py:188} INFO - [2026-01-01T05:12:05.582+0000] {dag.py:3089} INFO - Sync 1 DAGs
[2026-01-01T05:12:05.608+0000] {logging_mixin.py:188} INFO - [2026-01-01T05:12:05.608+0000] {dag.py:3947} INFO - Setting next_dagrun for copy_smoke_test to None, run_after=None
[2026-01-01T05:12:05.644+0000] {processor.py:183} INFO - Processing /opt/airflow/dags/Copy_smoke_pipeline.py took 0.197 seconds
[2026-01-01T05:12:36.291+0000] {processor.py:161} INFO - Started process (PID=11480) to work on /opt/airflow/dags/Copy_smoke_pipeline.py
[2026-01-01T05:12:36.293+0000] {processor.py:830} INFO - Processing file /opt/airflow/dags/Copy_smoke_pipeline.py for tasks to queue
[2026-01-01T05:12:36.295+0000] {logging_mixin.py:188} INFO - [2026-01-01T05:12:36.294+0000] {dagbag.py:545} INFO - Filling up the DagBag from /opt/airflow/dags/Copy_smoke_pipeline.py
[2026-01-01T05:12:36.328+0000] {processor.py:840} INFO - DAG(s) 'copy_smoke_test' retrieved from /opt/airflow/dags/Copy_smoke_pipeline.py
[2026-01-01T05:12:36.385+0000] {logging_mixin.py:188} INFO - [2026-01-01T05:12:36.384+0000] {dag.py:3089} INFO - Sync 1 DAGs
[2026-01-01T05:12:36.410+0000] {logging_mixin.py:188} INFO - [2026-01-01T05:12:36.410+0000] {dag.py:3947} INFO - Setting next_dagrun for copy_smoke_test to None, run_after=None
[2026-01-01T05:12:36.446+0000] {processor.py:183} INFO - Processing /opt/airflow/dags/Copy_smoke_pipeline.py took 0.165 seconds
[2026-01-01T05:13:07.177+0000] {processor.py:161} INFO - Started process (PID=11505) to work on /opt/airflow/dags/Copy_smoke_pipeline.py
[2026-01-01T05:13:07.180+0000] {processor.py:830} INFO - Processing file /opt/airflow/dags/Copy_smoke_pipeline.py for tasks to queue
[2026-01-01T05:13:07.184+0000] {logging_mixin.py:188} INFO - [2026-01-01T05:13:07.182+0000] {dagbag.py:545} INFO - Filling up the DagBag from /opt/airflow/dags/Copy_smoke_pipeline.py
[2026-01-01T05:13:07.264+0000] {processor.py:840} INFO - DAG(s) 'copy_smoke_test' retrieved from /opt/airflow/dags/Copy_smoke_pipeline.py
[2026-01-01T05:13:07.399+0000] {logging_mixin.py:188} INFO - [2026-01-01T05:13:07.398+0000] {dag.py:3089} INFO - Sync 1 DAGs
[2026-01-01T05:13:07.451+0000] {logging_mixin.py:188} INFO - [2026-01-01T05:13:07.451+0000] {dag.py:3947} INFO - Setting next_dagrun for copy_smoke_test to None, run_after=None
[2026-01-01T05:13:07.521+0000] {processor.py:183} INFO - Processing /opt/airflow/dags/Copy_smoke_pipeline.py took 0.393 seconds
[2026-01-01T05:13:38.280+0000] {processor.py:161} INFO - Started process (PID=11530) to work on /opt/airflow/dags/Copy_smoke_pipeline.py
[2026-01-01T05:13:38.281+0000] {processor.py:830} INFO - Processing file /opt/airflow/dags/Copy_smoke_pipeline.py for tasks to queue
[2026-01-01T05:13:38.283+0000] {logging_mixin.py:188} INFO - [2026-01-01T05:13:38.282+0000] {dagbag.py:545} INFO - Filling up the DagBag from /opt/airflow/dags/Copy_smoke_pipeline.py
[2026-01-01T05:13:38.314+0000] {processor.py:840} INFO - DAG(s) 'copy_smoke_test' retrieved from /opt/airflow/dags/Copy_smoke_pipeline.py
[2026-01-01T05:13:38.372+0000] {logging_mixin.py:188} INFO - [2026-01-01T05:13:38.372+0000] {dag.py:3089} INFO - Sync 1 DAGs
[2026-01-01T05:13:38.387+0000] {logging_mixin.py:188} INFO - [2026-01-01T05:13:38.387+0000] {dag.py:3947} INFO - Setting next_dagrun for copy_smoke_test to None, run_after=None
[2026-01-01T05:13:38.413+0000] {processor.py:183} INFO - Processing /opt/airflow/dags/Copy_smoke_pipeline.py took 0.141 seconds
[2026-01-01T05:14:09.019+0000] {processor.py:161} INFO - Started process (PID=11555) to work on /opt/airflow/dags/Copy_smoke_pipeline.py
[2026-01-01T05:14:09.022+0000] {processor.py:830} INFO - Processing file /opt/airflow/dags/Copy_smoke_pipeline.py for tasks to queue
[2026-01-01T05:14:09.024+0000] {logging_mixin.py:188} INFO - [2026-01-01T05:14:09.023+0000] {dagbag.py:545} INFO - Filling up the DagBag from /opt/airflow/dags/Copy_smoke_pipeline.py
[2026-01-01T05:14:09.051+0000] {processor.py:840} INFO - DAG(s) 'copy_smoke_test' retrieved from /opt/airflow/dags/Copy_smoke_pipeline.py
[2026-01-01T05:14:09.101+0000] {logging_mixin.py:188} INFO - [2026-01-01T05:14:09.100+0000] {dag.py:3089} INFO - Sync 1 DAGs
[2026-01-01T05:14:09.119+0000] {logging_mixin.py:188} INFO - [2026-01-01T05:14:09.119+0000] {dag.py:3947} INFO - Setting next_dagrun for copy_smoke_test to None, run_after=None
[2026-01-01T05:14:09.159+0000] {processor.py:183} INFO - Processing /opt/airflow/dags/Copy_smoke_pipeline.py took 0.153 seconds
[2026-01-01T05:14:39.636+0000] {processor.py:161} INFO - Started process (PID=11580) to work on /opt/airflow/dags/Copy_smoke_pipeline.py
[2026-01-01T05:14:39.639+0000] {processor.py:830} INFO - Processing file /opt/airflow/dags/Copy_smoke_pipeline.py for tasks to queue
[2026-01-01T05:14:39.641+0000] {logging_mixin.py:188} INFO - [2026-01-01T05:14:39.640+0000] {dagbag.py:545} INFO - Filling up the DagBag from /opt/airflow/dags/Copy_smoke_pipeline.py
[2026-01-01T05:14:39.679+0000] {processor.py:840} INFO - DAG(s) 'copy_smoke_test' retrieved from /opt/airflow/dags/Copy_smoke_pipeline.py
[2026-01-01T05:14:39.743+0000] {logging_mixin.py:188} INFO - [2026-01-01T05:14:39.743+0000] {dag.py:3089} INFO - Sync 1 DAGs
[2026-01-01T05:14:39.765+0000] {logging_mixin.py:188} INFO - [2026-01-01T05:14:39.765+0000] {dag.py:3947} INFO - Setting next_dagrun for copy_smoke_test to None, run_after=None
[2026-01-01T05:14:39.799+0000] {processor.py:183} INFO - Processing /opt/airflow/dags/Copy_smoke_pipeline.py took 0.179 seconds
[2026-01-01T05:15:10.471+0000] {processor.py:161} INFO - Started process (PID=11605) to work on /opt/airflow/dags/Copy_smoke_pipeline.py
[2026-01-01T05:15:10.473+0000] {processor.py:830} INFO - Processing file /opt/airflow/dags/Copy_smoke_pipeline.py for tasks to queue
[2026-01-01T05:15:10.475+0000] {logging_mixin.py:188} INFO - [2026-01-01T05:15:10.475+0000] {dagbag.py:545} INFO - Filling up the DagBag from /opt/airflow/dags/Copy_smoke_pipeline.py
[2026-01-01T05:15:10.504+0000] {processor.py:840} INFO - DAG(s) 'copy_smoke_test' retrieved from /opt/airflow/dags/Copy_smoke_pipeline.py
[2026-01-01T05:15:10.553+0000] {logging_mixin.py:188} INFO - [2026-01-01T05:15:10.553+0000] {dag.py:3089} INFO - Sync 1 DAGs
[2026-01-01T05:15:10.569+0000] {logging_mixin.py:188} INFO - [2026-01-01T05:15:10.569+0000] {dag.py:3947} INFO - Setting next_dagrun for copy_smoke_test to None, run_after=None
[2026-01-01T05:15:10.595+0000] {processor.py:183} INFO - Processing /opt/airflow/dags/Copy_smoke_pipeline.py took 0.133 seconds
[2026-01-01T05:15:41.292+0000] {processor.py:161} INFO - Started process (PID=11630) to work on /opt/airflow/dags/Copy_smoke_pipeline.py
[2026-01-01T05:15:41.293+0000] {processor.py:830} INFO - Processing file /opt/airflow/dags/Copy_smoke_pipeline.py for tasks to queue
[2026-01-01T05:15:41.295+0000] {logging_mixin.py:188} INFO - [2026-01-01T05:15:41.295+0000] {dagbag.py:545} INFO - Filling up the DagBag from /opt/airflow/dags/Copy_smoke_pipeline.py
[2026-01-01T05:15:41.320+0000] {processor.py:840} INFO - DAG(s) 'copy_smoke_test' retrieved from /opt/airflow/dags/Copy_smoke_pipeline.py
[2026-01-01T05:15:41.366+0000] {logging_mixin.py:188} INFO - [2026-01-01T05:15:41.366+0000] {dag.py:3089} INFO - Sync 1 DAGs
[2026-01-01T05:15:41.381+0000] {logging_mixin.py:188} INFO - [2026-01-01T05:15:41.381+0000] {dag.py:3947} INFO - Setting next_dagrun for copy_smoke_test to None, run_after=None
[2026-01-01T05:15:41.408+0000] {processor.py:183} INFO - Processing /opt/airflow/dags/Copy_smoke_pipeline.py took 0.125 seconds
[2026-01-01T05:16:11.864+0000] {processor.py:161} INFO - Started process (PID=11655) to work on /opt/airflow/dags/Copy_smoke_pipeline.py
[2026-01-01T05:16:11.866+0000] {processor.py:830} INFO - Processing file /opt/airflow/dags/Copy_smoke_pipeline.py for tasks to queue
[2026-01-01T05:16:11.868+0000] {logging_mixin.py:188} INFO - [2026-01-01T05:16:11.867+0000] {dagbag.py:545} INFO - Filling up the DagBag from /opt/airflow/dags/Copy_smoke_pipeline.py
[2026-01-01T05:16:11.899+0000] {processor.py:840} INFO - DAG(s) 'copy_smoke_test' retrieved from /opt/airflow/dags/Copy_smoke_pipeline.py
[2026-01-01T05:16:11.949+0000] {logging_mixin.py:188} INFO - [2026-01-01T05:16:11.948+0000] {dag.py:3089} INFO - Sync 1 DAGs
[2026-01-01T05:16:11.971+0000] {logging_mixin.py:188} INFO - [2026-01-01T05:16:11.971+0000] {dag.py:3947} INFO - Setting next_dagrun for copy_smoke_test to None, run_after=None
[2026-01-01T05:16:11.998+0000] {processor.py:183} INFO - Processing /opt/airflow/dags/Copy_smoke_pipeline.py took 0.146 seconds
[2026-01-01T05:16:42.586+0000] {processor.py:161} INFO - Started process (PID=11680) to work on /opt/airflow/dags/Copy_smoke_pipeline.py
[2026-01-01T05:16:42.587+0000] {processor.py:830} INFO - Processing file /opt/airflow/dags/Copy_smoke_pipeline.py for tasks to queue
[2026-01-01T05:16:42.589+0000] {logging_mixin.py:188} INFO - [2026-01-01T05:16:42.588+0000] {dagbag.py:545} INFO - Filling up the DagBag from /opt/airflow/dags/Copy_smoke_pipeline.py
[2026-01-01T05:16:42.619+0000] {processor.py:840} INFO - DAG(s) 'copy_smoke_test' retrieved from /opt/airflow/dags/Copy_smoke_pipeline.py
[2026-01-01T05:16:42.692+0000] {logging_mixin.py:188} INFO - [2026-01-01T05:16:42.691+0000] {dag.py:3089} INFO - Sync 1 DAGs
[2026-01-01T05:16:42.712+0000] {logging_mixin.py:188} INFO - [2026-01-01T05:16:42.712+0000] {dag.py:3947} INFO - Setting next_dagrun for copy_smoke_test to None, run_after=None
[2026-01-01T05:16:42.738+0000] {processor.py:183} INFO - Processing /opt/airflow/dags/Copy_smoke_pipeline.py took 0.160 seconds
[2026-01-01T05:17:13.357+0000] {processor.py:161} INFO - Started process (PID=11705) to work on /opt/airflow/dags/Copy_smoke_pipeline.py
[2026-01-01T05:17:13.360+0000] {processor.py:830} INFO - Processing file /opt/airflow/dags/Copy_smoke_pipeline.py for tasks to queue
[2026-01-01T05:17:13.363+0000] {logging_mixin.py:188} INFO - [2026-01-01T05:17:13.361+0000] {dagbag.py:545} INFO - Filling up the DagBag from /opt/airflow/dags/Copy_smoke_pipeline.py
[2026-01-01T05:17:13.405+0000] {processor.py:840} INFO - DAG(s) 'copy_smoke_test' retrieved from /opt/airflow/dags/Copy_smoke_pipeline.py
[2026-01-01T05:17:13.486+0000] {logging_mixin.py:188} INFO - [2026-01-01T05:17:13.486+0000] {dag.py:3089} INFO - Sync 1 DAGs
[2026-01-01T05:17:13.519+0000] {logging_mixin.py:188} INFO - [2026-01-01T05:17:13.519+0000] {dag.py:3947} INFO - Setting next_dagrun for copy_smoke_test to None, run_after=None
[2026-01-01T05:17:13.556+0000] {processor.py:183} INFO - Processing /opt/airflow/dags/Copy_smoke_pipeline.py took 0.217 seconds
[2026-01-01T05:17:44.180+0000] {processor.py:161} INFO - Started process (PID=11730) to work on /opt/airflow/dags/Copy_smoke_pipeline.py
[2026-01-01T05:17:44.182+0000] {processor.py:830} INFO - Processing file /opt/airflow/dags/Copy_smoke_pipeline.py for tasks to queue
[2026-01-01T05:17:44.183+0000] {logging_mixin.py:188} INFO - [2026-01-01T05:17:44.183+0000] {dagbag.py:545} INFO - Filling up the DagBag from /opt/airflow/dags/Copy_smoke_pipeline.py
[2026-01-01T05:17:44.206+0000] {processor.py:840} INFO - DAG(s) 'copy_smoke_test' retrieved from /opt/airflow/dags/Copy_smoke_pipeline.py
[2026-01-01T05:17:44.279+0000] {logging_mixin.py:188} INFO - [2026-01-01T05:17:44.279+0000] {dag.py:3089} INFO - Sync 1 DAGs
[2026-01-01T05:17:44.299+0000] {logging_mixin.py:188} INFO - [2026-01-01T05:17:44.299+0000] {dag.py:3947} INFO - Setting next_dagrun for copy_smoke_test to None, run_after=None
[2026-01-01T05:17:44.324+0000] {processor.py:183} INFO - Processing /opt/airflow/dags/Copy_smoke_pipeline.py took 0.152 seconds
[2026-01-01T05:18:14.896+0000] {processor.py:161} INFO - Started process (PID=11755) to work on /opt/airflow/dags/Copy_smoke_pipeline.py
[2026-01-01T05:18:14.898+0000] {processor.py:830} INFO - Processing file /opt/airflow/dags/Copy_smoke_pipeline.py for tasks to queue
[2026-01-01T05:18:14.899+0000] {logging_mixin.py:188} INFO - [2026-01-01T05:18:14.899+0000] {dagbag.py:545} INFO - Filling up the DagBag from /opt/airflow/dags/Copy_smoke_pipeline.py
[2026-01-01T05:18:14.924+0000] {processor.py:840} INFO - DAG(s) 'copy_smoke_test' retrieved from /opt/airflow/dags/Copy_smoke_pipeline.py
[2026-01-01T05:18:14.970+0000] {logging_mixin.py:188} INFO - [2026-01-01T05:18:14.970+0000] {dag.py:3089} INFO - Sync 1 DAGs
[2026-01-01T05:18:14.986+0000] {logging_mixin.py:188} INFO - [2026-01-01T05:18:14.986+0000] {dag.py:3947} INFO - Setting next_dagrun for copy_smoke_test to None, run_after=None
[2026-01-01T05:18:15.011+0000] {processor.py:183} INFO - Processing /opt/airflow/dags/Copy_smoke_pipeline.py took 0.123 seconds
[2026-01-01T05:18:45.734+0000] {processor.py:161} INFO - Started process (PID=11780) to work on /opt/airflow/dags/Copy_smoke_pipeline.py
[2026-01-01T05:18:45.736+0000] {processor.py:830} INFO - Processing file /opt/airflow/dags/Copy_smoke_pipeline.py for tasks to queue
[2026-01-01T05:18:45.741+0000] {logging_mixin.py:188} INFO - [2026-01-01T05:18:45.738+0000] {dagbag.py:545} INFO - Filling up the DagBag from /opt/airflow/dags/Copy_smoke_pipeline.py
[2026-01-01T05:18:45.844+0000] {processor.py:840} INFO - DAG(s) 'copy_smoke_test' retrieved from /opt/airflow/dags/Copy_smoke_pipeline.py
[2026-01-01T05:18:45.978+0000] {logging_mixin.py:188} INFO - [2026-01-01T05:18:45.978+0000] {dag.py:3089} INFO - Sync 1 DAGs
[2026-01-01T05:18:46.021+0000] {logging_mixin.py:188} INFO - [2026-01-01T05:18:46.020+0000] {dag.py:3947} INFO - Setting next_dagrun for copy_smoke_test to None, run_after=None
[2026-01-01T05:18:46.168+0000] {processor.py:183} INFO - Processing /opt/airflow/dags/Copy_smoke_pipeline.py took 0.455 seconds
[2026-01-01T05:19:16.611+0000] {processor.py:161} INFO - Started process (PID=11805) to work on /opt/airflow/dags/Copy_smoke_pipeline.py
[2026-01-01T05:19:16.613+0000] {processor.py:830} INFO - Processing file /opt/airflow/dags/Copy_smoke_pipeline.py for tasks to queue
[2026-01-01T05:19:16.614+0000] {logging_mixin.py:188} INFO - [2026-01-01T05:19:16.613+0000] {dagbag.py:545} INFO - Filling up the DagBag from /opt/airflow/dags/Copy_smoke_pipeline.py
[2026-01-01T05:19:16.643+0000] {processor.py:840} INFO - DAG(s) 'copy_smoke_test' retrieved from /opt/airflow/dags/Copy_smoke_pipeline.py
[2026-01-01T05:19:16.699+0000] {logging_mixin.py:188} INFO - [2026-01-01T05:19:16.699+0000] {dag.py:3089} INFO - Sync 1 DAGs
[2026-01-01T05:19:16.720+0000] {logging_mixin.py:188} INFO - [2026-01-01T05:19:16.720+0000] {dag.py:3947} INFO - Setting next_dagrun for copy_smoke_test to None, run_after=None
[2026-01-01T05:19:16.791+0000] {processor.py:183} INFO - Processing /opt/airflow/dags/Copy_smoke_pipeline.py took 0.188 seconds
[2026-01-01T05:19:47.199+0000] {processor.py:161} INFO - Started process (PID=11830) to work on /opt/airflow/dags/Copy_smoke_pipeline.py
[2026-01-01T05:19:47.201+0000] {processor.py:830} INFO - Processing file /opt/airflow/dags/Copy_smoke_pipeline.py for tasks to queue
[2026-01-01T05:19:47.202+0000] {logging_mixin.py:188} INFO - [2026-01-01T05:19:47.202+0000] {dagbag.py:545} INFO - Filling up the DagBag from /opt/airflow/dags/Copy_smoke_pipeline.py
[2026-01-01T05:19:47.232+0000] {processor.py:840} INFO - DAG(s) 'copy_smoke_test' retrieved from /opt/airflow/dags/Copy_smoke_pipeline.py
[2026-01-01T05:19:47.282+0000] {logging_mixin.py:188} INFO - [2026-01-01T05:19:47.281+0000] {dag.py:3089} INFO - Sync 1 DAGs
[2026-01-01T05:19:47.308+0000] {logging_mixin.py:188} INFO - [2026-01-01T05:19:47.308+0000] {dag.py:3947} INFO - Setting next_dagrun for copy_smoke_test to None, run_after=None
[2026-01-01T05:19:47.345+0000] {processor.py:183} INFO - Processing /opt/airflow/dags/Copy_smoke_pipeline.py took 0.155 seconds
[2026-01-01T05:20:17.960+0000] {processor.py:161} INFO - Started process (PID=11855) to work on /opt/airflow/dags/Copy_smoke_pipeline.py
[2026-01-01T05:20:17.962+0000] {processor.py:830} INFO - Processing file /opt/airflow/dags/Copy_smoke_pipeline.py for tasks to queue
[2026-01-01T05:20:17.964+0000] {logging_mixin.py:188} INFO - [2026-01-01T05:20:17.963+0000] {dagbag.py:545} INFO - Filling up the DagBag from /opt/airflow/dags/Copy_smoke_pipeline.py
[2026-01-01T05:20:17.993+0000] {processor.py:840} INFO - DAG(s) 'copy_smoke_test' retrieved from /opt/airflow/dags/Copy_smoke_pipeline.py
[2026-01-01T05:20:18.062+0000] {logging_mixin.py:188} INFO - [2026-01-01T05:20:18.061+0000] {dag.py:3089} INFO - Sync 1 DAGs
[2026-01-01T05:20:18.081+0000] {logging_mixin.py:188} INFO - [2026-01-01T05:20:18.080+0000] {dag.py:3947} INFO - Setting next_dagrun for copy_smoke_test to None, run_after=None
[2026-01-01T05:20:18.123+0000] {processor.py:183} INFO - Processing /opt/airflow/dags/Copy_smoke_pipeline.py took 0.174 seconds
[2026-01-01T05:20:48.704+0000] {processor.py:161} INFO - Started process (PID=11880) to work on /opt/airflow/dags/Copy_smoke_pipeline.py
[2026-01-01T05:20:48.708+0000] {processor.py:830} INFO - Processing file /opt/airflow/dags/Copy_smoke_pipeline.py for tasks to queue
[2026-01-01T05:20:48.710+0000] {logging_mixin.py:188} INFO - [2026-01-01T05:20:48.709+0000] {dagbag.py:545} INFO - Filling up the DagBag from /opt/airflow/dags/Copy_smoke_pipeline.py
[2026-01-01T05:20:48.753+0000] {processor.py:840} INFO - DAG(s) 'copy_smoke_test' retrieved from /opt/airflow/dags/Copy_smoke_pipeline.py
[2026-01-01T05:20:48.840+0000] {logging_mixin.py:188} INFO - [2026-01-01T05:20:48.840+0000] {dag.py:3089} INFO - Sync 1 DAGs
[2026-01-01T05:20:48.874+0000] {logging_mixin.py:188} INFO - [2026-01-01T05:20:48.873+0000] {dag.py:3947} INFO - Setting next_dagrun for copy_smoke_test to None, run_after=None
[2026-01-01T05:20:48.938+0000] {processor.py:183} INFO - Processing /opt/airflow/dags/Copy_smoke_pipeline.py took 0.251 seconds
[2026-01-01T05:21:19.703+0000] {processor.py:161} INFO - Started process (PID=11905) to work on /opt/airflow/dags/Copy_smoke_pipeline.py
[2026-01-01T05:21:19.705+0000] {processor.py:830} INFO - Processing file /opt/airflow/dags/Copy_smoke_pipeline.py for tasks to queue
[2026-01-01T05:21:19.709+0000] {logging_mixin.py:188} INFO - [2026-01-01T05:21:19.708+0000] {dagbag.py:545} INFO - Filling up the DagBag from /opt/airflow/dags/Copy_smoke_pipeline.py
[2026-01-01T05:21:19.748+0000] {processor.py:840} INFO - DAG(s) 'copy_smoke_test' retrieved from /opt/airflow/dags/Copy_smoke_pipeline.py
[2026-01-01T05:21:19.822+0000] {logging_mixin.py:188} INFO - [2026-01-01T05:21:19.822+0000] {dag.py:3089} INFO - Sync 1 DAGs
[2026-01-01T05:21:19.845+0000] {logging_mixin.py:188} INFO - [2026-01-01T05:21:19.845+0000] {dag.py:3947} INFO - Setting next_dagrun for copy_smoke_test to None, run_after=None
[2026-01-01T05:21:19.877+0000] {processor.py:183} INFO - Processing /opt/airflow/dags/Copy_smoke_pipeline.py took 0.188 seconds
[2026-01-01T05:21:50.709+0000] {processor.py:161} INFO - Started process (PID=11930) to work on /opt/airflow/dags/Copy_smoke_pipeline.py
[2026-01-01T05:21:50.711+0000] {processor.py:830} INFO - Processing file /opt/airflow/dags/Copy_smoke_pipeline.py for tasks to queue
[2026-01-01T05:21:50.713+0000] {logging_mixin.py:188} INFO - [2026-01-01T05:21:50.713+0000] {dagbag.py:545} INFO - Filling up the DagBag from /opt/airflow/dags/Copy_smoke_pipeline.py
[2026-01-01T05:21:50.747+0000] {processor.py:840} INFO - DAG(s) 'copy_smoke_test' retrieved from /opt/airflow/dags/Copy_smoke_pipeline.py
[2026-01-01T05:21:50.813+0000] {logging_mixin.py:188} INFO - [2026-01-01T05:21:50.813+0000] {dag.py:3089} INFO - Sync 1 DAGs
[2026-01-01T05:21:50.836+0000] {logging_mixin.py:188} INFO - [2026-01-01T05:21:50.835+0000] {dag.py:3947} INFO - Setting next_dagrun for copy_smoke_test to None, run_after=None
[2026-01-01T05:21:50.869+0000] {processor.py:183} INFO - Processing /opt/airflow/dags/Copy_smoke_pipeline.py took 0.169 seconds
[2026-01-01T05:22:21.532+0000] {processor.py:161} INFO - Started process (PID=11955) to work on /opt/airflow/dags/Copy_smoke_pipeline.py
[2026-01-01T05:22:21.534+0000] {processor.py:830} INFO - Processing file /opt/airflow/dags/Copy_smoke_pipeline.py for tasks to queue
[2026-01-01T05:22:21.535+0000] {logging_mixin.py:188} INFO - [2026-01-01T05:22:21.535+0000] {dagbag.py:545} INFO - Filling up the DagBag from /opt/airflow/dags/Copy_smoke_pipeline.py
[2026-01-01T05:22:21.562+0000] {processor.py:840} INFO - DAG(s) 'copy_smoke_test' retrieved from /opt/airflow/dags/Copy_smoke_pipeline.py
[2026-01-01T05:22:21.610+0000] {logging_mixin.py:188} INFO - [2026-01-01T05:22:21.609+0000] {dag.py:3089} INFO - Sync 1 DAGs
[2026-01-01T05:22:21.628+0000] {logging_mixin.py:188} INFO - [2026-01-01T05:22:21.627+0000] {dag.py:3947} INFO - Setting next_dagrun for copy_smoke_test to None, run_after=None
[2026-01-01T05:22:21.653+0000] {processor.py:183} INFO - Processing /opt/airflow/dags/Copy_smoke_pipeline.py took 0.131 seconds
[2026-01-01T05:22:52.263+0000] {processor.py:161} INFO - Started process (PID=11980) to work on /opt/airflow/dags/Copy_smoke_pipeline.py
[2026-01-01T05:22:52.265+0000] {processor.py:830} INFO - Processing file /opt/airflow/dags/Copy_smoke_pipeline.py for tasks to queue
[2026-01-01T05:22:52.267+0000] {logging_mixin.py:188} INFO - [2026-01-01T05:22:52.266+0000] {dagbag.py:545} INFO - Filling up the DagBag from /opt/airflow/dags/Copy_smoke_pipeline.py
[2026-01-01T05:22:52.296+0000] {processor.py:840} INFO - DAG(s) 'copy_smoke_test' retrieved from /opt/airflow/dags/Copy_smoke_pipeline.py
[2026-01-01T05:22:52.344+0000] {logging_mixin.py:188} INFO - [2026-01-01T05:22:52.344+0000] {dag.py:3089} INFO - Sync 1 DAGs
[2026-01-01T05:22:52.370+0000] {logging_mixin.py:188} INFO - [2026-01-01T05:22:52.370+0000] {dag.py:3947} INFO - Setting next_dagrun for copy_smoke_test to None, run_after=None
[2026-01-01T05:22:52.405+0000] {processor.py:183} INFO - Processing /opt/airflow/dags/Copy_smoke_pipeline.py took 0.155 seconds
[2026-01-01T05:23:22.532+0000] {processor.py:161} INFO - Started process (PID=12005) to work on /opt/airflow/dags/Copy_smoke_pipeline.py
[2026-01-01T05:23:22.534+0000] {processor.py:830} INFO - Processing file /opt/airflow/dags/Copy_smoke_pipeline.py for tasks to queue
[2026-01-01T05:23:22.536+0000] {logging_mixin.py:188} INFO - [2026-01-01T05:23:22.536+0000] {dagbag.py:545} INFO - Filling up the DagBag from /opt/airflow/dags/Copy_smoke_pipeline.py
[2026-01-01T05:23:22.566+0000] {processor.py:840} INFO - DAG(s) 'copy_smoke_test' retrieved from /opt/airflow/dags/Copy_smoke_pipeline.py
[2026-01-01T05:23:22.632+0000] {logging_mixin.py:188} INFO - [2026-01-01T05:23:22.632+0000] {dag.py:3089} INFO - Sync 1 DAGs
[2026-01-01T05:23:22.658+0000] {logging_mixin.py:188} INFO - [2026-01-01T05:23:22.658+0000] {dag.py:3947} INFO - Setting next_dagrun for copy_smoke_test to None, run_after=None
[2026-01-01T05:23:22.702+0000] {processor.py:183} INFO - Processing /opt/airflow/dags/Copy_smoke_pipeline.py took 0.183 seconds
[2026-01-01T05:23:53.090+0000] {processor.py:161} INFO - Started process (PID=12030) to work on /opt/airflow/dags/Copy_smoke_pipeline.py
[2026-01-01T05:23:53.092+0000] {processor.py:830} INFO - Processing file /opt/airflow/dags/Copy_smoke_pipeline.py for tasks to queue
[2026-01-01T05:23:53.094+0000] {logging_mixin.py:188} INFO - [2026-01-01T05:23:53.093+0000] {dagbag.py:545} INFO - Filling up the DagBag from /opt/airflow/dags/Copy_smoke_pipeline.py
[2026-01-01T05:23:53.131+0000] {processor.py:840} INFO - DAG(s) 'copy_smoke_test' retrieved from /opt/airflow/dags/Copy_smoke_pipeline.py
[2026-01-01T05:23:53.193+0000] {logging_mixin.py:188} INFO - [2026-01-01T05:23:53.192+0000] {dag.py:3089} INFO - Sync 1 DAGs
[2026-01-01T05:23:53.220+0000] {logging_mixin.py:188} INFO - [2026-01-01T05:23:53.220+0000] {dag.py:3947} INFO - Setting next_dagrun for copy_smoke_test to None, run_after=None
[2026-01-01T05:23:53.255+0000] {processor.py:183} INFO - Processing /opt/airflow/dags/Copy_smoke_pipeline.py took 0.174 seconds
[2026-01-01T05:24:23.960+0000] {processor.py:161} INFO - Started process (PID=12055) to work on /opt/airflow/dags/Copy_smoke_pipeline.py
[2026-01-01T05:24:23.961+0000] {processor.py:830} INFO - Processing file /opt/airflow/dags/Copy_smoke_pipeline.py for tasks to queue
[2026-01-01T05:24:23.962+0000] {logging_mixin.py:188} INFO - [2026-01-01T05:24:23.962+0000] {dagbag.py:545} INFO - Filling up the DagBag from /opt/airflow/dags/Copy_smoke_pipeline.py
[2026-01-01T05:24:23.987+0000] {processor.py:840} INFO - DAG(s) 'copy_smoke_test' retrieved from /opt/airflow/dags/Copy_smoke_pipeline.py
[2026-01-01T05:24:24.033+0000] {logging_mixin.py:188} INFO - [2026-01-01T05:24:24.033+0000] {dag.py:3089} INFO - Sync 1 DAGs
[2026-01-01T05:24:24.049+0000] {logging_mixin.py:188} INFO - [2026-01-01T05:24:24.049+0000] {dag.py:3947} INFO - Setting next_dagrun for copy_smoke_test to None, run_after=None
[2026-01-01T05:24:24.087+0000] {processor.py:183} INFO - Processing /opt/airflow/dags/Copy_smoke_pipeline.py took 0.135 seconds
[2026-01-01T05:24:54.760+0000] {processor.py:161} INFO - Started process (PID=12080) to work on /opt/airflow/dags/Copy_smoke_pipeline.py
[2026-01-01T05:24:54.762+0000] {processor.py:830} INFO - Processing file /opt/airflow/dags/Copy_smoke_pipeline.py for tasks to queue
[2026-01-01T05:24:54.764+0000] {logging_mixin.py:188} INFO - [2026-01-01T05:24:54.763+0000] {dagbag.py:545} INFO - Filling up the DagBag from /opt/airflow/dags/Copy_smoke_pipeline.py
[2026-01-01T05:24:54.793+0000] {processor.py:840} INFO - DAG(s) 'copy_smoke_test' retrieved from /opt/airflow/dags/Copy_smoke_pipeline.py
[2026-01-01T05:24:54.838+0000] {logging_mixin.py:188} INFO - [2026-01-01T05:24:54.837+0000] {dag.py:3089} INFO - Sync 1 DAGs
[2026-01-01T05:24:54.852+0000] {logging_mixin.py:188} INFO - [2026-01-01T05:24:54.852+0000] {dag.py:3947} INFO - Setting next_dagrun for copy_smoke_test to None, run_after=None
[2026-01-01T05:24:54.876+0000] {processor.py:183} INFO - Processing /opt/airflow/dags/Copy_smoke_pipeline.py took 0.128 seconds
[2026-01-01T05:25:25.565+0000] {processor.py:161} INFO - Started process (PID=12105) to work on /opt/airflow/dags/Copy_smoke_pipeline.py
[2026-01-01T05:25:25.566+0000] {processor.py:830} INFO - Processing file /opt/airflow/dags/Copy_smoke_pipeline.py for tasks to queue
[2026-01-01T05:25:25.568+0000] {logging_mixin.py:188} INFO - [2026-01-01T05:25:25.568+0000] {dagbag.py:545} INFO - Filling up the DagBag from /opt/airflow/dags/Copy_smoke_pipeline.py
[2026-01-01T05:25:25.595+0000] {processor.py:840} INFO - DAG(s) 'copy_smoke_test' retrieved from /opt/airflow/dags/Copy_smoke_pipeline.py
[2026-01-01T05:25:25.652+0000] {logging_mixin.py:188} INFO - [2026-01-01T05:25:25.652+0000] {dag.py:3089} INFO - Sync 1 DAGs
[2026-01-01T05:25:25.674+0000] {logging_mixin.py:188} INFO - [2026-01-01T05:25:25.673+0000] {dag.py:3947} INFO - Setting next_dagrun for copy_smoke_test to None, run_after=None
[2026-01-01T05:25:25.705+0000] {processor.py:183} INFO - Processing /opt/airflow/dags/Copy_smoke_pipeline.py took 0.156 seconds
[2026-01-01T05:25:56.447+0000] {processor.py:161} INFO - Started process (PID=12130) to work on /opt/airflow/dags/Copy_smoke_pipeline.py
[2026-01-01T05:25:56.448+0000] {processor.py:830} INFO - Processing file /opt/airflow/dags/Copy_smoke_pipeline.py for tasks to queue
[2026-01-01T05:25:56.450+0000] {logging_mixin.py:188} INFO - [2026-01-01T05:25:56.449+0000] {dagbag.py:545} INFO - Filling up the DagBag from /opt/airflow/dags/Copy_smoke_pipeline.py
[2026-01-01T05:25:56.475+0000] {processor.py:840} INFO - DAG(s) 'copy_smoke_test' retrieved from /opt/airflow/dags/Copy_smoke_pipeline.py
[2026-01-01T05:25:56.526+0000] {logging_mixin.py:188} INFO - [2026-01-01T05:25:56.525+0000] {dag.py:3089} INFO - Sync 1 DAGs
[2026-01-01T05:25:56.544+0000] {logging_mixin.py:188} INFO - [2026-01-01T05:25:56.544+0000] {dag.py:3947} INFO - Setting next_dagrun for copy_smoke_test to None, run_after=None
[2026-01-01T05:25:56.574+0000] {processor.py:183} INFO - Processing /opt/airflow/dags/Copy_smoke_pipeline.py took 0.139 seconds
[2026-01-01T05:26:27.257+0000] {processor.py:161} INFO - Started process (PID=12155) to work on /opt/airflow/dags/Copy_smoke_pipeline.py
[2026-01-01T05:26:27.258+0000] {processor.py:830} INFO - Processing file /opt/airflow/dags/Copy_smoke_pipeline.py for tasks to queue
[2026-01-01T05:26:27.260+0000] {logging_mixin.py:188} INFO - [2026-01-01T05:26:27.260+0000] {dagbag.py:545} INFO - Filling up the DagBag from /opt/airflow/dags/Copy_smoke_pipeline.py
[2026-01-01T05:26:27.288+0000] {processor.py:840} INFO - DAG(s) 'copy_smoke_test' retrieved from /opt/airflow/dags/Copy_smoke_pipeline.py
[2026-01-01T05:26:27.356+0000] {logging_mixin.py:188} INFO - [2026-01-01T05:26:27.356+0000] {dag.py:3089} INFO - Sync 1 DAGs
[2026-01-01T05:26:27.383+0000] {logging_mixin.py:188} INFO - [2026-01-01T05:26:27.382+0000] {dag.py:3947} INFO - Setting next_dagrun for copy_smoke_test to None, run_after=None
[2026-01-01T05:26:27.432+0000] {processor.py:183} INFO - Processing /opt/airflow/dags/Copy_smoke_pipeline.py took 0.191 seconds
[2026-01-01T05:26:58.066+0000] {processor.py:161} INFO - Started process (PID=12180) to work on /opt/airflow/dags/Copy_smoke_pipeline.py
[2026-01-01T05:26:58.068+0000] {processor.py:830} INFO - Processing file /opt/airflow/dags/Copy_smoke_pipeline.py for tasks to queue
[2026-01-01T05:26:58.070+0000] {logging_mixin.py:188} INFO - [2026-01-01T05:26:58.070+0000] {dagbag.py:545} INFO - Filling up the DagBag from /opt/airflow/dags/Copy_smoke_pipeline.py
[2026-01-01T05:26:58.107+0000] {processor.py:840} INFO - DAG(s) 'copy_smoke_test' retrieved from /opt/airflow/dags/Copy_smoke_pipeline.py
[2026-01-01T05:26:58.178+0000] {logging_mixin.py:188} INFO - [2026-01-01T05:26:58.177+0000] {dag.py:3089} INFO - Sync 1 DAGs
[2026-01-01T05:26:58.198+0000] {logging_mixin.py:188} INFO - [2026-01-01T05:26:58.197+0000] {dag.py:3947} INFO - Setting next_dagrun for copy_smoke_test to None, run_after=None
[2026-01-01T05:26:58.236+0000] {processor.py:183} INFO - Processing /opt/airflow/dags/Copy_smoke_pipeline.py took 0.184 seconds
[2026-01-01T05:27:28.853+0000] {processor.py:161} INFO - Started process (PID=12205) to work on /opt/airflow/dags/Copy_smoke_pipeline.py
[2026-01-01T05:27:28.854+0000] {processor.py:830} INFO - Processing file /opt/airflow/dags/Copy_smoke_pipeline.py for tasks to queue
[2026-01-01T05:27:28.856+0000] {logging_mixin.py:188} INFO - [2026-01-01T05:27:28.855+0000] {dagbag.py:545} INFO - Filling up the DagBag from /opt/airflow/dags/Copy_smoke_pipeline.py
[2026-01-01T05:27:28.884+0000] {processor.py:840} INFO - DAG(s) 'copy_smoke_test' retrieved from /opt/airflow/dags/Copy_smoke_pipeline.py
[2026-01-01T05:27:28.949+0000] {logging_mixin.py:188} INFO - [2026-01-01T05:27:28.949+0000] {dag.py:3089} INFO - Sync 1 DAGs
[2026-01-01T05:27:28.966+0000] {logging_mixin.py:188} INFO - [2026-01-01T05:27:28.965+0000] {dag.py:3947} INFO - Setting next_dagrun for copy_smoke_test to None, run_after=None
[2026-01-01T05:27:28.997+0000] {processor.py:183} INFO - Processing /opt/airflow/dags/Copy_smoke_pipeline.py took 0.157 seconds
[2026-01-01T05:27:59.533+0000] {processor.py:161} INFO - Started process (PID=12230) to work on /opt/airflow/dags/Copy_smoke_pipeline.py
[2026-01-01T05:27:59.535+0000] {processor.py:830} INFO - Processing file /opt/airflow/dags/Copy_smoke_pipeline.py for tasks to queue
[2026-01-01T05:27:59.537+0000] {logging_mixin.py:188} INFO - [2026-01-01T05:27:59.536+0000] {dagbag.py:545} INFO - Filling up the DagBag from /opt/airflow/dags/Copy_smoke_pipeline.py
[2026-01-01T05:27:59.570+0000] {processor.py:840} INFO - DAG(s) 'copy_smoke_test' retrieved from /opt/airflow/dags/Copy_smoke_pipeline.py
[2026-01-01T05:27:59.653+0000] {logging_mixin.py:188} INFO - [2026-01-01T05:27:59.652+0000] {dag.py:3089} INFO - Sync 1 DAGs
[2026-01-01T05:27:59.680+0000] {logging_mixin.py:188} INFO - [2026-01-01T05:27:59.680+0000] {dag.py:3947} INFO - Setting next_dagrun for copy_smoke_test to None, run_after=None
[2026-01-01T05:27:59.714+0000] {processor.py:183} INFO - Processing /opt/airflow/dags/Copy_smoke_pipeline.py took 0.193 seconds
[2026-01-01T05:28:30.370+0000] {processor.py:161} INFO - Started process (PID=12255) to work on /opt/airflow/dags/Copy_smoke_pipeline.py
[2026-01-01T05:28:30.372+0000] {processor.py:830} INFO - Processing file /opt/airflow/dags/Copy_smoke_pipeline.py for tasks to queue
[2026-01-01T05:28:30.374+0000] {logging_mixin.py:188} INFO - [2026-01-01T05:28:30.373+0000] {dagbag.py:545} INFO - Filling up the DagBag from /opt/airflow/dags/Copy_smoke_pipeline.py
[2026-01-01T05:28:30.407+0000] {processor.py:840} INFO - DAG(s) 'copy_smoke_test' retrieved from /opt/airflow/dags/Copy_smoke_pipeline.py
[2026-01-01T05:28:30.471+0000] {logging_mixin.py:188} INFO - [2026-01-01T05:28:30.471+0000] {dag.py:3089} INFO - Sync 1 DAGs
[2026-01-01T05:28:30.494+0000] {logging_mixin.py:188} INFO - [2026-01-01T05:28:30.493+0000] {dag.py:3947} INFO - Setting next_dagrun for copy_smoke_test to None, run_after=None
[2026-01-01T05:28:30.521+0000] {processor.py:183} INFO - Processing /opt/airflow/dags/Copy_smoke_pipeline.py took 0.163 seconds
[2026-01-01T05:29:01.081+0000] {processor.py:161} INFO - Started process (PID=12280) to work on /opt/airflow/dags/Copy_smoke_pipeline.py
[2026-01-01T05:29:01.083+0000] {processor.py:830} INFO - Processing file /opt/airflow/dags/Copy_smoke_pipeline.py for tasks to queue
[2026-01-01T05:29:01.085+0000] {logging_mixin.py:188} INFO - [2026-01-01T05:29:01.084+0000] {dagbag.py:545} INFO - Filling up the DagBag from /opt/airflow/dags/Copy_smoke_pipeline.py
[2026-01-01T05:29:01.115+0000] {processor.py:840} INFO - DAG(s) 'copy_smoke_test' retrieved from /opt/airflow/dags/Copy_smoke_pipeline.py
[2026-01-01T05:29:01.163+0000] {logging_mixin.py:188} INFO - [2026-01-01T05:29:01.163+0000] {dag.py:3089} INFO - Sync 1 DAGs
[2026-01-01T05:29:01.182+0000] {logging_mixin.py:188} INFO - [2026-01-01T05:29:01.181+0000] {dag.py:3947} INFO - Setting next_dagrun for copy_smoke_test to None, run_after=None
[2026-01-01T05:29:01.295+0000] {processor.py:183} INFO - Processing /opt/airflow/dags/Copy_smoke_pipeline.py took 0.225 seconds
[2026-01-01T05:29:31.851+0000] {processor.py:161} INFO - Started process (PID=12305) to work on /opt/airflow/dags/Copy_smoke_pipeline.py
[2026-01-01T05:29:31.852+0000] {processor.py:830} INFO - Processing file /opt/airflow/dags/Copy_smoke_pipeline.py for tasks to queue
[2026-01-01T05:29:31.854+0000] {logging_mixin.py:188} INFO - [2026-01-01T05:29:31.853+0000] {dagbag.py:545} INFO - Filling up the DagBag from /opt/airflow/dags/Copy_smoke_pipeline.py
[2026-01-01T05:29:31.887+0000] {processor.py:840} INFO - DAG(s) 'copy_smoke_test' retrieved from /opt/airflow/dags/Copy_smoke_pipeline.py
[2026-01-01T05:29:31.939+0000] {logging_mixin.py:188} INFO - [2026-01-01T05:29:31.939+0000] {dag.py:3089} INFO - Sync 1 DAGs
[2026-01-01T05:29:31.964+0000] {logging_mixin.py:188} INFO - [2026-01-01T05:29:31.964+0000] {dag.py:3947} INFO - Setting next_dagrun for copy_smoke_test to None, run_after=None
[2026-01-01T05:29:31.994+0000] {processor.py:183} INFO - Processing /opt/airflow/dags/Copy_smoke_pipeline.py took 0.153 seconds
[2026-01-01T05:30:02.677+0000] {processor.py:161} INFO - Started process (PID=12330) to work on /opt/airflow/dags/Copy_smoke_pipeline.py
[2026-01-01T05:30:02.679+0000] {processor.py:830} INFO - Processing file /opt/airflow/dags/Copy_smoke_pipeline.py for tasks to queue
[2026-01-01T05:30:02.682+0000] {logging_mixin.py:188} INFO - [2026-01-01T05:30:02.681+0000] {dagbag.py:545} INFO - Filling up the DagBag from /opt/airflow/dags/Copy_smoke_pipeline.py
[2026-01-01T05:30:02.734+0000] {processor.py:840} INFO - DAG(s) 'copy_smoke_test' retrieved from /opt/airflow/dags/Copy_smoke_pipeline.py
[2026-01-01T05:30:02.816+0000] {logging_mixin.py:188} INFO - [2026-01-01T05:30:02.816+0000] {dag.py:3089} INFO - Sync 1 DAGs
[2026-01-01T05:30:02.842+0000] {logging_mixin.py:188} INFO - [2026-01-01T05:30:02.842+0000] {dag.py:3947} INFO - Setting next_dagrun for copy_smoke_test to None, run_after=None
[2026-01-01T05:30:02.888+0000] {processor.py:183} INFO - Processing /opt/airflow/dags/Copy_smoke_pipeline.py took 0.244 seconds
[2026-01-01T05:30:33.539+0000] {processor.py:161} INFO - Started process (PID=12355) to work on /opt/airflow/dags/Copy_smoke_pipeline.py
[2026-01-01T05:30:33.541+0000] {processor.py:830} INFO - Processing file /opt/airflow/dags/Copy_smoke_pipeline.py for tasks to queue
[2026-01-01T05:30:33.544+0000] {logging_mixin.py:188} INFO - [2026-01-01T05:30:33.542+0000] {dagbag.py:545} INFO - Filling up the DagBag from /opt/airflow/dags/Copy_smoke_pipeline.py
[2026-01-01T05:30:33.589+0000] {processor.py:840} INFO - DAG(s) 'copy_smoke_test' retrieved from /opt/airflow/dags/Copy_smoke_pipeline.py
[2026-01-01T05:30:33.658+0000] {logging_mixin.py:188} INFO - [2026-01-01T05:30:33.657+0000] {dag.py:3089} INFO - Sync 1 DAGs
[2026-01-01T05:30:33.682+0000] {logging_mixin.py:188} INFO - [2026-01-01T05:30:33.681+0000] {dag.py:3947} INFO - Setting next_dagrun for copy_smoke_test to None, run_after=None
[2026-01-01T05:30:33.712+0000] {processor.py:183} INFO - Processing /opt/airflow/dags/Copy_smoke_pipeline.py took 0.188 seconds
[2026-01-01T05:31:04.434+0000] {processor.py:161} INFO - Started process (PID=12380) to work on /opt/airflow/dags/Copy_smoke_pipeline.py
[2026-01-01T05:31:04.436+0000] {processor.py:830} INFO - Processing file /opt/airflow/dags/Copy_smoke_pipeline.py for tasks to queue
[2026-01-01T05:31:04.437+0000] {logging_mixin.py:188} INFO - [2026-01-01T05:31:04.437+0000] {dagbag.py:545} INFO - Filling up the DagBag from /opt/airflow/dags/Copy_smoke_pipeline.py
[2026-01-01T05:31:04.468+0000] {processor.py:840} INFO - DAG(s) 'copy_smoke_test' retrieved from /opt/airflow/dags/Copy_smoke_pipeline.py
[2026-01-01T05:31:04.522+0000] {logging_mixin.py:188} INFO - [2026-01-01T05:31:04.521+0000] {dag.py:3089} INFO - Sync 1 DAGs
[2026-01-01T05:31:04.543+0000] {logging_mixin.py:188} INFO - [2026-01-01T05:31:04.543+0000] {dag.py:3947} INFO - Setting next_dagrun for copy_smoke_test to None, run_after=None
[2026-01-01T05:31:04.677+0000] {processor.py:183} INFO - Processing /opt/airflow/dags/Copy_smoke_pipeline.py took 0.257 seconds
[2026-01-01T05:31:35.082+0000] {processor.py:161} INFO - Started process (PID=12405) to work on /opt/airflow/dags/Copy_smoke_pipeline.py
[2026-01-01T05:31:35.084+0000] {processor.py:830} INFO - Processing file /opt/airflow/dags/Copy_smoke_pipeline.py for tasks to queue
[2026-01-01T05:31:35.086+0000] {logging_mixin.py:188} INFO - [2026-01-01T05:31:35.085+0000] {dagbag.py:545} INFO - Filling up the DagBag from /opt/airflow/dags/Copy_smoke_pipeline.py
[2026-01-01T05:31:35.123+0000] {processor.py:840} INFO - DAG(s) 'copy_smoke_test' retrieved from /opt/airflow/dags/Copy_smoke_pipeline.py
[2026-01-01T05:31:35.190+0000] {logging_mixin.py:188} INFO - [2026-01-01T05:31:35.190+0000] {dag.py:3089} INFO - Sync 1 DAGs
[2026-01-01T05:31:35.215+0000] {logging_mixin.py:188} INFO - [2026-01-01T05:31:35.215+0000] {dag.py:3947} INFO - Setting next_dagrun for copy_smoke_test to None, run_after=None
[2026-01-01T05:31:35.247+0000] {processor.py:183} INFO - Processing /opt/airflow/dags/Copy_smoke_pipeline.py took 0.183 seconds
[2026-01-01T05:32:05.878+0000] {processor.py:161} INFO - Started process (PID=12430) to work on /opt/airflow/dags/Copy_smoke_pipeline.py
[2026-01-01T05:32:05.880+0000] {processor.py:830} INFO - Processing file /opt/airflow/dags/Copy_smoke_pipeline.py for tasks to queue
[2026-01-01T05:32:05.882+0000] {logging_mixin.py:188} INFO - [2026-01-01T05:32:05.881+0000] {dagbag.py:545} INFO - Filling up the DagBag from /opt/airflow/dags/Copy_smoke_pipeline.py
[2026-01-01T05:32:05.907+0000] {processor.py:840} INFO - DAG(s) 'copy_smoke_test' retrieved from /opt/airflow/dags/Copy_smoke_pipeline.py
[2026-01-01T05:32:05.955+0000] {logging_mixin.py:188} INFO - [2026-01-01T05:32:05.955+0000] {dag.py:3089} INFO - Sync 1 DAGs
[2026-01-01T05:32:05.974+0000] {logging_mixin.py:188} INFO - [2026-01-01T05:32:05.974+0000] {dag.py:3947} INFO - Setting next_dagrun for copy_smoke_test to None, run_after=None
[2026-01-01T05:32:06.003+0000] {processor.py:183} INFO - Processing /opt/airflow/dags/Copy_smoke_pipeline.py took 0.133 seconds
[2026-01-01T05:32:36.716+0000] {processor.py:161} INFO - Started process (PID=12455) to work on /opt/airflow/dags/Copy_smoke_pipeline.py
[2026-01-01T05:32:36.717+0000] {processor.py:830} INFO - Processing file /opt/airflow/dags/Copy_smoke_pipeline.py for tasks to queue
[2026-01-01T05:32:36.719+0000] {logging_mixin.py:188} INFO - [2026-01-01T05:32:36.718+0000] {dagbag.py:545} INFO - Filling up the DagBag from /opt/airflow/dags/Copy_smoke_pipeline.py
[2026-01-01T05:32:36.747+0000] {processor.py:840} INFO - DAG(s) 'copy_smoke_test' retrieved from /opt/airflow/dags/Copy_smoke_pipeline.py
[2026-01-01T05:32:36.795+0000] {logging_mixin.py:188} INFO - [2026-01-01T05:32:36.794+0000] {dag.py:3089} INFO - Sync 1 DAGs
[2026-01-01T05:32:36.815+0000] {logging_mixin.py:188} INFO - [2026-01-01T05:32:36.814+0000] {dag.py:3947} INFO - Setting next_dagrun for copy_smoke_test to None, run_after=None
[2026-01-01T05:32:36.845+0000] {processor.py:183} INFO - Processing /opt/airflow/dags/Copy_smoke_pipeline.py took 0.139 seconds
[2026-01-01T05:33:07.545+0000] {processor.py:161} INFO - Started process (PID=12480) to work on /opt/airflow/dags/Copy_smoke_pipeline.py
[2026-01-01T05:33:07.551+0000] {processor.py:830} INFO - Processing file /opt/airflow/dags/Copy_smoke_pipeline.py for tasks to queue
[2026-01-01T05:33:07.554+0000] {logging_mixin.py:188} INFO - [2026-01-01T05:33:07.553+0000] {dagbag.py:545} INFO - Filling up the DagBag from /opt/airflow/dags/Copy_smoke_pipeline.py
[2026-01-01T05:33:07.607+0000] {processor.py:840} INFO - DAG(s) 'copy_smoke_test' retrieved from /opt/airflow/dags/Copy_smoke_pipeline.py
[2026-01-01T05:33:07.688+0000] {logging_mixin.py:188} INFO - [2026-01-01T05:33:07.687+0000] {dag.py:3089} INFO - Sync 1 DAGs
[2026-01-01T05:33:07.711+0000] {logging_mixin.py:188} INFO - [2026-01-01T05:33:07.711+0000] {dag.py:3947} INFO - Setting next_dagrun for copy_smoke_test to None, run_after=None
[2026-01-01T05:33:07.746+0000] {processor.py:183} INFO - Processing /opt/airflow/dags/Copy_smoke_pipeline.py took 0.227 seconds
[2026-01-01T05:33:37.844+0000] {processor.py:161} INFO - Started process (PID=12505) to work on /opt/airflow/dags/Copy_smoke_pipeline.py
[2026-01-01T05:33:37.846+0000] {processor.py:830} INFO - Processing file /opt/airflow/dags/Copy_smoke_pipeline.py for tasks to queue
[2026-01-01T05:33:37.848+0000] {logging_mixin.py:188} INFO - [2026-01-01T05:33:37.847+0000] {dagbag.py:545} INFO - Filling up the DagBag from /opt/airflow/dags/Copy_smoke_pipeline.py
[2026-01-01T05:33:37.876+0000] {processor.py:840} INFO - DAG(s) 'copy_smoke_test' retrieved from /opt/airflow/dags/Copy_smoke_pipeline.py
[2026-01-01T05:33:37.948+0000] {logging_mixin.py:188} INFO - [2026-01-01T05:33:37.947+0000] {dag.py:3089} INFO - Sync 1 DAGs
[2026-01-01T05:33:37.977+0000] {logging_mixin.py:188} INFO - [2026-01-01T05:33:37.976+0000] {dag.py:3947} INFO - Setting next_dagrun for copy_smoke_test to None, run_after=None
[2026-01-01T05:33:38.031+0000] {processor.py:183} INFO - Processing /opt/airflow/dags/Copy_smoke_pipeline.py took 0.196 seconds
[2026-01-01T05:34:08.545+0000] {processor.py:161} INFO - Started process (PID=12530) to work on /opt/airflow/dags/Copy_smoke_pipeline.py
[2026-01-01T05:34:08.548+0000] {processor.py:830} INFO - Processing file /opt/airflow/dags/Copy_smoke_pipeline.py for tasks to queue
[2026-01-01T05:34:08.552+0000] {logging_mixin.py:188} INFO - [2026-01-01T05:34:08.551+0000] {dagbag.py:545} INFO - Filling up the DagBag from /opt/airflow/dags/Copy_smoke_pipeline.py
[2026-01-01T05:34:08.589+0000] {processor.py:840} INFO - DAG(s) 'copy_smoke_test' retrieved from /opt/airflow/dags/Copy_smoke_pipeline.py
[2026-01-01T05:34:08.648+0000] {logging_mixin.py:188} INFO - [2026-01-01T05:34:08.647+0000] {dag.py:3089} INFO - Sync 1 DAGs
[2026-01-01T05:34:08.667+0000] {logging_mixin.py:188} INFO - [2026-01-01T05:34:08.667+0000] {dag.py:3947} INFO - Setting next_dagrun for copy_smoke_test to None, run_after=None
[2026-01-01T05:34:08.717+0000] {processor.py:183} INFO - Processing /opt/airflow/dags/Copy_smoke_pipeline.py took 0.188 seconds
[2026-01-01T05:34:39.404+0000] {processor.py:161} INFO - Started process (PID=12555) to work on /opt/airflow/dags/Copy_smoke_pipeline.py
[2026-01-01T05:34:39.407+0000] {processor.py:830} INFO - Processing file /opt/airflow/dags/Copy_smoke_pipeline.py for tasks to queue
[2026-01-01T05:34:39.409+0000] {logging_mixin.py:188} INFO - [2026-01-01T05:34:39.409+0000] {dagbag.py:545} INFO - Filling up the DagBag from /opt/airflow/dags/Copy_smoke_pipeline.py
[2026-01-01T05:34:39.449+0000] {processor.py:840} INFO - DAG(s) 'copy_smoke_test' retrieved from /opt/airflow/dags/Copy_smoke_pipeline.py
[2026-01-01T05:34:39.540+0000] {logging_mixin.py:188} INFO - [2026-01-01T05:34:39.540+0000] {dag.py:3089} INFO - Sync 1 DAGs
[2026-01-01T05:34:39.580+0000] {logging_mixin.py:188} INFO - [2026-01-01T05:34:39.580+0000] {dag.py:3947} INFO - Setting next_dagrun for copy_smoke_test to None, run_after=None
[2026-01-01T05:34:39.642+0000] {processor.py:183} INFO - Processing /opt/airflow/dags/Copy_smoke_pipeline.py took 0.253 seconds
[2026-01-01T05:35:10.433+0000] {processor.py:161} INFO - Started process (PID=12580) to work on /opt/airflow/dags/Copy_smoke_pipeline.py
[2026-01-01T05:35:10.469+0000] {processor.py:830} INFO - Processing file /opt/airflow/dags/Copy_smoke_pipeline.py for tasks to queue
[2026-01-01T05:35:10.471+0000] {logging_mixin.py:188} INFO - [2026-01-01T05:35:10.471+0000] {dagbag.py:545} INFO - Filling up the DagBag from /opt/airflow/dags/Copy_smoke_pipeline.py
[2026-01-01T05:35:10.502+0000] {processor.py:840} INFO - DAG(s) 'copy_smoke_test' retrieved from /opt/airflow/dags/Copy_smoke_pipeline.py
[2026-01-01T05:35:10.555+0000] {logging_mixin.py:188} INFO - [2026-01-01T05:35:10.554+0000] {dag.py:3089} INFO - Sync 1 DAGs
[2026-01-01T05:35:10.578+0000] {logging_mixin.py:188} INFO - [2026-01-01T05:35:10.578+0000] {dag.py:3947} INFO - Setting next_dagrun for copy_smoke_test to None, run_after=None
[2026-01-01T05:35:10.612+0000] {processor.py:183} INFO - Processing /opt/airflow/dags/Copy_smoke_pipeline.py took 0.189 seconds
[2026-01-01T05:35:41.161+0000] {processor.py:161} INFO - Started process (PID=12605) to work on /opt/airflow/dags/Copy_smoke_pipeline.py
[2026-01-01T05:35:41.163+0000] {processor.py:830} INFO - Processing file /opt/airflow/dags/Copy_smoke_pipeline.py for tasks to queue
[2026-01-01T05:35:41.167+0000] {logging_mixin.py:188} INFO - [2026-01-01T05:35:41.166+0000] {dagbag.py:545} INFO - Filling up the DagBag from /opt/airflow/dags/Copy_smoke_pipeline.py
[2026-01-01T05:35:41.200+0000] {processor.py:840} INFO - DAG(s) 'copy_smoke_test' retrieved from /opt/airflow/dags/Copy_smoke_pipeline.py
[2026-01-01T05:35:41.271+0000] {logging_mixin.py:188} INFO - [2026-01-01T05:35:41.271+0000] {dag.py:3089} INFO - Sync 1 DAGs
[2026-01-01T05:35:41.296+0000] {logging_mixin.py:188} INFO - [2026-01-01T05:35:41.296+0000] {dag.py:3947} INFO - Setting next_dagrun for copy_smoke_test to None, run_after=None
[2026-01-01T05:35:41.331+0000] {processor.py:183} INFO - Processing /opt/airflow/dags/Copy_smoke_pipeline.py took 0.186 seconds
[2026-01-01T05:36:12.099+0000] {processor.py:161} INFO - Started process (PID=12630) to work on /opt/airflow/dags/Copy_smoke_pipeline.py
[2026-01-01T05:36:12.100+0000] {processor.py:830} INFO - Processing file /opt/airflow/dags/Copy_smoke_pipeline.py for tasks to queue
[2026-01-01T05:36:12.101+0000] {logging_mixin.py:188} INFO - [2026-01-01T05:36:12.101+0000] {dagbag.py:545} INFO - Filling up the DagBag from /opt/airflow/dags/Copy_smoke_pipeline.py
[2026-01-01T05:36:12.127+0000] {processor.py:840} INFO - DAG(s) 'copy_smoke_test' retrieved from /opt/airflow/dags/Copy_smoke_pipeline.py
[2026-01-01T05:36:12.174+0000] {logging_mixin.py:188} INFO - [2026-01-01T05:36:12.174+0000] {dag.py:3089} INFO - Sync 1 DAGs
[2026-01-01T05:36:12.191+0000] {logging_mixin.py:188} INFO - [2026-01-01T05:36:12.191+0000] {dag.py:3947} INFO - Setting next_dagrun for copy_smoke_test to None, run_after=None
[2026-01-01T05:36:12.219+0000] {processor.py:183} INFO - Processing /opt/airflow/dags/Copy_smoke_pipeline.py took 0.130 seconds
[2026-01-01T05:36:42.718+0000] {processor.py:161} INFO - Started process (PID=12655) to work on /opt/airflow/dags/Copy_smoke_pipeline.py
[2026-01-01T05:36:42.720+0000] {processor.py:830} INFO - Processing file /opt/airflow/dags/Copy_smoke_pipeline.py for tasks to queue
[2026-01-01T05:36:42.721+0000] {logging_mixin.py:188} INFO - [2026-01-01T05:36:42.720+0000] {dagbag.py:545} INFO - Filling up the DagBag from /opt/airflow/dags/Copy_smoke_pipeline.py
[2026-01-01T05:36:42.749+0000] {processor.py:840} INFO - DAG(s) 'copy_smoke_test' retrieved from /opt/airflow/dags/Copy_smoke_pipeline.py
[2026-01-01T05:36:42.798+0000] {logging_mixin.py:188} INFO - [2026-01-01T05:36:42.798+0000] {dag.py:3089} INFO - Sync 1 DAGs
[2026-01-01T05:36:42.814+0000] {logging_mixin.py:188} INFO - [2026-01-01T05:36:42.814+0000] {dag.py:3947} INFO - Setting next_dagrun for copy_smoke_test to None, run_after=None
[2026-01-01T05:36:42.840+0000] {processor.py:183} INFO - Processing /opt/airflow/dags/Copy_smoke_pipeline.py took 0.132 seconds
[2026-01-01T05:37:13.385+0000] {processor.py:161} INFO - Started process (PID=12680) to work on /opt/airflow/dags/Copy_smoke_pipeline.py
[2026-01-01T05:37:13.386+0000] {processor.py:830} INFO - Processing file /opt/airflow/dags/Copy_smoke_pipeline.py for tasks to queue
[2026-01-01T05:37:13.388+0000] {logging_mixin.py:188} INFO - [2026-01-01T05:37:13.388+0000] {dagbag.py:545} INFO - Filling up the DagBag from /opt/airflow/dags/Copy_smoke_pipeline.py
[2026-01-01T05:37:13.418+0000] {processor.py:840} INFO - DAG(s) 'copy_smoke_test' retrieved from /opt/airflow/dags/Copy_smoke_pipeline.py
[2026-01-01T05:37:13.489+0000] {logging_mixin.py:188} INFO - [2026-01-01T05:37:13.488+0000] {dag.py:3089} INFO - Sync 1 DAGs
[2026-01-01T05:37:13.513+0000] {logging_mixin.py:188} INFO - [2026-01-01T05:37:13.513+0000] {dag.py:3947} INFO - Setting next_dagrun for copy_smoke_test to None, run_after=None
[2026-01-01T05:37:13.544+0000] {processor.py:183} INFO - Processing /opt/airflow/dags/Copy_smoke_pipeline.py took 0.170 seconds
[2026-01-01T05:37:44.187+0000] {processor.py:161} INFO - Started process (PID=12705) to work on /opt/airflow/dags/Copy_smoke_pipeline.py
[2026-01-01T05:37:44.189+0000] {processor.py:830} INFO - Processing file /opt/airflow/dags/Copy_smoke_pipeline.py for tasks to queue
[2026-01-01T05:37:44.190+0000] {logging_mixin.py:188} INFO - [2026-01-01T05:37:44.190+0000] {dagbag.py:545} INFO - Filling up the DagBag from /opt/airflow/dags/Copy_smoke_pipeline.py
[2026-01-01T05:37:44.225+0000] {processor.py:840} INFO - DAG(s) 'copy_smoke_test' retrieved from /opt/airflow/dags/Copy_smoke_pipeline.py
[2026-01-01T05:37:44.285+0000] {logging_mixin.py:188} INFO - [2026-01-01T05:37:44.284+0000] {dag.py:3089} INFO - Sync 1 DAGs
[2026-01-01T05:37:44.305+0000] {logging_mixin.py:188} INFO - [2026-01-01T05:37:44.304+0000] {dag.py:3947} INFO - Setting next_dagrun for copy_smoke_test to None, run_after=None
[2026-01-01T05:37:44.338+0000] {processor.py:183} INFO - Processing /opt/airflow/dags/Copy_smoke_pipeline.py took 0.163 seconds
[2026-01-01T05:38:15.066+0000] {processor.py:161} INFO - Started process (PID=12730) to work on /opt/airflow/dags/Copy_smoke_pipeline.py
[2026-01-01T05:38:15.068+0000] {processor.py:830} INFO - Processing file /opt/airflow/dags/Copy_smoke_pipeline.py for tasks to queue
[2026-01-01T05:38:15.069+0000] {logging_mixin.py:188} INFO - [2026-01-01T05:38:15.069+0000] {dagbag.py:545} INFO - Filling up the DagBag from /opt/airflow/dags/Copy_smoke_pipeline.py
[2026-01-01T05:38:15.103+0000] {processor.py:840} INFO - DAG(s) 'copy_smoke_test' retrieved from /opt/airflow/dags/Copy_smoke_pipeline.py
[2026-01-01T05:38:15.152+0000] {logging_mixin.py:188} INFO - [2026-01-01T05:38:15.152+0000] {dag.py:3089} INFO - Sync 1 DAGs
[2026-01-01T05:38:15.170+0000] {logging_mixin.py:188} INFO - [2026-01-01T05:38:15.170+0000] {dag.py:3947} INFO - Setting next_dagrun for copy_smoke_test to None, run_after=None
[2026-01-01T05:38:15.194+0000] {processor.py:183} INFO - Processing /opt/airflow/dags/Copy_smoke_pipeline.py took 0.140 seconds
[2026-01-01T05:38:45.845+0000] {processor.py:161} INFO - Started process (PID=12755) to work on /opt/airflow/dags/Copy_smoke_pipeline.py
[2026-01-01T05:38:45.847+0000] {processor.py:830} INFO - Processing file /opt/airflow/dags/Copy_smoke_pipeline.py for tasks to queue
[2026-01-01T05:38:45.848+0000] {logging_mixin.py:188} INFO - [2026-01-01T05:38:45.848+0000] {dagbag.py:545} INFO - Filling up the DagBag from /opt/airflow/dags/Copy_smoke_pipeline.py
[2026-01-01T05:38:45.873+0000] {processor.py:840} INFO - DAG(s) 'copy_smoke_test' retrieved from /opt/airflow/dags/Copy_smoke_pipeline.py
[2026-01-01T05:38:45.920+0000] {logging_mixin.py:188} INFO - [2026-01-01T05:38:45.920+0000] {dag.py:3089} INFO - Sync 1 DAGs
[2026-01-01T05:38:45.937+0000] {logging_mixin.py:188} INFO - [2026-01-01T05:38:45.937+0000] {dag.py:3947} INFO - Setting next_dagrun for copy_smoke_test to None, run_after=None
[2026-01-01T05:38:45.967+0000] {processor.py:183} INFO - Processing /opt/airflow/dags/Copy_smoke_pipeline.py took 0.129 seconds
[2026-01-01T05:39:16.581+0000] {processor.py:161} INFO - Started process (PID=12780) to work on /opt/airflow/dags/Copy_smoke_pipeline.py
[2026-01-01T05:39:16.583+0000] {processor.py:830} INFO - Processing file /opt/airflow/dags/Copy_smoke_pipeline.py for tasks to queue
[2026-01-01T05:39:16.585+0000] {logging_mixin.py:188} INFO - [2026-01-01T05:39:16.584+0000] {dagbag.py:545} INFO - Filling up the DagBag from /opt/airflow/dags/Copy_smoke_pipeline.py
[2026-01-01T05:39:16.617+0000] {processor.py:840} INFO - DAG(s) 'copy_smoke_test' retrieved from /opt/airflow/dags/Copy_smoke_pipeline.py
[2026-01-01T05:39:16.693+0000] {logging_mixin.py:188} INFO - [2026-01-01T05:39:16.692+0000] {dag.py:3089} INFO - Sync 1 DAGs
[2026-01-01T05:39:16.724+0000] {logging_mixin.py:188} INFO - [2026-01-01T05:39:16.724+0000] {dag.py:3947} INFO - Setting next_dagrun for copy_smoke_test to None, run_after=None
[2026-01-01T05:39:16.815+0000] {processor.py:183} INFO - Processing /opt/airflow/dags/Copy_smoke_pipeline.py took 0.244 seconds
[2026-01-01T05:39:47.377+0000] {processor.py:161} INFO - Started process (PID=12805) to work on /opt/airflow/dags/Copy_smoke_pipeline.py
[2026-01-01T05:39:47.379+0000] {processor.py:830} INFO - Processing file /opt/airflow/dags/Copy_smoke_pipeline.py for tasks to queue
[2026-01-01T05:39:47.386+0000] {logging_mixin.py:188} INFO - [2026-01-01T05:39:47.385+0000] {dagbag.py:545} INFO - Filling up the DagBag from /opt/airflow/dags/Copy_smoke_pipeline.py
[2026-01-01T05:39:47.437+0000] {processor.py:840} INFO - DAG(s) 'copy_smoke_test' retrieved from /opt/airflow/dags/Copy_smoke_pipeline.py
[2026-01-01T05:39:47.506+0000] {logging_mixin.py:188} INFO - [2026-01-01T05:39:47.506+0000] {dag.py:3089} INFO - Sync 1 DAGs
[2026-01-01T05:39:47.528+0000] {logging_mixin.py:188} INFO - [2026-01-01T05:39:47.527+0000] {dag.py:3947} INFO - Setting next_dagrun for copy_smoke_test to None, run_after=None
[2026-01-01T05:39:47.559+0000] {processor.py:183} INFO - Processing /opt/airflow/dags/Copy_smoke_pipeline.py took 0.198 seconds
[2026-01-01T05:40:18.235+0000] {processor.py:161} INFO - Started process (PID=12830) to work on /opt/airflow/dags/Copy_smoke_pipeline.py
[2026-01-01T05:40:18.237+0000] {processor.py:830} INFO - Processing file /opt/airflow/dags/Copy_smoke_pipeline.py for tasks to queue
[2026-01-01T05:40:18.240+0000] {logging_mixin.py:188} INFO - [2026-01-01T05:40:18.239+0000] {dagbag.py:545} INFO - Filling up the DagBag from /opt/airflow/dags/Copy_smoke_pipeline.py
[2026-01-01T05:40:18.288+0000] {processor.py:840} INFO - DAG(s) 'copy_smoke_test' retrieved from /opt/airflow/dags/Copy_smoke_pipeline.py
[2026-01-01T05:40:18.359+0000] {logging_mixin.py:188} INFO - [2026-01-01T05:40:18.359+0000] {dag.py:3089} INFO - Sync 1 DAGs
[2026-01-01T05:40:18.381+0000] {logging_mixin.py:188} INFO - [2026-01-01T05:40:18.381+0000] {dag.py:3947} INFO - Setting next_dagrun for copy_smoke_test to None, run_after=None
[2026-01-01T05:40:18.414+0000] {processor.py:183} INFO - Processing /opt/airflow/dags/Copy_smoke_pipeline.py took 0.197 seconds
[2026-01-01T05:40:49.001+0000] {processor.py:161} INFO - Started process (PID=12855) to work on /opt/airflow/dags/Copy_smoke_pipeline.py
[2026-01-01T05:40:49.003+0000] {processor.py:830} INFO - Processing file /opt/airflow/dags/Copy_smoke_pipeline.py for tasks to queue
[2026-01-01T05:40:49.005+0000] {logging_mixin.py:188} INFO - [2026-01-01T05:40:49.004+0000] {dagbag.py:545} INFO - Filling up the DagBag from /opt/airflow/dags/Copy_smoke_pipeline.py
[2026-01-01T05:40:49.034+0000] {processor.py:840} INFO - DAG(s) 'copy_smoke_test' retrieved from /opt/airflow/dags/Copy_smoke_pipeline.py
[2026-01-01T05:40:49.084+0000] {logging_mixin.py:188} INFO - [2026-01-01T05:40:49.083+0000] {dag.py:3089} INFO - Sync 1 DAGs
[2026-01-01T05:40:49.109+0000] {logging_mixin.py:188} INFO - [2026-01-01T05:40:49.108+0000] {dag.py:3947} INFO - Setting next_dagrun for copy_smoke_test to None, run_after=None
[2026-01-01T05:40:49.139+0000] {processor.py:183} INFO - Processing /opt/airflow/dags/Copy_smoke_pipeline.py took 0.148 seconds
[2026-01-01T05:41:19.375+0000] {processor.py:161} INFO - Started process (PID=12880) to work on /opt/airflow/dags/Copy_smoke_pipeline.py
[2026-01-01T05:41:19.377+0000] {processor.py:830} INFO - Processing file /opt/airflow/dags/Copy_smoke_pipeline.py for tasks to queue
[2026-01-01T05:41:19.379+0000] {logging_mixin.py:188} INFO - [2026-01-01T05:41:19.378+0000] {dagbag.py:545} INFO - Filling up the DagBag from /opt/airflow/dags/Copy_smoke_pipeline.py
[2026-01-01T05:41:19.409+0000] {processor.py:840} INFO - DAG(s) 'copy_smoke_test' retrieved from /opt/airflow/dags/Copy_smoke_pipeline.py
[2026-01-01T05:41:19.470+0000] {logging_mixin.py:188} INFO - [2026-01-01T05:41:19.470+0000] {dag.py:3089} INFO - Sync 1 DAGs
[2026-01-01T05:41:19.488+0000] {logging_mixin.py:188} INFO - [2026-01-01T05:41:19.487+0000] {dag.py:3947} INFO - Setting next_dagrun for copy_smoke_test to None, run_after=None
[2026-01-01T05:41:19.518+0000] {processor.py:183} INFO - Processing /opt/airflow/dags/Copy_smoke_pipeline.py took 0.155 seconds
[2026-01-01T05:41:50.153+0000] {processor.py:161} INFO - Started process (PID=12905) to work on /opt/airflow/dags/Copy_smoke_pipeline.py
[2026-01-01T05:41:50.155+0000] {processor.py:830} INFO - Processing file /opt/airflow/dags/Copy_smoke_pipeline.py for tasks to queue
[2026-01-01T05:41:50.158+0000] {logging_mixin.py:188} INFO - [2026-01-01T05:41:50.157+0000] {dagbag.py:545} INFO - Filling up the DagBag from /opt/airflow/dags/Copy_smoke_pipeline.py
[2026-01-01T05:41:50.201+0000] {processor.py:840} INFO - DAG(s) 'copy_smoke_test' retrieved from /opt/airflow/dags/Copy_smoke_pipeline.py
[2026-01-01T05:41:50.285+0000] {logging_mixin.py:188} INFO - [2026-01-01T05:41:50.285+0000] {dag.py:3089} INFO - Sync 1 DAGs
[2026-01-01T05:41:50.317+0000] {logging_mixin.py:188} INFO - [2026-01-01T05:41:50.316+0000] {dag.py:3947} INFO - Setting next_dagrun for copy_smoke_test to None, run_after=None
[2026-01-01T05:41:50.356+0000] {processor.py:183} INFO - Processing /opt/airflow/dags/Copy_smoke_pipeline.py took 0.216 seconds
[2026-01-01T05:42:20.893+0000] {processor.py:161} INFO - Started process (PID=12930) to work on /opt/airflow/dags/Copy_smoke_pipeline.py
[2026-01-01T05:42:20.895+0000] {processor.py:830} INFO - Processing file /opt/airflow/dags/Copy_smoke_pipeline.py for tasks to queue
[2026-01-01T05:42:20.896+0000] {logging_mixin.py:188} INFO - [2026-01-01T05:42:20.896+0000] {dagbag.py:545} INFO - Filling up the DagBag from /opt/airflow/dags/Copy_smoke_pipeline.py
[2026-01-01T05:42:20.930+0000] {processor.py:840} INFO - DAG(s) 'copy_smoke_test' retrieved from /opt/airflow/dags/Copy_smoke_pipeline.py
[2026-01-01T05:42:20.995+0000] {logging_mixin.py:188} INFO - [2026-01-01T05:42:20.995+0000] {dag.py:3089} INFO - Sync 1 DAGs
[2026-01-01T05:42:21.021+0000] {logging_mixin.py:188} INFO - [2026-01-01T05:42:21.021+0000] {dag.py:3947} INFO - Setting next_dagrun for copy_smoke_test to None, run_after=None
[2026-01-01T05:42:21.108+0000] {processor.py:183} INFO - Processing /opt/airflow/dags/Copy_smoke_pipeline.py took 0.227 seconds
[2026-01-01T05:42:51.643+0000] {processor.py:161} INFO - Started process (PID=12955) to work on /opt/airflow/dags/Copy_smoke_pipeline.py
[2026-01-01T05:42:51.644+0000] {processor.py:830} INFO - Processing file /opt/airflow/dags/Copy_smoke_pipeline.py for tasks to queue
[2026-01-01T05:42:51.645+0000] {logging_mixin.py:188} INFO - [2026-01-01T05:42:51.645+0000] {dagbag.py:545} INFO - Filling up the DagBag from /opt/airflow/dags/Copy_smoke_pipeline.py
[2026-01-01T05:42:51.681+0000] {processor.py:840} INFO - DAG(s) 'copy_smoke_test' retrieved from /opt/airflow/dags/Copy_smoke_pipeline.py
[2026-01-01T05:42:51.741+0000] {logging_mixin.py:188} INFO - [2026-01-01T05:42:51.741+0000] {dag.py:3089} INFO - Sync 1 DAGs
[2026-01-01T05:42:51.764+0000] {logging_mixin.py:188} INFO - [2026-01-01T05:42:51.764+0000] {dag.py:3947} INFO - Setting next_dagrun for copy_smoke_test to None, run_after=None
[2026-01-01T05:42:51.795+0000] {processor.py:183} INFO - Processing /opt/airflow/dags/Copy_smoke_pipeline.py took 0.165 seconds
[2026-01-01T05:43:22.425+0000] {processor.py:161} INFO - Started process (PID=12980) to work on /opt/airflow/dags/Copy_smoke_pipeline.py
[2026-01-01T05:43:22.426+0000] {processor.py:830} INFO - Processing file /opt/airflow/dags/Copy_smoke_pipeline.py for tasks to queue
[2026-01-01T05:43:22.428+0000] {logging_mixin.py:188} INFO - [2026-01-01T05:43:22.427+0000] {dagbag.py:545} INFO - Filling up the DagBag from /opt/airflow/dags/Copy_smoke_pipeline.py
[2026-01-01T05:43:22.459+0000] {processor.py:840} INFO - DAG(s) 'copy_smoke_test' retrieved from /opt/airflow/dags/Copy_smoke_pipeline.py
[2026-01-01T05:43:22.508+0000] {logging_mixin.py:188} INFO - [2026-01-01T05:43:22.508+0000] {dag.py:3089} INFO - Sync 1 DAGs
[2026-01-01T05:43:22.526+0000] {logging_mixin.py:188} INFO - [2026-01-01T05:43:22.525+0000] {dag.py:3947} INFO - Setting next_dagrun for copy_smoke_test to None, run_after=None
[2026-01-01T05:43:22.553+0000] {processor.py:183} INFO - Processing /opt/airflow/dags/Copy_smoke_pipeline.py took 0.143 seconds
[2026-01-01T05:43:53.163+0000] {processor.py:161} INFO - Started process (PID=13005) to work on /opt/airflow/dags/Copy_smoke_pipeline.py
[2026-01-01T05:43:53.165+0000] {processor.py:830} INFO - Processing file /opt/airflow/dags/Copy_smoke_pipeline.py for tasks to queue
[2026-01-01T05:43:53.168+0000] {logging_mixin.py:188} INFO - [2026-01-01T05:43:53.167+0000] {dagbag.py:545} INFO - Filling up the DagBag from /opt/airflow/dags/Copy_smoke_pipeline.py
[2026-01-01T05:43:53.201+0000] {processor.py:840} INFO - DAG(s) 'copy_smoke_test' retrieved from /opt/airflow/dags/Copy_smoke_pipeline.py
[2026-01-01T05:43:53.272+0000] {logging_mixin.py:188} INFO - [2026-01-01T05:43:53.272+0000] {dag.py:3089} INFO - Sync 1 DAGs
[2026-01-01T05:43:53.293+0000] {logging_mixin.py:188} INFO - [2026-01-01T05:43:53.293+0000] {dag.py:3947} INFO - Setting next_dagrun for copy_smoke_test to None, run_after=None
[2026-01-01T05:43:53.323+0000] {processor.py:183} INFO - Processing /opt/airflow/dags/Copy_smoke_pipeline.py took 0.174 seconds
[2026-01-01T05:44:23.967+0000] {processor.py:161} INFO - Started process (PID=13030) to work on /opt/airflow/dags/Copy_smoke_pipeline.py
[2026-01-01T05:44:23.969+0000] {processor.py:830} INFO - Processing file /opt/airflow/dags/Copy_smoke_pipeline.py for tasks to queue
[2026-01-01T05:44:23.970+0000] {logging_mixin.py:188} INFO - [2026-01-01T05:44:23.970+0000] {dagbag.py:545} INFO - Filling up the DagBag from /opt/airflow/dags/Copy_smoke_pipeline.py
[2026-01-01T05:44:23.998+0000] {processor.py:840} INFO - DAG(s) 'copy_smoke_test' retrieved from /opt/airflow/dags/Copy_smoke_pipeline.py
[2026-01-01T05:44:24.044+0000] {logging_mixin.py:188} INFO - [2026-01-01T05:44:24.044+0000] {dag.py:3089} INFO - Sync 1 DAGs
[2026-01-01T05:44:24.061+0000] {logging_mixin.py:188} INFO - [2026-01-01T05:44:24.061+0000] {dag.py:3947} INFO - Setting next_dagrun for copy_smoke_test to None, run_after=None
[2026-01-01T05:44:24.089+0000] {processor.py:183} INFO - Processing /opt/airflow/dags/Copy_smoke_pipeline.py took 0.130 seconds
[2026-01-01T05:44:54.699+0000] {processor.py:161} INFO - Started process (PID=13055) to work on /opt/airflow/dags/Copy_smoke_pipeline.py
[2026-01-01T05:44:54.701+0000] {processor.py:830} INFO - Processing file /opt/airflow/dags/Copy_smoke_pipeline.py for tasks to queue
[2026-01-01T05:44:54.703+0000] {logging_mixin.py:188} INFO - [2026-01-01T05:44:54.702+0000] {dagbag.py:545} INFO - Filling up the DagBag from /opt/airflow/dags/Copy_smoke_pipeline.py
[2026-01-01T05:44:54.728+0000] {processor.py:840} INFO - DAG(s) 'copy_smoke_test' retrieved from /opt/airflow/dags/Copy_smoke_pipeline.py
[2026-01-01T05:44:54.776+0000] {logging_mixin.py:188} INFO - [2026-01-01T05:44:54.776+0000] {dag.py:3089} INFO - Sync 1 DAGs
[2026-01-01T05:44:54.795+0000] {logging_mixin.py:188} INFO - [2026-01-01T05:44:54.795+0000] {dag.py:3947} INFO - Setting next_dagrun for copy_smoke_test to None, run_after=None
[2026-01-01T05:44:54.821+0000] {processor.py:183} INFO - Processing /opt/airflow/dags/Copy_smoke_pipeline.py took 0.130 seconds
[2026-01-01T05:45:25.511+0000] {processor.py:161} INFO - Started process (PID=13080) to work on /opt/airflow/dags/Copy_smoke_pipeline.py
[2026-01-01T05:45:25.513+0000] {processor.py:830} INFO - Processing file /opt/airflow/dags/Copy_smoke_pipeline.py for tasks to queue
[2026-01-01T05:45:25.516+0000] {logging_mixin.py:188} INFO - [2026-01-01T05:45:25.515+0000] {dagbag.py:545} INFO - Filling up the DagBag from /opt/airflow/dags/Copy_smoke_pipeline.py
[2026-01-01T05:45:25.549+0000] {processor.py:840} INFO - DAG(s) 'copy_smoke_test' retrieved from /opt/airflow/dags/Copy_smoke_pipeline.py
[2026-01-01T05:45:25.615+0000] {logging_mixin.py:188} INFO - [2026-01-01T05:45:25.614+0000] {dag.py:3089} INFO - Sync 1 DAGs
[2026-01-01T05:45:25.634+0000] {logging_mixin.py:188} INFO - [2026-01-01T05:45:25.633+0000] {dag.py:3947} INFO - Setting next_dagrun for copy_smoke_test to None, run_after=None
[2026-01-01T05:45:25.660+0000] {processor.py:183} INFO - Processing /opt/airflow/dags/Copy_smoke_pipeline.py took 0.166 seconds
[2026-01-01T05:45:56.344+0000] {processor.py:161} INFO - Started process (PID=13105) to work on /opt/airflow/dags/Copy_smoke_pipeline.py
[2026-01-01T05:45:56.346+0000] {processor.py:830} INFO - Processing file /opt/airflow/dags/Copy_smoke_pipeline.py for tasks to queue
[2026-01-01T05:45:56.349+0000] {logging_mixin.py:188} INFO - [2026-01-01T05:45:56.348+0000] {dagbag.py:545} INFO - Filling up the DagBag from /opt/airflow/dags/Copy_smoke_pipeline.py
[2026-01-01T05:45:56.378+0000] {processor.py:840} INFO - DAG(s) 'copy_smoke_test' retrieved from /opt/airflow/dags/Copy_smoke_pipeline.py
[2026-01-01T05:45:56.453+0000] {logging_mixin.py:188} INFO - [2026-01-01T05:45:56.453+0000] {dag.py:3089} INFO - Sync 1 DAGs
[2026-01-01T05:45:56.481+0000] {logging_mixin.py:188} INFO - [2026-01-01T05:45:56.481+0000] {dag.py:3947} INFO - Setting next_dagrun for copy_smoke_test to None, run_after=None
[2026-01-01T05:45:56.522+0000] {processor.py:183} INFO - Processing /opt/airflow/dags/Copy_smoke_pipeline.py took 0.194 seconds
[2026-01-01T05:46:27.126+0000] {processor.py:161} INFO - Started process (PID=13130) to work on /opt/airflow/dags/Copy_smoke_pipeline.py
[2026-01-01T05:46:27.128+0000] {processor.py:830} INFO - Processing file /opt/airflow/dags/Copy_smoke_pipeline.py for tasks to queue
[2026-01-01T05:46:27.130+0000] {logging_mixin.py:188} INFO - [2026-01-01T05:46:27.129+0000] {dagbag.py:545} INFO - Filling up the DagBag from /opt/airflow/dags/Copy_smoke_pipeline.py
[2026-01-01T05:46:27.162+0000] {processor.py:840} INFO - DAG(s) 'copy_smoke_test' retrieved from /opt/airflow/dags/Copy_smoke_pipeline.py
[2026-01-01T05:46:27.224+0000] {logging_mixin.py:188} INFO - [2026-01-01T05:46:27.223+0000] {dag.py:3089} INFO - Sync 1 DAGs
[2026-01-01T05:46:27.252+0000] {logging_mixin.py:188} INFO - [2026-01-01T05:46:27.251+0000] {dag.py:3947} INFO - Setting next_dagrun for copy_smoke_test to None, run_after=None
[2026-01-01T05:46:27.295+0000] {processor.py:183} INFO - Processing /opt/airflow/dags/Copy_smoke_pipeline.py took 0.181 seconds
[2026-01-01T05:46:58.027+0000] {processor.py:161} INFO - Started process (PID=13155) to work on /opt/airflow/dags/Copy_smoke_pipeline.py
[2026-01-01T05:46:58.029+0000] {processor.py:830} INFO - Processing file /opt/airflow/dags/Copy_smoke_pipeline.py for tasks to queue
[2026-01-01T05:46:58.031+0000] {logging_mixin.py:188} INFO - [2026-01-01T05:46:58.031+0000] {dagbag.py:545} INFO - Filling up the DagBag from /opt/airflow/dags/Copy_smoke_pipeline.py
[2026-01-01T05:46:58.061+0000] {processor.py:840} INFO - DAG(s) 'copy_smoke_test' retrieved from /opt/airflow/dags/Copy_smoke_pipeline.py
[2026-01-01T05:46:58.147+0000] {logging_mixin.py:188} INFO - [2026-01-01T05:46:58.146+0000] {dag.py:3089} INFO - Sync 1 DAGs
[2026-01-01T05:46:58.173+0000] {logging_mixin.py:188} INFO - [2026-01-01T05:46:58.172+0000] {dag.py:3947} INFO - Setting next_dagrun for copy_smoke_test to None, run_after=None
[2026-01-01T05:46:58.209+0000] {processor.py:183} INFO - Processing /opt/airflow/dags/Copy_smoke_pipeline.py took 0.194 seconds
[2026-01-01T05:47:28.880+0000] {processor.py:161} INFO - Started process (PID=13180) to work on /opt/airflow/dags/Copy_smoke_pipeline.py
[2026-01-01T05:47:28.883+0000] {processor.py:830} INFO - Processing file /opt/airflow/dags/Copy_smoke_pipeline.py for tasks to queue
[2026-01-01T05:47:28.886+0000] {logging_mixin.py:188} INFO - [2026-01-01T05:47:28.885+0000] {dagbag.py:545} INFO - Filling up the DagBag from /opt/airflow/dags/Copy_smoke_pipeline.py
[2026-01-01T05:47:28.925+0000] {processor.py:840} INFO - DAG(s) 'copy_smoke_test' retrieved from /opt/airflow/dags/Copy_smoke_pipeline.py
[2026-01-01T05:47:28.990+0000] {logging_mixin.py:188} INFO - [2026-01-01T05:47:28.990+0000] {dag.py:3089} INFO - Sync 1 DAGs
[2026-01-01T05:47:29.009+0000] {logging_mixin.py:188} INFO - [2026-01-01T05:47:29.009+0000] {dag.py:3947} INFO - Setting next_dagrun for copy_smoke_test to None, run_after=None
[2026-01-01T05:47:29.037+0000] {processor.py:183} INFO - Processing /opt/airflow/dags/Copy_smoke_pipeline.py took 0.171 seconds
[2026-01-01T05:47:59.574+0000] {processor.py:161} INFO - Started process (PID=13205) to work on /opt/airflow/dags/Copy_smoke_pipeline.py
[2026-01-01T05:47:59.576+0000] {processor.py:830} INFO - Processing file /opt/airflow/dags/Copy_smoke_pipeline.py for tasks to queue
[2026-01-01T05:47:59.578+0000] {logging_mixin.py:188} INFO - [2026-01-01T05:47:59.577+0000] {dagbag.py:545} INFO - Filling up the DagBag from /opt/airflow/dags/Copy_smoke_pipeline.py
[2026-01-01T05:47:59.624+0000] {processor.py:840} INFO - DAG(s) 'copy_smoke_test' retrieved from /opt/airflow/dags/Copy_smoke_pipeline.py
[2026-01-01T05:47:59.735+0000] {logging_mixin.py:188} INFO - [2026-01-01T05:47:59.735+0000] {dag.py:3089} INFO - Sync 1 DAGs
[2026-01-01T05:47:59.773+0000] {logging_mixin.py:188} INFO - [2026-01-01T05:47:59.771+0000] {dag.py:3947} INFO - Setting next_dagrun for copy_smoke_test to None, run_after=None
[2026-01-01T05:47:59.828+0000] {processor.py:183} INFO - Processing /opt/airflow/dags/Copy_smoke_pipeline.py took 0.270 seconds
[2026-01-01T05:48:30.507+0000] {processor.py:161} INFO - Started process (PID=13230) to work on /opt/airflow/dags/Copy_smoke_pipeline.py
[2026-01-01T05:48:30.509+0000] {processor.py:830} INFO - Processing file /opt/airflow/dags/Copy_smoke_pipeline.py for tasks to queue
[2026-01-01T05:48:30.511+0000] {logging_mixin.py:188} INFO - [2026-01-01T05:48:30.510+0000] {dagbag.py:545} INFO - Filling up the DagBag from /opt/airflow/dags/Copy_smoke_pipeline.py
[2026-01-01T05:48:30.553+0000] {processor.py:840} INFO - DAG(s) 'copy_smoke_test' retrieved from /opt/airflow/dags/Copy_smoke_pipeline.py
[2026-01-01T05:48:30.614+0000] {logging_mixin.py:188} INFO - [2026-01-01T05:48:30.614+0000] {dag.py:3089} INFO - Sync 1 DAGs
[2026-01-01T05:48:30.637+0000] {logging_mixin.py:188} INFO - [2026-01-01T05:48:30.637+0000] {dag.py:3947} INFO - Setting next_dagrun for copy_smoke_test to None, run_after=None
[2026-01-01T05:48:30.669+0000] {processor.py:183} INFO - Processing /opt/airflow/dags/Copy_smoke_pipeline.py took 0.170 seconds
[2026-01-01T05:49:01.251+0000] {processor.py:161} INFO - Started process (PID=13255) to work on /opt/airflow/dags/Copy_smoke_pipeline.py
[2026-01-01T05:49:01.253+0000] {processor.py:830} INFO - Processing file /opt/airflow/dags/Copy_smoke_pipeline.py for tasks to queue
[2026-01-01T05:49:01.255+0000] {logging_mixin.py:188} INFO - [2026-01-01T05:49:01.254+0000] {dagbag.py:545} INFO - Filling up the DagBag from /opt/airflow/dags/Copy_smoke_pipeline.py
[2026-01-01T05:49:01.291+0000] {processor.py:840} INFO - DAG(s) 'copy_smoke_test' retrieved from /opt/airflow/dags/Copy_smoke_pipeline.py
[2026-01-01T05:49:01.356+0000] {logging_mixin.py:188} INFO - [2026-01-01T05:49:01.356+0000] {dag.py:3089} INFO - Sync 1 DAGs
[2026-01-01T05:49:01.379+0000] {logging_mixin.py:188} INFO - [2026-01-01T05:49:01.379+0000] {dag.py:3947} INFO - Setting next_dagrun for copy_smoke_test to None, run_after=None
[2026-01-01T05:49:01.426+0000] {processor.py:183} INFO - Processing /opt/airflow/dags/Copy_smoke_pipeline.py took 0.188 seconds
[2026-01-01T05:49:32.078+0000] {processor.py:161} INFO - Started process (PID=13280) to work on /opt/airflow/dags/Copy_smoke_pipeline.py
[2026-01-01T05:49:32.082+0000] {processor.py:830} INFO - Processing file /opt/airflow/dags/Copy_smoke_pipeline.py for tasks to queue
[2026-01-01T05:49:32.085+0000] {logging_mixin.py:188} INFO - [2026-01-01T05:49:32.084+0000] {dagbag.py:545} INFO - Filling up the DagBag from /opt/airflow/dags/Copy_smoke_pipeline.py
[2026-01-01T05:49:32.143+0000] {processor.py:840} INFO - DAG(s) 'copy_smoke_test' retrieved from /opt/airflow/dags/Copy_smoke_pipeline.py
[2026-01-01T05:49:32.214+0000] {logging_mixin.py:188} INFO - [2026-01-01T05:49:32.214+0000] {dag.py:3089} INFO - Sync 1 DAGs
[2026-01-01T05:49:32.236+0000] {logging_mixin.py:188} INFO - [2026-01-01T05:49:32.235+0000] {dag.py:3947} INFO - Setting next_dagrun for copy_smoke_test to None, run_after=None
[2026-01-01T05:49:32.278+0000] {processor.py:183} INFO - Processing /opt/airflow/dags/Copy_smoke_pipeline.py took 0.221 seconds
[2026-01-01T05:50:02.903+0000] {processor.py:161} INFO - Started process (PID=13305) to work on /opt/airflow/dags/Copy_smoke_pipeline.py
[2026-01-01T05:50:02.905+0000] {processor.py:830} INFO - Processing file /opt/airflow/dags/Copy_smoke_pipeline.py for tasks to queue
[2026-01-01T05:50:02.908+0000] {logging_mixin.py:188} INFO - [2026-01-01T05:50:02.907+0000] {dagbag.py:545} INFO - Filling up the DagBag from /opt/airflow/dags/Copy_smoke_pipeline.py
[2026-01-01T05:50:02.940+0000] {processor.py:840} INFO - DAG(s) 'copy_smoke_test' retrieved from /opt/airflow/dags/Copy_smoke_pipeline.py
[2026-01-01T05:50:03.021+0000] {logging_mixin.py:188} INFO - [2026-01-01T05:50:03.021+0000] {dag.py:3089} INFO - Sync 1 DAGs
[2026-01-01T05:50:03.055+0000] {logging_mixin.py:188} INFO - [2026-01-01T05:50:03.054+0000] {dag.py:3947} INFO - Setting next_dagrun for copy_smoke_test to None, run_after=None
[2026-01-01T05:50:03.113+0000] {processor.py:183} INFO - Processing /opt/airflow/dags/Copy_smoke_pipeline.py took 0.224 seconds
[2026-01-01T05:50:33.748+0000] {processor.py:161} INFO - Started process (PID=13330) to work on /opt/airflow/dags/Copy_smoke_pipeline.py
[2026-01-01T05:50:33.750+0000] {processor.py:830} INFO - Processing file /opt/airflow/dags/Copy_smoke_pipeline.py for tasks to queue
[2026-01-01T05:50:33.752+0000] {logging_mixin.py:188} INFO - [2026-01-01T05:50:33.751+0000] {dagbag.py:545} INFO - Filling up the DagBag from /opt/airflow/dags/Copy_smoke_pipeline.py
[2026-01-01T05:50:33.785+0000] {processor.py:840} INFO - DAG(s) 'copy_smoke_test' retrieved from /opt/airflow/dags/Copy_smoke_pipeline.py
[2026-01-01T05:50:33.841+0000] {logging_mixin.py:188} INFO - [2026-01-01T05:50:33.841+0000] {dag.py:3089} INFO - Sync 1 DAGs
[2026-01-01T05:50:33.863+0000] {logging_mixin.py:188} INFO - [2026-01-01T05:50:33.862+0000] {dag.py:3947} INFO - Setting next_dagrun for copy_smoke_test to None, run_after=None
[2026-01-01T05:50:33.896+0000] {processor.py:183} INFO - Processing /opt/airflow/dags/Copy_smoke_pipeline.py took 0.161 seconds
[2026-01-01T05:51:04.565+0000] {processor.py:161} INFO - Started process (PID=13355) to work on /opt/airflow/dags/Copy_smoke_pipeline.py
[2026-01-01T05:51:04.568+0000] {processor.py:830} INFO - Processing file /opt/airflow/dags/Copy_smoke_pipeline.py for tasks to queue
[2026-01-01T05:51:04.570+0000] {logging_mixin.py:188} INFO - [2026-01-01T05:51:04.569+0000] {dagbag.py:545} INFO - Filling up the DagBag from /opt/airflow/dags/Copy_smoke_pipeline.py
[2026-01-01T05:51:04.601+0000] {processor.py:840} INFO - DAG(s) 'copy_smoke_test' retrieved from /opt/airflow/dags/Copy_smoke_pipeline.py
[2026-01-01T05:51:04.745+0000] {logging_mixin.py:188} INFO - [2026-01-01T05:51:04.745+0000] {dag.py:3089} INFO - Sync 1 DAGs
[2026-01-01T05:51:04.770+0000] {logging_mixin.py:188} INFO - [2026-01-01T05:51:04.769+0000] {dag.py:3947} INFO - Setting next_dagrun for copy_smoke_test to None, run_after=None
[2026-01-01T05:51:04.801+0000] {processor.py:183} INFO - Processing /opt/airflow/dags/Copy_smoke_pipeline.py took 0.250 seconds
[2026-01-01T05:51:35.338+0000] {processor.py:161} INFO - Started process (PID=13380) to work on /opt/airflow/dags/Copy_smoke_pipeline.py
[2026-01-01T05:51:35.340+0000] {processor.py:830} INFO - Processing file /opt/airflow/dags/Copy_smoke_pipeline.py for tasks to queue
[2026-01-01T05:51:35.342+0000] {logging_mixin.py:188} INFO - [2026-01-01T05:51:35.342+0000] {dagbag.py:545} INFO - Filling up the DagBag from /opt/airflow/dags/Copy_smoke_pipeline.py
[2026-01-01T05:51:35.389+0000] {processor.py:840} INFO - DAG(s) 'copy_smoke_test' retrieved from /opt/airflow/dags/Copy_smoke_pipeline.py
[2026-01-01T05:51:35.464+0000] {logging_mixin.py:188} INFO - [2026-01-01T05:51:35.464+0000] {dag.py:3089} INFO - Sync 1 DAGs
[2026-01-01T05:51:35.495+0000] {logging_mixin.py:188} INFO - [2026-01-01T05:51:35.495+0000] {dag.py:3947} INFO - Setting next_dagrun for copy_smoke_test to None, run_after=None
[2026-01-01T05:51:35.540+0000] {processor.py:183} INFO - Processing /opt/airflow/dags/Copy_smoke_pipeline.py took 0.220 seconds
[2026-01-01T05:52:06.236+0000] {processor.py:161} INFO - Started process (PID=13405) to work on /opt/airflow/dags/Copy_smoke_pipeline.py
[2026-01-01T05:52:06.240+0000] {processor.py:830} INFO - Processing file /opt/airflow/dags/Copy_smoke_pipeline.py for tasks to queue
[2026-01-01T05:52:06.242+0000] {logging_mixin.py:188} INFO - [2026-01-01T05:52:06.241+0000] {dagbag.py:545} INFO - Filling up the DagBag from /opt/airflow/dags/Copy_smoke_pipeline.py
[2026-01-01T05:52:06.280+0000] {processor.py:840} INFO - DAG(s) 'copy_smoke_test' retrieved from /opt/airflow/dags/Copy_smoke_pipeline.py
[2026-01-01T05:52:06.352+0000] {logging_mixin.py:188} INFO - [2026-01-01T05:52:06.351+0000] {dag.py:3089} INFO - Sync 1 DAGs
[2026-01-01T05:52:06.376+0000] {logging_mixin.py:188} INFO - [2026-01-01T05:52:06.376+0000] {dag.py:3947} INFO - Setting next_dagrun for copy_smoke_test to None, run_after=None
[2026-01-01T05:52:06.411+0000] {processor.py:183} INFO - Processing /opt/airflow/dags/Copy_smoke_pipeline.py took 0.193 seconds
[2026-01-01T05:52:37.231+0000] {processor.py:161} INFO - Started process (PID=13430) to work on /opt/airflow/dags/Copy_smoke_pipeline.py
[2026-01-01T05:52:37.235+0000] {processor.py:830} INFO - Processing file /opt/airflow/dags/Copy_smoke_pipeline.py for tasks to queue
[2026-01-01T05:52:37.237+0000] {logging_mixin.py:188} INFO - [2026-01-01T05:52:37.237+0000] {dagbag.py:545} INFO - Filling up the DagBag from /opt/airflow/dags/Copy_smoke_pipeline.py
[2026-01-01T05:52:37.287+0000] {processor.py:840} INFO - DAG(s) 'copy_smoke_test' retrieved from /opt/airflow/dags/Copy_smoke_pipeline.py
[2026-01-01T05:52:37.380+0000] {logging_mixin.py:188} INFO - [2026-01-01T05:52:37.380+0000] {dag.py:3089} INFO - Sync 1 DAGs
[2026-01-01T05:52:37.413+0000] {logging_mixin.py:188} INFO - [2026-01-01T05:52:37.413+0000] {dag.py:3947} INFO - Setting next_dagrun for copy_smoke_test to None, run_after=None
[2026-01-01T05:52:37.466+0000] {processor.py:183} INFO - Processing /opt/airflow/dags/Copy_smoke_pipeline.py took 0.256 seconds
[2026-01-01T05:53:08.113+0000] {processor.py:161} INFO - Started process (PID=13455) to work on /opt/airflow/dags/Copy_smoke_pipeline.py
[2026-01-01T05:53:08.115+0000] {processor.py:830} INFO - Processing file /opt/airflow/dags/Copy_smoke_pipeline.py for tasks to queue
[2026-01-01T05:53:08.118+0000] {logging_mixin.py:188} INFO - [2026-01-01T05:53:08.117+0000] {dagbag.py:545} INFO - Filling up the DagBag from /opt/airflow/dags/Copy_smoke_pipeline.py
[2026-01-01T05:53:08.161+0000] {processor.py:840} INFO - DAG(s) 'copy_smoke_test' retrieved from /opt/airflow/dags/Copy_smoke_pipeline.py
[2026-01-01T05:53:08.246+0000] {logging_mixin.py:188} INFO - [2026-01-01T05:53:08.245+0000] {dag.py:3089} INFO - Sync 1 DAGs
[2026-01-01T05:53:08.274+0000] {logging_mixin.py:188} INFO - [2026-01-01T05:53:08.273+0000] {dag.py:3947} INFO - Setting next_dagrun for copy_smoke_test to None, run_after=None
[2026-01-01T05:53:08.322+0000] {processor.py:183} INFO - Processing /opt/airflow/dags/Copy_smoke_pipeline.py took 0.230 seconds
[2026-01-01T05:53:38.910+0000] {processor.py:161} INFO - Started process (PID=13480) to work on /opt/airflow/dags/Copy_smoke_pipeline.py
[2026-01-01T05:53:38.911+0000] {processor.py:830} INFO - Processing file /opt/airflow/dags/Copy_smoke_pipeline.py for tasks to queue
[2026-01-01T05:53:38.912+0000] {logging_mixin.py:188} INFO - [2026-01-01T05:53:38.912+0000] {dagbag.py:545} INFO - Filling up the DagBag from /opt/airflow/dags/Copy_smoke_pipeline.py
[2026-01-01T05:53:38.940+0000] {processor.py:840} INFO - DAG(s) 'copy_smoke_test' retrieved from /opt/airflow/dags/Copy_smoke_pipeline.py
[2026-01-01T05:53:38.982+0000] {logging_mixin.py:188} INFO - [2026-01-01T05:53:38.982+0000] {dag.py:3089} INFO - Sync 1 DAGs
[2026-01-01T05:53:38.997+0000] {logging_mixin.py:188} INFO - [2026-01-01T05:53:38.996+0000] {dag.py:3947} INFO - Setting next_dagrun for copy_smoke_test to None, run_after=None
[2026-01-01T05:53:39.024+0000] {processor.py:183} INFO - Processing /opt/airflow/dags/Copy_smoke_pipeline.py took 0.125 seconds
[2026-01-01T05:54:09.725+0000] {processor.py:161} INFO - Started process (PID=13505) to work on /opt/airflow/dags/Copy_smoke_pipeline.py
[2026-01-01T05:54:09.727+0000] {processor.py:830} INFO - Processing file /opt/airflow/dags/Copy_smoke_pipeline.py for tasks to queue
[2026-01-01T05:54:09.728+0000] {logging_mixin.py:188} INFO - [2026-01-01T05:54:09.728+0000] {dagbag.py:545} INFO - Filling up the DagBag from /opt/airflow/dags/Copy_smoke_pipeline.py
[2026-01-01T05:54:09.757+0000] {processor.py:840} INFO - DAG(s) 'copy_smoke_test' retrieved from /opt/airflow/dags/Copy_smoke_pipeline.py
[2026-01-01T05:54:09.806+0000] {logging_mixin.py:188} INFO - [2026-01-01T05:54:09.805+0000] {dag.py:3089} INFO - Sync 1 DAGs
[2026-01-01T05:54:09.820+0000] {logging_mixin.py:188} INFO - [2026-01-01T05:54:09.820+0000] {dag.py:3947} INFO - Setting next_dagrun for copy_smoke_test to None, run_after=None
[2026-01-01T05:54:09.854+0000] {processor.py:183} INFO - Processing /opt/airflow/dags/Copy_smoke_pipeline.py took 0.140 seconds
[2026-01-01T05:54:40.427+0000] {processor.py:161} INFO - Started process (PID=13530) to work on /opt/airflow/dags/Copy_smoke_pipeline.py
[2026-01-01T05:54:40.428+0000] {processor.py:830} INFO - Processing file /opt/airflow/dags/Copy_smoke_pipeline.py for tasks to queue
[2026-01-01T05:54:40.430+0000] {logging_mixin.py:188} INFO - [2026-01-01T05:54:40.429+0000] {dagbag.py:545} INFO - Filling up the DagBag from /opt/airflow/dags/Copy_smoke_pipeline.py
[2026-01-01T05:54:40.456+0000] {processor.py:840} INFO - DAG(s) 'copy_smoke_test' retrieved from /opt/airflow/dags/Copy_smoke_pipeline.py
[2026-01-01T05:54:40.500+0000] {logging_mixin.py:188} INFO - [2026-01-01T05:54:40.500+0000] {dag.py:3089} INFO - Sync 1 DAGs
[2026-01-01T05:54:40.517+0000] {logging_mixin.py:188} INFO - [2026-01-01T05:54:40.516+0000] {dag.py:3947} INFO - Setting next_dagrun for copy_smoke_test to None, run_after=None
[2026-01-01T05:54:40.541+0000] {processor.py:183} INFO - Processing /opt/airflow/dags/Copy_smoke_pipeline.py took 0.125 seconds
[2026-01-01T05:55:11.245+0000] {processor.py:161} INFO - Started process (PID=13555) to work on /opt/airflow/dags/Copy_smoke_pipeline.py
[2026-01-01T05:55:11.247+0000] {processor.py:830} INFO - Processing file /opt/airflow/dags/Copy_smoke_pipeline.py for tasks to queue
[2026-01-01T05:55:11.249+0000] {logging_mixin.py:188} INFO - [2026-01-01T05:55:11.249+0000] {dagbag.py:545} INFO - Filling up the DagBag from /opt/airflow/dags/Copy_smoke_pipeline.py
[2026-01-01T05:55:11.282+0000] {processor.py:840} INFO - DAG(s) 'copy_smoke_test' retrieved from /opt/airflow/dags/Copy_smoke_pipeline.py
[2026-01-01T05:55:11.353+0000] {logging_mixin.py:188} INFO - [2026-01-01T05:55:11.352+0000] {dag.py:3089} INFO - Sync 1 DAGs
[2026-01-01T05:55:11.375+0000] {logging_mixin.py:188} INFO - [2026-01-01T05:55:11.374+0000] {dag.py:3947} INFO - Setting next_dagrun for copy_smoke_test to None, run_after=None
[2026-01-01T05:55:11.412+0000] {processor.py:183} INFO - Processing /opt/airflow/dags/Copy_smoke_pipeline.py took 0.181 seconds
[2026-01-01T05:55:42.082+0000] {processor.py:161} INFO - Started process (PID=13580) to work on /opt/airflow/dags/Copy_smoke_pipeline.py
[2026-01-01T05:55:42.083+0000] {processor.py:830} INFO - Processing file /opt/airflow/dags/Copy_smoke_pipeline.py for tasks to queue
[2026-01-01T05:55:42.085+0000] {logging_mixin.py:188} INFO - [2026-01-01T05:55:42.085+0000] {dagbag.py:545} INFO - Filling up the DagBag from /opt/airflow/dags/Copy_smoke_pipeline.py
[2026-01-01T05:55:42.115+0000] {processor.py:840} INFO - DAG(s) 'copy_smoke_test' retrieved from /opt/airflow/dags/Copy_smoke_pipeline.py
[2026-01-01T05:55:42.166+0000] {logging_mixin.py:188} INFO - [2026-01-01T05:55:42.166+0000] {dag.py:3089} INFO - Sync 1 DAGs
[2026-01-01T05:55:42.182+0000] {logging_mixin.py:188} INFO - [2026-01-01T05:55:42.182+0000] {dag.py:3947} INFO - Setting next_dagrun for copy_smoke_test to None, run_after=None
[2026-01-01T05:55:42.208+0000] {processor.py:183} INFO - Processing /opt/airflow/dags/Copy_smoke_pipeline.py took 0.135 seconds
[2026-01-01T05:56:12.958+0000] {processor.py:161} INFO - Started process (PID=13605) to work on /opt/airflow/dags/Copy_smoke_pipeline.py
[2026-01-01T05:56:12.960+0000] {processor.py:830} INFO - Processing file /opt/airflow/dags/Copy_smoke_pipeline.py for tasks to queue
[2026-01-01T05:56:12.962+0000] {logging_mixin.py:188} INFO - [2026-01-01T05:56:12.961+0000] {dagbag.py:545} INFO - Filling up the DagBag from /opt/airflow/dags/Copy_smoke_pipeline.py
[2026-01-01T05:56:12.992+0000] {processor.py:840} INFO - DAG(s) 'copy_smoke_test' retrieved from /opt/airflow/dags/Copy_smoke_pipeline.py
[2026-01-01T05:56:13.041+0000] {logging_mixin.py:188} INFO - [2026-01-01T05:56:13.040+0000] {dag.py:3089} INFO - Sync 1 DAGs
[2026-01-01T05:56:13.062+0000] {logging_mixin.py:188} INFO - [2026-01-01T05:56:13.061+0000] {dag.py:3947} INFO - Setting next_dagrun for copy_smoke_test to None, run_after=None
[2026-01-01T05:56:13.092+0000] {processor.py:183} INFO - Processing /opt/airflow/dags/Copy_smoke_pipeline.py took 0.144 seconds
[2026-01-01T05:56:43.631+0000] {processor.py:161} INFO - Started process (PID=13630) to work on /opt/airflow/dags/Copy_smoke_pipeline.py
[2026-01-01T05:56:43.633+0000] {processor.py:830} INFO - Processing file /opt/airflow/dags/Copy_smoke_pipeline.py for tasks to queue
[2026-01-01T05:56:43.634+0000] {logging_mixin.py:188} INFO - [2026-01-01T05:56:43.634+0000] {dagbag.py:545} INFO - Filling up the DagBag from /opt/airflow/dags/Copy_smoke_pipeline.py
[2026-01-01T05:56:43.661+0000] {processor.py:840} INFO - DAG(s) 'copy_smoke_test' retrieved from /opt/airflow/dags/Copy_smoke_pipeline.py
[2026-01-01T05:56:43.724+0000] {logging_mixin.py:188} INFO - [2026-01-01T05:56:43.724+0000] {dag.py:3089} INFO - Sync 1 DAGs
[2026-01-01T05:56:43.742+0000] {logging_mixin.py:188} INFO - [2026-01-01T05:56:43.741+0000] {dag.py:3947} INFO - Setting next_dagrun for copy_smoke_test to None, run_after=None
[2026-01-01T05:56:43.770+0000] {processor.py:183} INFO - Processing /opt/airflow/dags/Copy_smoke_pipeline.py took 0.148 seconds
[2026-01-01T05:57:14.421+0000] {processor.py:161} INFO - Started process (PID=13655) to work on /opt/airflow/dags/Copy_smoke_pipeline.py
[2026-01-01T05:57:14.423+0000] {processor.py:830} INFO - Processing file /opt/airflow/dags/Copy_smoke_pipeline.py for tasks to queue
[2026-01-01T05:57:14.424+0000] {logging_mixin.py:188} INFO - [2026-01-01T05:57:14.424+0000] {dagbag.py:545} INFO - Filling up the DagBag from /opt/airflow/dags/Copy_smoke_pipeline.py
[2026-01-01T05:57:14.453+0000] {processor.py:840} INFO - DAG(s) 'copy_smoke_test' retrieved from /opt/airflow/dags/Copy_smoke_pipeline.py
[2026-01-01T05:57:14.511+0000] {logging_mixin.py:188} INFO - [2026-01-01T05:57:14.511+0000] {dag.py:3089} INFO - Sync 1 DAGs
[2026-01-01T05:57:14.530+0000] {logging_mixin.py:188} INFO - [2026-01-01T05:57:14.530+0000] {dag.py:3947} INFO - Setting next_dagrun for copy_smoke_test to None, run_after=None
[2026-01-01T05:57:14.563+0000] {processor.py:183} INFO - Processing /opt/airflow/dags/Copy_smoke_pipeline.py took 0.151 seconds
[2026-01-01T05:57:45.228+0000] {processor.py:161} INFO - Started process (PID=13680) to work on /opt/airflow/dags/Copy_smoke_pipeline.py
[2026-01-01T05:57:45.230+0000] {processor.py:830} INFO - Processing file /opt/airflow/dags/Copy_smoke_pipeline.py for tasks to queue
[2026-01-01T05:57:45.231+0000] {logging_mixin.py:188} INFO - [2026-01-01T05:57:45.231+0000] {dagbag.py:545} INFO - Filling up the DagBag from /opt/airflow/dags/Copy_smoke_pipeline.py
[2026-01-01T05:57:45.262+0000] {processor.py:840} INFO - DAG(s) 'copy_smoke_test' retrieved from /opt/airflow/dags/Copy_smoke_pipeline.py
[2026-01-01T05:57:45.318+0000] {logging_mixin.py:188} INFO - [2026-01-01T05:57:45.318+0000] {dag.py:3089} INFO - Sync 1 DAGs
[2026-01-01T05:57:45.334+0000] {logging_mixin.py:188} INFO - [2026-01-01T05:57:45.333+0000] {dag.py:3947} INFO - Setting next_dagrun for copy_smoke_test to None, run_after=None
[2026-01-01T05:57:45.366+0000] {processor.py:183} INFO - Processing /opt/airflow/dags/Copy_smoke_pipeline.py took 0.151 seconds
[2026-01-01T05:58:15.997+0000] {processor.py:161} INFO - Started process (PID=13705) to work on /opt/airflow/dags/Copy_smoke_pipeline.py
[2026-01-01T05:58:15.999+0000] {processor.py:830} INFO - Processing file /opt/airflow/dags/Copy_smoke_pipeline.py for tasks to queue
[2026-01-01T05:58:16.004+0000] {logging_mixin.py:188} INFO - [2026-01-01T05:58:16.002+0000] {dagbag.py:545} INFO - Filling up the DagBag from /opt/airflow/dags/Copy_smoke_pipeline.py
[2026-01-01T05:58:16.036+0000] {processor.py:840} INFO - DAG(s) 'copy_smoke_test' retrieved from /opt/airflow/dags/Copy_smoke_pipeline.py
[2026-01-01T05:58:16.090+0000] {logging_mixin.py:188} INFO - [2026-01-01T05:58:16.089+0000] {dag.py:3089} INFO - Sync 1 DAGs
[2026-01-01T05:58:16.110+0000] {logging_mixin.py:188} INFO - [2026-01-01T05:58:16.109+0000] {dag.py:3947} INFO - Setting next_dagrun for copy_smoke_test to None, run_after=None
[2026-01-01T05:58:16.135+0000] {processor.py:183} INFO - Processing /opt/airflow/dags/Copy_smoke_pipeline.py took 0.151 seconds
[2026-01-01T05:58:46.764+0000] {processor.py:161} INFO - Started process (PID=13730) to work on /opt/airflow/dags/Copy_smoke_pipeline.py
[2026-01-01T05:58:46.765+0000] {processor.py:830} INFO - Processing file /opt/airflow/dags/Copy_smoke_pipeline.py for tasks to queue
[2026-01-01T05:58:46.767+0000] {logging_mixin.py:188} INFO - [2026-01-01T05:58:46.766+0000] {dagbag.py:545} INFO - Filling up the DagBag from /opt/airflow/dags/Copy_smoke_pipeline.py
[2026-01-01T05:58:46.793+0000] {processor.py:840} INFO - DAG(s) 'copy_smoke_test' retrieved from /opt/airflow/dags/Copy_smoke_pipeline.py
[2026-01-01T05:58:46.836+0000] {logging_mixin.py:188} INFO - [2026-01-01T05:58:46.836+0000] {dag.py:3089} INFO - Sync 1 DAGs
[2026-01-01T05:58:46.851+0000] {logging_mixin.py:188} INFO - [2026-01-01T05:58:46.851+0000] {dag.py:3947} INFO - Setting next_dagrun for copy_smoke_test to None, run_after=None
[2026-01-01T05:58:46.876+0000] {processor.py:183} INFO - Processing /opt/airflow/dags/Copy_smoke_pipeline.py took 0.120 seconds
[2026-01-01T05:59:17.006+0000] {processor.py:161} INFO - Started process (PID=13755) to work on /opt/airflow/dags/Copy_smoke_pipeline.py
[2026-01-01T05:59:17.008+0000] {processor.py:830} INFO - Processing file /opt/airflow/dags/Copy_smoke_pipeline.py for tasks to queue
[2026-01-01T05:59:17.009+0000] {logging_mixin.py:188} INFO - [2026-01-01T05:59:17.009+0000] {dagbag.py:545} INFO - Filling up the DagBag from /opt/airflow/dags/Copy_smoke_pipeline.py
[2026-01-01T05:59:17.037+0000] {processor.py:840} INFO - DAG(s) 'copy_smoke_test' retrieved from /opt/airflow/dags/Copy_smoke_pipeline.py
[2026-01-01T05:59:17.081+0000] {logging_mixin.py:188} INFO - [2026-01-01T05:59:17.080+0000] {dag.py:3089} INFO - Sync 1 DAGs
[2026-01-01T05:59:17.095+0000] {logging_mixin.py:188} INFO - [2026-01-01T05:59:17.095+0000] {dag.py:3947} INFO - Setting next_dagrun for copy_smoke_test to None, run_after=None
[2026-01-01T05:59:17.124+0000] {processor.py:183} INFO - Processing /opt/airflow/dags/Copy_smoke_pipeline.py took 0.127 seconds
[2026-01-01T05:59:47.658+0000] {processor.py:161} INFO - Started process (PID=13780) to work on /opt/airflow/dags/Copy_smoke_pipeline.py
[2026-01-01T05:59:47.660+0000] {processor.py:830} INFO - Processing file /opt/airflow/dags/Copy_smoke_pipeline.py for tasks to queue
[2026-01-01T05:59:47.663+0000] {logging_mixin.py:188} INFO - [2026-01-01T05:59:47.662+0000] {dagbag.py:545} INFO - Filling up the DagBag from /opt/airflow/dags/Copy_smoke_pipeline.py
[2026-01-01T05:59:47.711+0000] {processor.py:840} INFO - DAG(s) 'copy_smoke_test' retrieved from /opt/airflow/dags/Copy_smoke_pipeline.py
[2026-01-01T05:59:47.775+0000] {logging_mixin.py:188} INFO - [2026-01-01T05:59:47.774+0000] {dag.py:3089} INFO - Sync 1 DAGs
[2026-01-01T05:59:47.792+0000] {logging_mixin.py:188} INFO - [2026-01-01T05:59:47.792+0000] {dag.py:3947} INFO - Setting next_dagrun for copy_smoke_test to None, run_after=None
[2026-01-01T05:59:47.817+0000] {processor.py:183} INFO - Processing /opt/airflow/dags/Copy_smoke_pipeline.py took 0.176 seconds
[2026-01-01T06:00:18.398+0000] {processor.py:161} INFO - Started process (PID=13805) to work on /opt/airflow/dags/Copy_smoke_pipeline.py
[2026-01-01T06:00:18.400+0000] {processor.py:830} INFO - Processing file /opt/airflow/dags/Copy_smoke_pipeline.py for tasks to queue
[2026-01-01T06:00:18.402+0000] {logging_mixin.py:188} INFO - [2026-01-01T06:00:18.402+0000] {dagbag.py:545} INFO - Filling up the DagBag from /opt/airflow/dags/Copy_smoke_pipeline.py
[2026-01-01T06:00:18.442+0000] {processor.py:840} INFO - DAG(s) 'copy_smoke_test' retrieved from /opt/airflow/dags/Copy_smoke_pipeline.py
[2026-01-01T06:00:18.512+0000] {logging_mixin.py:188} INFO - [2026-01-01T06:00:18.512+0000] {dag.py:3089} INFO - Sync 1 DAGs
[2026-01-01T06:00:18.538+0000] {logging_mixin.py:188} INFO - [2026-01-01T06:00:18.537+0000] {dag.py:3947} INFO - Setting next_dagrun for copy_smoke_test to None, run_after=None
[2026-01-01T06:00:18.576+0000] {processor.py:183} INFO - Processing /opt/airflow/dags/Copy_smoke_pipeline.py took 0.200 seconds
[2026-01-01T06:00:49.275+0000] {processor.py:161} INFO - Started process (PID=13830) to work on /opt/airflow/dags/Copy_smoke_pipeline.py
[2026-01-01T06:00:49.278+0000] {processor.py:830} INFO - Processing file /opt/airflow/dags/Copy_smoke_pipeline.py for tasks to queue
[2026-01-01T06:00:49.282+0000] {logging_mixin.py:188} INFO - [2026-01-01T06:00:49.281+0000] {dagbag.py:545} INFO - Filling up the DagBag from /opt/airflow/dags/Copy_smoke_pipeline.py
[2026-01-01T06:00:49.316+0000] {processor.py:840} INFO - DAG(s) 'copy_smoke_test' retrieved from /opt/airflow/dags/Copy_smoke_pipeline.py
[2026-01-01T06:00:49.365+0000] {logging_mixin.py:188} INFO - [2026-01-01T06:00:49.365+0000] {dag.py:3089} INFO - Sync 1 DAGs
[2026-01-01T06:00:49.392+0000] {logging_mixin.py:188} INFO - [2026-01-01T06:00:49.391+0000] {dag.py:3947} INFO - Setting next_dagrun for copy_smoke_test to None, run_after=None
[2026-01-01T06:00:49.426+0000] {processor.py:183} INFO - Processing /opt/airflow/dags/Copy_smoke_pipeline.py took 0.167 seconds
[2026-01-01T06:01:20.228+0000] {processor.py:161} INFO - Started process (PID=13855) to work on /opt/airflow/dags/Copy_smoke_pipeline.py
[2026-01-01T06:01:20.229+0000] {processor.py:830} INFO - Processing file /opt/airflow/dags/Copy_smoke_pipeline.py for tasks to queue
[2026-01-01T06:01:20.230+0000] {logging_mixin.py:188} INFO - [2026-01-01T06:01:20.230+0000] {dagbag.py:545} INFO - Filling up the DagBag from /opt/airflow/dags/Copy_smoke_pipeline.py
[2026-01-01T06:01:20.256+0000] {processor.py:840} INFO - DAG(s) 'copy_smoke_test' retrieved from /opt/airflow/dags/Copy_smoke_pipeline.py
[2026-01-01T06:01:20.307+0000] {logging_mixin.py:188} INFO - [2026-01-01T06:01:20.306+0000] {dag.py:3089} INFO - Sync 1 DAGs
[2026-01-01T06:01:20.321+0000] {logging_mixin.py:188} INFO - [2026-01-01T06:01:20.321+0000] {dag.py:3947} INFO - Setting next_dagrun for copy_smoke_test to None, run_after=None
[2026-01-01T06:01:20.346+0000] {processor.py:183} INFO - Processing /opt/airflow/dags/Copy_smoke_pipeline.py took 0.129 seconds
[2026-01-01T06:01:51.028+0000] {processor.py:161} INFO - Started process (PID=13880) to work on /opt/airflow/dags/Copy_smoke_pipeline.py
[2026-01-01T06:01:51.032+0000] {processor.py:830} INFO - Processing file /opt/airflow/dags/Copy_smoke_pipeline.py for tasks to queue
[2026-01-01T06:01:51.035+0000] {logging_mixin.py:188} INFO - [2026-01-01T06:01:51.034+0000] {dagbag.py:545} INFO - Filling up the DagBag from /opt/airflow/dags/Copy_smoke_pipeline.py
[2026-01-01T06:01:51.081+0000] {processor.py:840} INFO - DAG(s) 'copy_smoke_test' retrieved from /opt/airflow/dags/Copy_smoke_pipeline.py
[2026-01-01T06:01:51.159+0000] {logging_mixin.py:188} INFO - [2026-01-01T06:01:51.159+0000] {dag.py:3089} INFO - Sync 1 DAGs
[2026-01-01T06:01:51.186+0000] {logging_mixin.py:188} INFO - [2026-01-01T06:01:51.186+0000] {dag.py:3947} INFO - Setting next_dagrun for copy_smoke_test to None, run_after=None
[2026-01-01T06:01:51.218+0000] {processor.py:183} INFO - Processing /opt/airflow/dags/Copy_smoke_pipeline.py took 0.203 seconds
[2026-01-01T06:02:21.991+0000] {processor.py:161} INFO - Started process (PID=13905) to work on /opt/airflow/dags/Copy_smoke_pipeline.py
[2026-01-01T06:02:22.057+0000] {processor.py:830} INFO - Processing file /opt/airflow/dags/Copy_smoke_pipeline.py for tasks to queue
[2026-01-01T06:02:22.060+0000] {logging_mixin.py:188} INFO - [2026-01-01T06:02:22.059+0000] {dagbag.py:545} INFO - Filling up the DagBag from /opt/airflow/dags/Copy_smoke_pipeline.py
[2026-01-01T06:02:22.100+0000] {processor.py:840} INFO - DAG(s) 'copy_smoke_test' retrieved from /opt/airflow/dags/Copy_smoke_pipeline.py
[2026-01-01T06:02:22.179+0000] {logging_mixin.py:188} INFO - [2026-01-01T06:02:22.179+0000] {dag.py:3089} INFO - Sync 1 DAGs
[2026-01-01T06:02:22.203+0000] {logging_mixin.py:188} INFO - [2026-01-01T06:02:22.203+0000] {dag.py:3947} INFO - Setting next_dagrun for copy_smoke_test to None, run_after=None
[2026-01-01T06:02:22.256+0000] {processor.py:183} INFO - Processing /opt/airflow/dags/Copy_smoke_pipeline.py took 0.276 seconds
[2026-01-01T06:02:52.815+0000] {processor.py:161} INFO - Started process (PID=13930) to work on /opt/airflow/dags/Copy_smoke_pipeline.py
[2026-01-01T06:02:52.817+0000] {processor.py:830} INFO - Processing file /opt/airflow/dags/Copy_smoke_pipeline.py for tasks to queue
[2026-01-01T06:02:52.818+0000] {logging_mixin.py:188} INFO - [2026-01-01T06:02:52.817+0000] {dagbag.py:545} INFO - Filling up the DagBag from /opt/airflow/dags/Copy_smoke_pipeline.py
[2026-01-01T06:02:52.844+0000] {processor.py:840} INFO - DAG(s) 'copy_smoke_test' retrieved from /opt/airflow/dags/Copy_smoke_pipeline.py
[2026-01-01T06:02:52.896+0000] {logging_mixin.py:188} INFO - [2026-01-01T06:02:52.896+0000] {dag.py:3089} INFO - Sync 1 DAGs
[2026-01-01T06:02:52.914+0000] {logging_mixin.py:188} INFO - [2026-01-01T06:02:52.913+0000] {dag.py:3947} INFO - Setting next_dagrun for copy_smoke_test to None, run_after=None
[2026-01-01T06:02:52.942+0000] {processor.py:183} INFO - Processing /opt/airflow/dags/Copy_smoke_pipeline.py took 0.138 seconds
[2026-01-01T06:03:23.506+0000] {processor.py:161} INFO - Started process (PID=13955) to work on /opt/airflow/dags/Copy_smoke_pipeline.py
[2026-01-01T06:03:23.508+0000] {processor.py:830} INFO - Processing file /opt/airflow/dags/Copy_smoke_pipeline.py for tasks to queue
[2026-01-01T06:03:23.509+0000] {logging_mixin.py:188} INFO - [2026-01-01T06:03:23.509+0000] {dagbag.py:545} INFO - Filling up the DagBag from /opt/airflow/dags/Copy_smoke_pipeline.py
[2026-01-01T06:03:23.533+0000] {processor.py:840} INFO - DAG(s) 'copy_smoke_test' retrieved from /opt/airflow/dags/Copy_smoke_pipeline.py
[2026-01-01T06:03:23.586+0000] {logging_mixin.py:188} INFO - [2026-01-01T06:03:23.585+0000] {dag.py:3089} INFO - Sync 1 DAGs
[2026-01-01T06:03:23.602+0000] {logging_mixin.py:188} INFO - [2026-01-01T06:03:23.601+0000] {dag.py:3947} INFO - Setting next_dagrun for copy_smoke_test to None, run_after=None
[2026-01-01T06:03:23.629+0000] {processor.py:183} INFO - Processing /opt/airflow/dags/Copy_smoke_pipeline.py took 0.130 seconds
[2026-01-01T06:03:54.234+0000] {processor.py:161} INFO - Started process (PID=13980) to work on /opt/airflow/dags/Copy_smoke_pipeline.py
[2026-01-01T06:03:54.236+0000] {processor.py:830} INFO - Processing file /opt/airflow/dags/Copy_smoke_pipeline.py for tasks to queue
[2026-01-01T06:03:54.238+0000] {logging_mixin.py:188} INFO - [2026-01-01T06:03:54.237+0000] {dagbag.py:545} INFO - Filling up the DagBag from /opt/airflow/dags/Copy_smoke_pipeline.py
[2026-01-01T06:03:54.266+0000] {processor.py:840} INFO - DAG(s) 'copy_smoke_test' retrieved from /opt/airflow/dags/Copy_smoke_pipeline.py
[2026-01-01T06:03:54.316+0000] {logging_mixin.py:188} INFO - [2026-01-01T06:03:54.316+0000] {dag.py:3089} INFO - Sync 1 DAGs
[2026-01-01T06:03:54.332+0000] {logging_mixin.py:188} INFO - [2026-01-01T06:03:54.332+0000] {dag.py:3947} INFO - Setting next_dagrun for copy_smoke_test to None, run_after=None
[2026-01-01T06:03:54.360+0000] {processor.py:183} INFO - Processing /opt/airflow/dags/Copy_smoke_pipeline.py took 0.142 seconds
[2026-01-01T06:04:24.976+0000] {processor.py:161} INFO - Started process (PID=14005) to work on /opt/airflow/dags/Copy_smoke_pipeline.py
[2026-01-01T06:04:24.978+0000] {processor.py:830} INFO - Processing file /opt/airflow/dags/Copy_smoke_pipeline.py for tasks to queue
[2026-01-01T06:04:24.982+0000] {logging_mixin.py:188} INFO - [2026-01-01T06:04:24.981+0000] {dagbag.py:545} INFO - Filling up the DagBag from /opt/airflow/dags/Copy_smoke_pipeline.py
[2026-01-01T06:04:25.014+0000] {processor.py:840} INFO - DAG(s) 'copy_smoke_test' retrieved from /opt/airflow/dags/Copy_smoke_pipeline.py
[2026-01-01T06:04:25.067+0000] {logging_mixin.py:188} INFO - [2026-01-01T06:04:25.067+0000] {dag.py:3089} INFO - Sync 1 DAGs
[2026-01-01T06:04:25.082+0000] {logging_mixin.py:188} INFO - [2026-01-01T06:04:25.082+0000] {dag.py:3947} INFO - Setting next_dagrun for copy_smoke_test to None, run_after=None
[2026-01-01T06:04:25.167+0000] {processor.py:183} INFO - Processing /opt/airflow/dags/Copy_smoke_pipeline.py took 0.202 seconds
[2026-01-01T06:04:55.702+0000] {processor.py:161} INFO - Started process (PID=14030) to work on /opt/airflow/dags/Copy_smoke_pipeline.py
[2026-01-01T06:04:55.704+0000] {processor.py:830} INFO - Processing file /opt/airflow/dags/Copy_smoke_pipeline.py for tasks to queue
[2026-01-01T06:04:55.706+0000] {logging_mixin.py:188} INFO - [2026-01-01T06:04:55.705+0000] {dagbag.py:545} INFO - Filling up the DagBag from /opt/airflow/dags/Copy_smoke_pipeline.py
[2026-01-01T06:04:55.764+0000] {processor.py:840} INFO - DAG(s) 'copy_smoke_test' retrieved from /opt/airflow/dags/Copy_smoke_pipeline.py
[2026-01-01T06:04:55.830+0000] {logging_mixin.py:188} INFO - [2026-01-01T06:04:55.830+0000] {dag.py:3089} INFO - Sync 1 DAGs
[2026-01-01T06:04:55.847+0000] {logging_mixin.py:188} INFO - [2026-01-01T06:04:55.847+0000] {dag.py:3947} INFO - Setting next_dagrun for copy_smoke_test to None, run_after=None
[2026-01-01T06:04:55.873+0000] {processor.py:183} INFO - Processing /opt/airflow/dags/Copy_smoke_pipeline.py took 0.181 seconds
[2026-01-01T06:05:26.269+0000] {processor.py:161} INFO - Started process (PID=14055) to work on /opt/airflow/dags/Copy_smoke_pipeline.py
[2026-01-01T06:05:26.271+0000] {processor.py:830} INFO - Processing file /opt/airflow/dags/Copy_smoke_pipeline.py for tasks to queue
[2026-01-01T06:05:26.273+0000] {logging_mixin.py:188} INFO - [2026-01-01T06:05:26.272+0000] {dagbag.py:545} INFO - Filling up the DagBag from /opt/airflow/dags/Copy_smoke_pipeline.py
[2026-01-01T06:05:26.299+0000] {processor.py:840} INFO - DAG(s) 'copy_smoke_test' retrieved from /opt/airflow/dags/Copy_smoke_pipeline.py
[2026-01-01T06:05:26.354+0000] {logging_mixin.py:188} INFO - [2026-01-01T06:05:26.354+0000] {dag.py:3089} INFO - Sync 1 DAGs
[2026-01-01T06:05:26.372+0000] {logging_mixin.py:188} INFO - [2026-01-01T06:05:26.371+0000] {dag.py:3947} INFO - Setting next_dagrun for copy_smoke_test to None, run_after=None
[2026-01-01T06:05:26.404+0000] {processor.py:183} INFO - Processing /opt/airflow/dags/Copy_smoke_pipeline.py took 0.144 seconds
[2026-01-01T06:05:57.118+0000] {processor.py:161} INFO - Started process (PID=14080) to work on /opt/airflow/dags/Copy_smoke_pipeline.py
[2026-01-01T06:05:57.120+0000] {processor.py:830} INFO - Processing file /opt/airflow/dags/Copy_smoke_pipeline.py for tasks to queue
[2026-01-01T06:05:57.124+0000] {logging_mixin.py:188} INFO - [2026-01-01T06:05:57.123+0000] {dagbag.py:545} INFO - Filling up the DagBag from /opt/airflow/dags/Copy_smoke_pipeline.py
[2026-01-01T06:05:57.192+0000] {processor.py:840} INFO - DAG(s) 'copy_smoke_test' retrieved from /opt/airflow/dags/Copy_smoke_pipeline.py
[2026-01-01T06:05:57.276+0000] {logging_mixin.py:188} INFO - [2026-01-01T06:05:57.275+0000] {dag.py:3089} INFO - Sync 1 DAGs
[2026-01-01T06:05:57.296+0000] {logging_mixin.py:188} INFO - [2026-01-01T06:05:57.296+0000] {dag.py:3947} INFO - Setting next_dagrun for copy_smoke_test to None, run_after=None
[2026-01-01T06:05:57.331+0000] {processor.py:183} INFO - Processing /opt/airflow/dags/Copy_smoke_pipeline.py took 0.236 seconds
[2026-01-01T06:06:28.051+0000] {processor.py:161} INFO - Started process (PID=14105) to work on /opt/airflow/dags/Copy_smoke_pipeline.py
[2026-01-01T06:06:28.052+0000] {processor.py:830} INFO - Processing file /opt/airflow/dags/Copy_smoke_pipeline.py for tasks to queue
[2026-01-01T06:06:28.054+0000] {logging_mixin.py:188} INFO - [2026-01-01T06:06:28.054+0000] {dagbag.py:545} INFO - Filling up the DagBag from /opt/airflow/dags/Copy_smoke_pipeline.py
[2026-01-01T06:06:28.085+0000] {processor.py:840} INFO - DAG(s) 'copy_smoke_test' retrieved from /opt/airflow/dags/Copy_smoke_pipeline.py
[2026-01-01T06:06:28.147+0000] {logging_mixin.py:188} INFO - [2026-01-01T06:06:28.146+0000] {dag.py:3089} INFO - Sync 1 DAGs
[2026-01-01T06:06:28.165+0000] {logging_mixin.py:188} INFO - [2026-01-01T06:06:28.165+0000] {dag.py:3947} INFO - Setting next_dagrun for copy_smoke_test to None, run_after=None
[2026-01-01T06:06:28.349+0000] {processor.py:183} INFO - Processing /opt/airflow/dags/Copy_smoke_pipeline.py took 0.311 seconds
[2026-01-01T06:06:58.492+0000] {processor.py:161} INFO - Started process (PID=14130) to work on /opt/airflow/dags/Copy_smoke_pipeline.py
[2026-01-01T06:06:58.495+0000] {processor.py:830} INFO - Processing file /opt/airflow/dags/Copy_smoke_pipeline.py for tasks to queue
[2026-01-01T06:06:58.498+0000] {logging_mixin.py:188} INFO - [2026-01-01T06:06:58.497+0000] {dagbag.py:545} INFO - Filling up the DagBag from /opt/airflow/dags/Copy_smoke_pipeline.py
[2026-01-01T06:06:58.534+0000] {processor.py:840} INFO - DAG(s) 'copy_smoke_test' retrieved from /opt/airflow/dags/Copy_smoke_pipeline.py
[2026-01-01T06:06:58.616+0000] {logging_mixin.py:188} INFO - [2026-01-01T06:06:58.616+0000] {dag.py:3089} INFO - Sync 1 DAGs
[2026-01-01T06:06:58.656+0000] {logging_mixin.py:188} INFO - [2026-01-01T06:06:58.655+0000] {dag.py:3947} INFO - Setting next_dagrun for copy_smoke_test to None, run_after=None
[2026-01-01T06:06:58.717+0000] {processor.py:183} INFO - Processing /opt/airflow/dags/Copy_smoke_pipeline.py took 0.242 seconds
[2026-01-01T06:07:28.895+0000] {processor.py:161} INFO - Started process (PID=14155) to work on /opt/airflow/dags/Copy_smoke_pipeline.py
[2026-01-01T06:07:28.897+0000] {processor.py:830} INFO - Processing file /opt/airflow/dags/Copy_smoke_pipeline.py for tasks to queue
[2026-01-01T06:07:28.902+0000] {logging_mixin.py:188} INFO - [2026-01-01T06:07:28.901+0000] {dagbag.py:545} INFO - Filling up the DagBag from /opt/airflow/dags/Copy_smoke_pipeline.py
[2026-01-01T06:07:28.942+0000] {processor.py:840} INFO - DAG(s) 'copy_smoke_test' retrieved from /opt/airflow/dags/Copy_smoke_pipeline.py
[2026-01-01T06:07:28.997+0000] {logging_mixin.py:188} INFO - [2026-01-01T06:07:28.997+0000] {dag.py:3089} INFO - Sync 1 DAGs
[2026-01-01T06:07:29.013+0000] {logging_mixin.py:188} INFO - [2026-01-01T06:07:29.013+0000] {dag.py:3947} INFO - Setting next_dagrun for copy_smoke_test to None, run_after=None
[2026-01-01T06:07:29.046+0000] {processor.py:183} INFO - Processing /opt/airflow/dags/Copy_smoke_pipeline.py took 0.173 seconds
[2026-01-01T06:07:59.996+0000] {processor.py:161} INFO - Started process (PID=14180) to work on /opt/airflow/dags/Copy_smoke_pipeline.py
[2026-01-01T06:08:00.001+0000] {processor.py:830} INFO - Processing file /opt/airflow/dags/Copy_smoke_pipeline.py for tasks to queue
[2026-01-01T06:08:00.004+0000] {logging_mixin.py:188} INFO - [2026-01-01T06:08:00.003+0000] {dagbag.py:545} INFO - Filling up the DagBag from /opt/airflow/dags/Copy_smoke_pipeline.py
[2026-01-01T06:08:00.048+0000] {processor.py:840} INFO - DAG(s) 'copy_smoke_test' retrieved from /opt/airflow/dags/Copy_smoke_pipeline.py
[2026-01-01T06:08:00.129+0000] {logging_mixin.py:188} INFO - [2026-01-01T06:08:00.128+0000] {dag.py:3089} INFO - Sync 1 DAGs
[2026-01-01T06:08:00.154+0000] {logging_mixin.py:188} INFO - [2026-01-01T06:08:00.153+0000] {dag.py:3947} INFO - Setting next_dagrun for copy_smoke_test to None, run_after=None
[2026-01-01T06:08:00.204+0000] {processor.py:183} INFO - Processing /opt/airflow/dags/Copy_smoke_pipeline.py took 0.234 seconds
[2026-01-01T06:08:30.687+0000] {processor.py:161} INFO - Started process (PID=14205) to work on /opt/airflow/dags/Copy_smoke_pipeline.py
[2026-01-01T06:08:30.690+0000] {processor.py:830} INFO - Processing file /opt/airflow/dags/Copy_smoke_pipeline.py for tasks to queue
[2026-01-01T06:08:30.692+0000] {logging_mixin.py:188} INFO - [2026-01-01T06:08:30.691+0000] {dagbag.py:545} INFO - Filling up the DagBag from /opt/airflow/dags/Copy_smoke_pipeline.py
[2026-01-01T06:08:30.726+0000] {processor.py:840} INFO - DAG(s) 'copy_smoke_test' retrieved from /opt/airflow/dags/Copy_smoke_pipeline.py
[2026-01-01T06:08:30.796+0000] {logging_mixin.py:188} INFO - [2026-01-01T06:08:30.795+0000] {dag.py:3089} INFO - Sync 1 DAGs
[2026-01-01T06:08:30.820+0000] {logging_mixin.py:188} INFO - [2026-01-01T06:08:30.819+0000] {dag.py:3947} INFO - Setting next_dagrun for copy_smoke_test to None, run_after=None
[2026-01-01T06:08:30.857+0000] {processor.py:183} INFO - Processing /opt/airflow/dags/Copy_smoke_pipeline.py took 0.182 seconds
[2026-01-01T06:09:01.561+0000] {processor.py:161} INFO - Started process (PID=14230) to work on /opt/airflow/dags/Copy_smoke_pipeline.py
[2026-01-01T06:09:01.566+0000] {processor.py:830} INFO - Processing file /opt/airflow/dags/Copy_smoke_pipeline.py for tasks to queue
[2026-01-01T06:09:01.570+0000] {logging_mixin.py:188} INFO - [2026-01-01T06:09:01.568+0000] {dagbag.py:545} INFO - Filling up the DagBag from /opt/airflow/dags/Copy_smoke_pipeline.py
[2026-01-01T06:09:01.606+0000] {processor.py:840} INFO - DAG(s) 'copy_smoke_test' retrieved from /opt/airflow/dags/Copy_smoke_pipeline.py
[2026-01-01T06:09:01.690+0000] {logging_mixin.py:188} INFO - [2026-01-01T06:09:01.690+0000] {dag.py:3089} INFO - Sync 1 DAGs
[2026-01-01T06:09:01.718+0000] {logging_mixin.py:188} INFO - [2026-01-01T06:09:01.717+0000] {dag.py:3947} INFO - Setting next_dagrun for copy_smoke_test to None, run_after=None
[2026-01-01T06:09:01.767+0000] {processor.py:183} INFO - Processing /opt/airflow/dags/Copy_smoke_pipeline.py took 0.219 seconds
